Device Information:,,,,,,,,,,,,,,,,,,,
Name:,AGRICULTR - 2493304,,,,,,,,,,,,,,,,,,
Model:,5500AGL,,,,,,,,,,,,,,,,,,
Serial:,2493304,,,,,,,,,,,,,,,,,,
Firmware:,1.49,,,,,,,,,,,,,,,,,,
Profile Version:,0.09,,,,,,,,,,,,,,,,,,
Hardware Version:,Rev 14,,,,,,,,,,,,,,,,,,
LiNK Version:,1.04.04,,,,,,,,,,,,,,,,,,
,,,,,,,,,,,,,,,,,,,
Time,Temp,Wet Bulb Temp.,Rel. Hum.,Baro.,Altitude,Station P.,Wind Speed,Heat Index,Dew Point,Dens. Alt.,Air Flow,Crosswind,Headwind,Mag. Dir.,True Dir.,Wind Chill,Delta T,Unknown,Unknown
yyyy-MM-dd hh:mm:ss,Celsius,Celsius,%,mb,Meters,mb,m/s,Celsius,Celsius,Meters,m³/sec,m/s,m/s,Degrees,Degrees,Celsius,Celsius,None,None
21/05/2025 13:27,23.3,17.9,59.8,951.5,526,951.5,0,23.2,15.1,1010,0,0,0,96,96,23.3,5.4,70.4,69.9
21/05/2025 13:27,23.3,17.9,59.8,951.5,526,951.5,0,23.2,15.1,1010,0,0,0,96,96,23.3,5.4,70.4,69.9
21/05/2025 13:28,23.3,17.9,59.8,951.4,526,951.4,0,23.1,15.1,1011,0,0,0,96,96,23.2,5.4,70.4,69.9
21/05/2025 13:28,23.3,17.9,59.8,951.4,526,951.4,0,23.2,15.1,1011,0,0,0,95,96,23.3,5.4,70.4,69.9
21/05/2025 13:29,23.3,17.8,59.8,951.4,526,951.4,0,23.2,15,1011,0,0,0,96,96,23.3,5.5,70.4,69.9
21/05/2025 13:29,23.3,17.9,59.8,951.5,526,951.5,0,23.2,15.1,1010,0,0,0,95,96,23.3,5.4,70.4,69.9
21/05/2025 13:30,23.3,17.8,59.8,951.2,526,951.3,0,23.2,15,1013,0,0,0,96,97,23.3,5.5,70.4,69.9
21/05/2025 13:30,23.3,17.9,59.8,951.5,526,951.5,0,23.2,15.1,1010,0,0,0,96,96,23.3,5.4,70.4,69.9
21/05/2025 13:31,23.3,17.8,59.7,951.4,526,951.4,0,23.2,15,1011,0,0,0,95,96,23.3,5.5,70.4,69.9
21/05/2025 13:31,23.3,17.8,59.8,951.4,526,951.4,0,23.2,15,1011,0,0,0,95,96,23.3,5.5,70.4,69.9
21/05/2025 13:32,23.3,17.8,59.8,951.5,526,951.5,0,23.2,15,1010,0,0,0,96,97,23.3,5.5,70.4,69.9
21/05/2025 13:32,23.3,17.8,59.8,951.4,526,951.4,0,23.2,15,1011,0,0,0,95,96,23.3,5.5,70.4,69.9
21/05/2025 13:33,23.3,17.8,59.8,951.4,526,951.4,0,23.2,15,1011,0,0,0,96,97,23.3,5.5,70.4,69.9
21/05/2025 13:33,23.3,17.8,59.7,951.4,526,951.4,0,23.2,15,1011,0,0,0,96,96,23.3,5.5,70.4,69.9
21/05/2025 13:34,23.3,17.9,59.8,951.4,526,951.4,0,23.2,15.1,1011,0,0,0,95,96,23.3,5.4,70.4,69.9
21/05/2025 13:34,23.3,17.8,59.7,951.5,526,951.5,0,23.2,15,1010,0,0,0,95,96,23.3,5.5,70.4,69.9
21/05/2025 13:35,23.3,17.8,59.7,951.4,526,951.4,0,23.2,15,1011,0,0,0,96,97,23.3,5.5,70.4,69.9
21/05/2025 13:35,23.3,17.8,59.8,951.4,526,951.4,0,23.1,15,1011,0,0,0,95,96,23.2,5.5,70.4,69.9
21/05/2025 13:36,23.3,17.8,59.7,951.5,526,951.5,0,23.2,15,1010,0,0,0,96,96,23.3,5.5,70.4,69.9
21/05/2025 13:36,23.3,17.8,59.7,951.2,526,951.3,0,23.2,15,1013,0,0,0,96,96,23.3,5.5,70.4,69.9
21/05/2025 13:37,23.3,17.8,59.8,951.4,526,951.4,0,23.1,15,1011,0,0,0,96,96,23.2,5.5,70.4,69.9
21/05/2025 13:37,23.3,17.8,59.7,951.5,525,951.5,0,23.2,15,1010,0,0,0,96,96,23.3,5.5,70.4,69.9
21/05/2025 13:38,23.3,17.8,59.8,951.5,526,951.5,0,23.2,15,1010,0,0,0,95,96,23.3,5.5,70.4,69.9
21/05/2025 13:38,23.3,17.8,59.8,951.4,526,951.4,0,23.2,15,1011,0,0,0,96,96,23.3,5.5,70.4,69.9
21/05/2025 13:39,23.3,17.8,59.8,951.2,528,951.3,0,23.2,15,1013,0,0,0,95,96,23.3,5.5,70.4,69.9
21/05/2025 13:39,23.3,17.8,59.7,951.2,526,951.3,0,23.2,15,1013,0,0,0,96,96,23.3,5.5,70.4,69.9
21/05/2025 13:40,23.3,17.8,59.8,951.4,526,951.4,0,23.2,15,1011,0,0,0,95,95,23.3,5.5,70.4,69.9
21/05/2025 13:40,23.3,17.8,59.8,951.4,526,951.4,0,23.2,15,1011,0,0,0,96,96,23.3,5.5,70.4,69.9
21/05/2025 13:41,23.3,17.8,59.8,951.4,526,951.4,0,23.2,15,1011,0,0,0,95,96,23.3,5.5,70.4,69.9
21/05/2025 13:41,23.3,17.8,59.8,951.2,526,951.3,0,23.2,15,1013,0,0,0,96,96,23.3,5.5,70.4,69.9
21/05/2025 13:42,23.3,17.9,59.8,951.2,526,951.3,0,23.2,15.1,1013,0,0,0,96,96,23.3,5.4,70.4,69.9
21/05/2025 13:42,23.3,17.9,59.8,951.2,526,951.3,0,23.2,15.1,1013,0,0,0,95,96,23.3,5.4,70.4,69.9
21/05/2025 13:43,23.3,17.9,59.7,951.2,528,951.3,0,23.2,15.1,1014,0,0,0,96,96,23.3,5.4,70.4,69.9
21/05/2025 13:43,23.3,17.9,59.7,951.2,528,951.2,0,23.2,15.1,1015,0,0,0,96,96,23.3,5.4,70.4,69.9
21/05/2025 13:44,23.3,17.9,59.7,951.2,528,951.2,0,23.2,15.1,1015,0,0,0,95,96,23.3,5.4,70.4,69.9
21/05/2025 13:44,23.3,17.9,59.7,951.2,528,951.2,0,23.2,15.1,1015,0,0,0,96,96,23.3,5.4,70.4,69.9
21/05/2025 13:45,23.3,17.9,59.7,951.2,528,951.3,0,23.2,15.1,1014,0,0,0,96,96,23.3,5.4,70.4,69.9
21/05/2025 13:45,23.3,17.9,59.8,951.2,528,951.2,0,23.2,15.1,1015,0,0,0,95,96,23.3,5.4,70.4,69.9
21/05/2025 13:46,23.3,17.9,59.8,951.2,528,951.2,0,23.2,15.1,1015,0,0,0,96,96,23.3,5.4,70.4,69.9
21/05/2025 13:46,23.3,17.9,59.8,951.2,528,951.3,0,23.2,15.1,1014,0,0,0,96,96,23.3,5.4,70.4,69.9
21/05/2025 13:47,23.4,17.9,59.7,951.2,528,951.2,0,23.2,15.1,1016,0,0,0,95,96,23.3,5.5,70.5,70
21/05/2025 13:47,23.4,17.9,59.7,951.2,528,951.2,0,23.2,15.1,1016,0,0,0,95,96,23.3,5.5,70.5,70
21/05/2025 13:48,23.4,17.9,59.8,951.2,528,951.2,0,23.2,15.1,1016,0,0,0,95,96,23.3,5.5,70.5,70
21/05/2025 13:48,23.4,17.9,59.8,951.2,528,951.2,0,23.2,15.1,1016,0,0,0,96,96,23.3,5.5,70.5,70
21/05/2025 13:49,23.4,17.9,59.8,951.2,528,951.2,0,23.2,15.1,1016,0,0,0,95,96,23.3,5.5,70.5,70
21/05/2025 13:49,23.4,17.9,59.8,951.2,528,951.2,0,23.2,15.1,1016,0,0,0,95,96,23.3,5.5,70.5,70
21/05/2025 13:50,23.4,17.9,59.8,951,528,951.1,0,23.2,15.1,1017,0,0,0,95,96,23.3,5.5,70.5,70
21/05/2025 13:50,23.4,17.9,59.8,951.2,528,951.2,0,23.2,15.1,1016,0,0,0,95,96,23.3,5.5,70.5,70
21/05/2025 13:51,23.4,17.9,59.8,951,530,951.1,0,23.2,15.1,1018,0,0,0,95,95,23.3,5.5,70.5,70
21/05/2025 13:51,23.4,17.9,59.8,951,528,951.1,0,23.2,15.1,1018,0,0,0,95,95,23.3,5.5,70.5,70
21/05/2025 13:52,23.4,17.9,59.9,951.2,528,951.2,0,23.2,15.1,1016,0,0,0,95,96,23.3,5.5,70.5,70
21/05/2025 13:52,23.4,17.9,59.9,951,530,951.1,0,23.2,15.1,1018,0,0,0,96,96,23.3,5.5,70.5,70
21/05/2025 13:53,23.4,17.9,59.9,951,528,951.1,0,23.2,15.1,1018,0,0,0,95,96,23.3,5.5,70.5,70
21/05/2025 13:53,23.4,17.9,59.9,951.2,528,951.1,0,23.2,15.1,1018,0,0,0,96,96,23.3,5.5,70.5,70
21/05/2025 13:54,23.4,17.9,59.9,951,530,951.1,0,23.2,15.1,1018,0,0,0,95,96,23.3,5.5,70.5,70
21/05/2025 13:54,23.4,17.9,59.8,951,528,951.1,0,23.2,15.1,1018,0,0,0,96,96,23.3,5.5,70.5,70
21/05/2025 13:55,23.4,17.9,59.9,951,530,951,0,23.2,15.1,1018,0,0,0,95,96,23.3,5.5,70.5,70
21/05/2025 13:55,23.4,17.9,59.8,951,530,951,0,23.2,15.1,1019,0,0,0,95,96,23.3,5.5,70.5,70
21/05/2025 13:56,23.4,18,59.9,951,530,951,0,23.2,15.1,1019,0,0,0,95,96,23.3,5.4,70.5,70
21/05/2025 13:56,23.4,18,59.9,951,530,951,0,23.2,15.1,1019,0,0,0,96,96,23.3,5.4,70.5,70
21/05/2025 13:57,23.4,18,59.9,951,530,951,0,23.2,15.1,1019,0,0,0,96,96,23.3,5.4,70.5,70
21/05/2025 13:57,23.4,17.9,59.8,951,530,951,0,23.2,15.1,1019,0,0,0,95,96,23.3,5.5,70.5,70
21/05/2025 13:58,23.4,18,59.9,951,530,951,0,23.2,15.1,1018,0,0,0,95,96,23.3,5.4,70.5,70
21/05/2025 13:58,23.4,17.9,59.8,951,530,951,0,23.2,15.1,1019,0,0,0,95,96,23.3,5.5,70.5,70
21/05/2025 13:59,23.4,18,59.9,951,530,951,0,23.2,15.1,1019,0,0,0,96,96,23.3,5.4,70.5,70
21/05/2025 13:59,23.4,17.9,59.9,950.9,530,950.9,0,23.2,15.1,1019,0,0,0,96,96,23.3,5.5,70.5,70
21/05/2025 14:00,23.4,17.9,59.8,951,530,951,0,23.2,15.1,1019,0,0,0,95,96,23.3,5.5,70.5,70
21/05/2025 14:00,23.4,17.9,59.8,950.9,531,950.9,0,23.2,15.1,1021,0,0,0,95,95,23.3,5.5,70.5,70
21/05/2025 14:01,23.4,17.9,59.8,951,530,951,0,23.2,15.1,1019,0,0,0,95,95,23.3,5.5,70.5,70
21/05/2025 14:01,23.4,17.9,59.8,950.9,530,950.9,0,23.2,15.1,1021,0,0,0,96,96,23.3,5.5,70.5,70
21/05/2025 14:02,23.4,17.9,59.8,951,530,951,0,23.2,15.1,1019,0,0,0,95,96,23.3,5.5,70.5,70
21/05/2025 14:02,23.4,17.9,59.9,951,530,951.1,0,23.2,15.1,1018,0,0,0,96,96,23.3,5.5,70.5,70
21/05/2025 14:03,23.4,17.9,59.8,951,530,951,0,23.2,15.1,1019,0,0,0,95,96,23.3,5.5,70.5,70
21/05/2025 14:03,23.4,17.9,59.8,951,530,951,0,23.2,15.1,1019,0,0,0,95,96,23.3,5.5,70.5,70
21/05/2025 14:04,23.4,17.9,59.9,950.9,530,950.9,0,23.2,15.1,1019,0,0,0,95,96,23.3,5.5,70.5,70
21/05/2025 14:04,23.4,17.9,59.8,951,530,951,0,23.2,15.1,1019,0,0,0,95,96,23.3,5.5,70.5,70
21/05/2025 14:05,23.4,17.9,59.8,950.9,530,950.9,0,23.2,15.1,1019,0,0,0,95,96,23.3,5.5,70.5,70
21/05/2025 14:05,23.4,17.9,59.8,950.9,530,950.9,0,23.2,15.1,1019,0,0,0,96,96,23.3,5.5,70.5,70
21/05/2025 14:06,23.4,17.9,59.7,951,530,951,0,23.2,15.1,1019,0,0,0,96,96,23.3,5.5,70.5,70
21/05/2025 14:06,23.4,17.9,59.7,950.9,530,950.9,0,23.2,15.1,1021,0,0,0,95,96,23.3,5.5,70.5,70
21/05/2025 14:07,23.4,17.9,59.7,950.9,530,950.9,0,23.2,15.1,1021,0,0,0,96,96,23.3,5.5,70.5,70
21/05/2025 14:07,23.4,17.9,59.8,950.9,530,950.9,0,23.2,15.1,1021,0,0,0,95,96,23.3,5.5,70.5,70
21/05/2025 14:08,23.4,17.9,59.8,950.9,530,950.9,0,23.2,15.1,1021,0,0,0,95,96,23.3,5.5,70.5,70
21/05/2025 14:08,23.4,17.9,59.8,950.9,530,950.9,0,23.2,15.1,1021,0,0,0,96,96,23.3,5.5,70.5,70
21/05/2025 14:09,23.4,17.9,59.8,950.9,530,950.9,0,23.2,15.1,1021,0,0,0,96,96,23.3,5.5,70.5,70
21/05/2025 14:09,23.4,17.9,59.8,950.9,530,950.9,0,23.2,15.1,1021,0,0,0,96,97,23.3,5.5,70.5,70
21/05/2025 14:10,23.4,17.9,59.8,950.9,530,950.9,0,23.2,15.1,1021,0,0,0,96,96,23.3,5.5,70.5,70
21/05/2025 14:10,23.4,17.9,59.8,950.9,530,950.9,0,23.2,15.1,1021,0,0,0,95,96,23.3,5.5,70.5,70
21/05/2025 14:11,23.4,18,59.9,950.9,531,950.9,0,23.2,15.1,1021,0,0,0,96,96,23.3,5.4,70.5,70
21/05/2025 14:11,23.4,18,59.8,950.9,530,950.9,0,23.3,15.1,1021,0,0,0,96,96,23.4,5.4,70.6,70.1
21/05/2025 14:12,23.4,18,59.8,950.7,531,950.8,0,23.3,15.1,1022,0,0,0,95,96,23.4,5.4,70.6,70.1
21/05/2025 14:12,23.4,18,59.8,950.7,531,950.8,0,23.3,15.2,1022,0,0,0,95,96,23.4,5.4,70.6,70.1
21/05/2025 14:13,23.4,18,59.8,950.7,531,950.8,0,23.3,15.2,1022,0,0,0,95,96,23.4,5.4,70.6,70.1
21/05/2025 14:13,23.4,18,59.8,950.9,530,950.9,0,23.3,15.2,1021,0,0,0,95,96,23.4,5.4,70.6,70.1
21/05/2025 14:14,23.4,18,59.8,950.7,531,950.8,0,23.3,15.2,1022,0,0,0,96,96,23.4,5.4,70.6,70.1
21/05/2025 14:14,23.4,18,59.8,950.9,531,950.9,0,23.3,15.2,1021,0,0,0,96,97,23.4,5.4,70.6,70.1
21/05/2025 14:15,23.4,18,59.9,950.7,531,950.8,0,23.3,15.2,1022,0,0,0,95,96,23.4,5.4,70.6,70.1
21/05/2025 14:15,23.4,18,59.9,950.7,531,950.8,0,23.3,15.2,1022,0,0,0,96,96,23.4,5.4,70.6,70.1
21/05/2025 14:16,23.4,18,59.9,950.9,530,950.9,0,23.3,15.2,1021,0,0,0,95,96,23.4,5.4,70.6,70.1
21/05/2025 14:16,23.4,18,59.9,950.9,531,950.9,0,23.3,15.2,1021,0,0,0,96,96,23.4,5.4,70.6,70.1
21/05/2025 14:17,23.4,18,59.9,950.9,531,950.9,0,23.3,15.2,1021,0,0,0,96,96,23.4,5.4,70.6,70.1
21/05/2025 14:17,23.4,18,59.9,950.7,532,950.8,0,23.3,15.2,1022,0,0,0,96,96,23.4,5.4,70.6,70.1
21/05/2025 14:18,23.4,18,59.9,950.7,532,950.7,0,23.3,15.2,1024,0,0,0,95,95,23.4,5.4,70.6,70.1
21/05/2025 14:18,23.4,18,60,950.7,532,950.7,0,23.3,15.2,1024,0,0,0,96,96,23.4,5.4,70.6,70.1
21/05/2025 14:19,23.4,18,59.9,950.7,532,950.8,0,23.3,15.2,1022,0,0,0,95,96,23.4,5.4,70.6,70.1
21/05/2025 14:19,23.4,18,59.9,950.9,531,950.9,0,23.3,15.2,1021,0,0,0,96,96,23.4,5.4,70.6,70.1
21/05/2025 14:20,23.4,18,59.9,950.7,532,950.8,0,23.3,15.2,1022,0,0,0,96,96,23.4,5.4,70.6,70.1
21/05/2025 14:20,23.4,18,59.8,950.7,532,950.8,0,23.3,15.2,1024,0,0,0,95,96,23.4,5.4,70.6,70.1
21/05/2025 14:21,23.4,18,59.9,950.7,533,950.7,0,23.3,15.2,1024,0,0,0,95,96,23.4,5.4,70.6,70.1
21/05/2025 14:21,23.4,18,59.9,950.7,532,950.8,0,23.3,15.2,1022,0,0,0,96,96,23.4,5.4,70.6,70.1
21/05/2025 14:22,23.4,18,59.9,950.7,532,950.7,0,23.3,15.2,1024,0,0,0,95,96,23.4,5.4,70.6,70.1
21/05/2025 14:22,23.4,18,59.9,950.7,532,950.7,0,23.3,15.2,1024,0,0,0,95,96,23.4,5.4,70.6,70.1
21/05/2025 14:23,23.4,18,59.9,950.7,532,950.8,0,23.3,15.2,1022,0,0,0,96,96,23.4,5.4,70.6,70.1
21/05/2025 14:23,23.4,18,59.9,950.7,532,950.7,0,23.3,15.2,1024,0,0,0,96,96,23.4,5.4,70.6,70.1
21/05/2025 14:24,23.4,18,59.9,950.7,532,950.7,0,23.3,15.2,1024,0,0,0,95,96,23.4,5.4,70.6,70.1
21/05/2025 14:24,23.4,18,59.8,950.7,533,950.7,0,23.3,15.2,1025,0,0,0,95,96,23.4,5.4,70.6,70.1
21/05/2025 14:25,23.4,18,59.8,950.5,533,950.6,0,23.3,15.2,1025,0,0,0,96,96,23.4,5.4,70.6,70.1
21/05/2025 14:25,23.4,18,59.9,950.7,533,950.7,0,23.3,15.2,1024,0,0,0,95,95,23.4,5.4,70.6,70.1
21/05/2025 14:26,23.4,18,59.8,950.7,532,950.7,0,23.3,15.2,1025,0,0,0,95,96,23.4,5.4,70.6,70.1
21/05/2025 14:26,23.4,18,59.8,950.7,533,950.7,0,23.3,15.2,1025,0,0,0,96,96,23.4,5.4,70.6,70.1
21/05/2025 14:27,23.4,18,59.8,950.7,532,950.7,0,23.3,15.2,1025,0,0,0,95,96,23.4,5.4,70.6,70.1
21/05/2025 14:27,23.4,18,59.8,950.7,532,950.8,0,23.3,15.2,1024,0,0,0,95,96,23.4,5.4,70.6,70.1
21/05/2025 14:28,23.4,18,59.8,950.7,532,950.7,0,23.3,15.2,1025,0,0,0,95,96,23.4,5.4,70.6,70.1
21/05/2025 14:28,23.4,18,59.8,950.7,533,950.7,0,23.3,15.2,1025,0,0,0,96,96,23.4,5.4,70.6,70.1
21/05/2025 14:29,23.4,18,59.8,950.7,533,950.7,0,23.3,15.2,1025,0,0,0,96,96,23.4,5.4,70.6,70.1
21/05/2025 14:29,23.4,18,59.8,950.7,532,950.7,0,23.3,15.2,1025,0,0,0,96,96,23.4,5.4,70.6,70.1
21/05/2025 14:30,23.4,18,59.8,950.5,533,950.6,0,23.3,15.2,1025,0,0,0,95,96,23.4,5.4,70.6,70.1
21/05/2025 14:30,23.4,18,59.8,950.7,532,950.7,0,23.3,15.2,1025,0,0,0,96,96,23.4,5.4,70.6,70.1
21/05/2025 14:31,23.4,18,59.8,950.7,533,950.7,0,23.3,15.2,1025,0,0,0,96,96,23.4,5.4,70.6,70.1
21/05/2025 14:31,23.5,18,59.8,950.7,533,950.7,0,23.3,15.2,1025,0,0,0,95,95,23.4,5.5,70.6,70.1
21/05/2025 14:32,23.5,18,59.8,950.7,533,950.7,0,23.3,15.2,1025,0,0,0,96,96,23.4,5.5,70.6,70.1
21/05/2025 14:32,23.5,18,59.8,950.7,533,950.7,0,23.3,15.2,1025,0,0,0,96,96,23.4,5.5,70.6,70.1
21/05/2025 14:33,23.5,18,59.8,950.7,533,950.7,0,23.3,15.2,1025,0,0,0,95,96,23.4,5.5,70.6,70.1
21/05/2025 14:33,23.5,18,59.8,950.7,533,950.7,0,23.3,15.2,1025,0,0,0,95,95,23.4,5.5,70.6,70.1
21/05/2025 14:34,23.5,18,59.8,950.7,532,950.8,0,23.3,15.2,1024,0,0,0,95,96,23.4,5.5,70.6,70.1
21/05/2025 14:34,23.5,18,59.8,950.5,533,950.6,0,23.3,15.2,1026,0,0,0,96,96,23.4,5.5,70.6,70.1
21/05/2025 14:35,23.5,18,59.8,950.7,533,950.7,0,23.3,15.2,1025,0,0,0,96,96,23.4,5.5,70.6,70.1
21/05/2025 14:35,23.5,18,59.7,950.7,533,950.7,0,23.3,15.2,1026,0,0,0,95,96,23.4,5.5,70.7,70.2
21/05/2025 14:36,23.5,18,59.7,950.7,532,950.8,0,23.3,15.2,1025,0,0,0,95,96,23.4,5.5,70.7,70.2
21/05/2025 14:36,23.5,18,59.7,950.7,532,950.8,0,23.3,15.2,1025,0,0,0,96,96,23.4,5.5,70.7,70.2
21/05/2025 14:37,23.5,18,59.8,950.7,532,950.8,0,23.3,15.2,1025,0,0,0,96,96,23.4,5.5,70.7,70.2
21/05/2025 14:37,23.5,18,59.8,950.7,533,950.7,0,23.3,15.2,1026,0,0,0,96,96,23.4,5.5,70.7,70.2
21/05/2025 14:38,23.5,18,59.8,950.7,532,950.7,0,23.3,15.2,1026,0,0,0,96,96,23.4,5.5,70.7,70.2
21/05/2025 14:38,23.5,18,59.7,950.7,532,950.7,0,23.4,15.2,1027,0,0,0,95,96,23.5,5.5,70.7,70.2
21/05/2025 14:39,23.5,18,59.7,950.7,532,950.7,0,23.4,15.2,1027,0,0,0,95,96,23.5,5.5,70.7,70.2
21/05/2025 14:39,23.5,18,59.7,950.7,532,950.7,0,23.4,15.2,1027,0,0,0,95,96,23.5,5.5,70.7,70.2
21/05/2025 14:40,23.5,18,59.7,950.7,532,950.8,0,23.4,15.2,1026,0,0,0,96,97,23.5,5.5,70.7,70.2
21/05/2025 14:40,23.5,18,59.7,950.7,533,950.7,0,23.4,15.2,1027,0,0,0,95,96,23.5,5.5,70.7,70.2
21/05/2025 14:41,23.5,18,59.7,950.7,533,950.6,0,23.4,15.2,1029,0,0,0,95,96,23.5,5.5,70.7,70.2
21/05/2025 14:41,23.5,18,59.7,950.7,532,950.7,0,23.4,15.2,1027,0,0,0,95,95,23.5,5.5,70.7,70.2
21/05/2025 14:42,23.5,18,59.8,950.7,533,950.7,0,23.4,15.2,1027,0,0,0,96,96,23.5,5.5,70.7,70.2
21/05/2025 14:42,23.5,18,59.8,950.7,532,950.7,0,23.4,15.2,1027,0,0,0,95,96,23.5,5.5,70.7,70.2
21/05/2025 14:43,23.5,18,59.7,950.7,532,950.8,0,23.4,15.2,1026,0,0,0,96,96,23.5,5.5,70.7,70.2
21/05/2025 14:43,23.5,18,59.8,950.7,531,950.8,0,23.4,15.2,1026,0,0,0,95,96,23.5,5.5,70.7,70.2
21/05/2025 14:44,23.5,18,59.7,950.7,532,950.8,0,23.4,15.2,1026,0,0,0,95,96,23.5,5.5,70.7,70.2
21/05/2025 14:44,23.5,18,59.7,950.7,532,950.7,0,23.4,15.2,1027,0,0,0,95,96,23.5,5.5,70.7,70.2
21/05/2025 14:45,23.5,18,59.7,950.7,532,950.8,0,23.4,15.2,1026,0,0,0,95,96,23.5,5.5,70.7,70.2
21/05/2025 14:45,23.5,18,59.7,950.7,532,950.8,0,23.4,15.2,1026,0,0,0,95,95,23.5,5.5,70.7,70.2
21/05/2025 14:46,23.5,18,59.7,950.7,532,950.8,0,23.4,15.2,1026,0,0,0,95,96,23.5,5.5,70.7,70.2
21/05/2025 14:46,23.5,18,59.7,950.7,532,950.7,0,23.4,15.2,1027,0,0,0,95,96,23.5,5.5,70.7,70.2
21/05/2025 14:47,23.5,18,59.7,950.7,533,950.7,0,23.4,15.2,1027,0,0,0,95,96,23.5,5.5,70.7,70.2
21/05/2025 14:47,23.5,18,59.7,950.7,531,950.8,0,23.4,15.2,1026,0,0,0,95,96,23.5,5.5,70.7,70.2
21/05/2025 14:48,23.5,18,59.8,950.7,533,950.7,0,23.3,15.2,1026,0,0,0,96,96,23.4,5.5,70.7,70.2
21/05/2025 14:48,23.5,18,59.7,950.7,532,950.7,0,23.4,15.2,1027,0,0,0,95,96,23.5,5.5,70.7,70.2
21/05/2025 14:49,23.5,18,59.8,950.7,533,950.6,0,23.3,15.2,1027,0,0,0,96,96,23.4,5.5,70.7,70.2
21/05/2025 14:49,23.5,18,59.8,950.7,533,950.7,0,23.3,15.2,1026,0,0,0,95,96,23.4,5.5,70.7,70.2
21/05/2025 14:50,23.5,18,59.8,950.7,533,950.7,0,23.3,15.2,1026,0,0,0,95,96,23.4,5.5,70.7,70.2
21/05/2025 14:50,23.5,18,59.8,950.5,534,950.6,0,23.3,15.2,1027,0,0,0,95,96,23.4,5.5,70.7,70.2
21/05/2025 14:51,23.5,18,59.6,950.7,533,950.7,0,23.4,15.2,1027,0,0,0,95,96,23.5,5.5,70.7,70.2
21/05/2025 14:51,23.5,18,59.7,950.5,533,950.6,0,23.3,15.2,1027,0,0,0,95,96,23.4,5.5,70.7,70.2
21/05/2025 14:52,23.5,18,59.7,950.7,533,950.6,0,23.3,15.2,1027,0,0,0,96,96,23.4,5.5,70.7,70.2
21/05/2025 14:52,23.5,18,59.7,950.7,532,950.8,0,23.3,15.2,1025,0,0,0,96,96,23.4,5.5,70.7,70.2
21/05/2025 14:53,23.5,18,59.7,950.7,533,950.7,0,23.3,15.2,1026,0,0,0,96,97,23.4,5.5,70.7,70.2
21/05/2025 14:53,23.5,18,59.7,950.7,532,950.7,0,23.3,15.2,1026,0,0,0,96,96,23.4,5.5,70.7,70.2
21/05/2025 14:54,23.5,18,59.6,950.7,532,950.7,0,23.4,15.2,1027,0,0,0,95,96,23.5,5.5,70.7,70.2
21/05/2025 14:54,23.5,18,59.6,950.7,533,950.7,0,23.4,15.2,1027,0,0,0,96,96,23.5,5.5,70.7,70.2
21/05/2025 14:55,23.5,18,59.6,950.5,533,950.6,0,23.4,15.2,1029,0,0,0,95,96,23.5,5.5,70.7,70.2
21/05/2025 14:55,23.5,18,59.6,950.7,533,950.7,0,23.4,15.2,1027,0,0,0,95,96,23.5,5.5,70.7,70.2
21/05/2025 14:56,23.5,18,59.7,950.7,532,950.7,0,23.4,15.2,1027,0,0,0,95,96,23.5,5.5,70.7,70.2
21/05/2025 14:56,23.5,18,59.7,950.7,533,950.7,0,23.4,15.2,1027,0,0,0,96,96,23.5,5.5,70.7,70.2
21/05/2025 14:57,23.5,18,59.7,950.7,532,950.7,0,23.4,15.2,1027,0,0,0,96,96,23.5,5.5,70.7,70.2
21/05/2025 14:57,23.5,18,59.7,950.7,532,950.7,0,23.4,15.2,1027,0,0,0,95,96,23.5,5.5,70.7,70.2
21/05/2025 14:58,23.5,18,59.7,950.7,533,950.7,0,23.4,15.2,1027,0,0,0,96,96,23.5,5.5,70.7,70.2
21/05/2025 14:58,23.5,18,59.7,950.7,532,950.7,0,23.4,15.2,1027,0,0,0,96,96,23.5,5.5,70.7,70.2
21/05/2025 14:59,23.5,18,59.7,950.5,533,950.6,0,23.4,15.2,1029,0,0,0,95,96,23.5,5.5,70.7,70.2
21/05/2025 14:59,23.5,18,59.7,950.7,532,950.7,0,23.4,15.2,1027,0,0,0,95,96,23.5,5.5,70.7,70.2
21/05/2025 15:00,23.5,18,59.8,950.7,532,950.7,0,23.4,15.2,1027,0,0,0,95,96,23.5,5.5,70.7,70.2
21/05/2025 15:00,23.5,18,59.8,950.7,532,950.7,0,23.4,15.2,1027,0,0,0,96,96,23.5,5.5,70.7,70.2
21/05/2025 15:01,23.5,18,59.7,950.7,532,950.7,0,23.4,15.2,1028,0,0,0,95,96,23.5,5.5,70.7,70.2
21/05/2025 15:01,23.5,18,59.7,950.7,532,950.7,0,23.4,15.2,1028,0,0,0,95,96,23.5,5.5,70.7,70.2
21/05/2025 15:02,23.5,18,59.7,950.7,533,950.7,0,23.4,15.2,1028,0,0,0,95,96,23.5,5.5,70.7,70.2
21/05/2025 15:02,23.5,18,59.7,950.5,534,950.6,0,23.4,15.2,1029,0,0,0,96,96,23.5,5.5,70.7,70.2
21/05/2025 15:03,23.5,18,59.7,950.5,534,950.5,0,23.4,15.2,1030,0,0,0,95,96,23.5,5.5,70.7,70.2
21/05/2025 15:03,23.5,18,59.8,950.7,533,950.7,0,23.4,15.2,1028,0,0,0,95,96,23.5,5.5,70.7,70.2
21/05/2025 15:04,23.5,18,59.8,950.7,532,950.7,0,23.4,15.2,1028,0,0,0,96,96,23.5,5.5,70.7,70.2
21/05/2025 15:04,23.5,18,59.8,950.7,533,950.6,0,23.4,15.3,1029,0,0,0,95,96,23.5,5.5,70.7,70.2
21/05/2025 15:05,23.5,18,59.8,950.5,533,950.6,0,23.4,15.2,1029,0,0,0,96,97,23.5,5.5,70.7,70.2
21/05/2025 15:05,23.5,18,59.8,950.7,533,950.7,0,23.4,15.2,1028,0,0,0,95,96,23.5,5.5,70.7,70.2
21/05/2025 15:06,23.5,18,59.8,950.5,533,950.6,0,23.4,15.2,1029,0,0,0,95,96,23.5,5.5,70.7,70.2
21/05/2025 15:06,23.5,18,59.8,950.5,533,950.6,0,23.4,15.3,1029,0,0,0,95,96,23.5,5.5,70.7,70.2
21/05/2025 15:07,23.5,18,59.8,950.7,533,950.7,0,23.4,15.2,1028,0,0,0,95,96,23.5,5.5,70.7,70.2
21/05/2025 15:07,23.5,18,59.8,950.5,534,950.5,0,23.4,15.3,1030,0,0,0,95,96,23.5,5.5,70.7,70.2
21/05/2025 15:08,23.5,18,59.8,950.5,534,950.6,0,23.4,15.3,1029,0,0,0,95,96,23.5,5.5,70.7,70.2
21/05/2025 15:08,23.5,18,59.8,950.7,533,950.6,0,23.4,15.2,1029,0,0,0,96,96,23.5,5.5,70.7,70.2
21/05/2025 15:09,23.5,18,59.8,950.5,534,950.6,0,23.4,15.3,1029,0,0,0,95,95,23.5,5.5,70.7,70.2
21/05/2025 15:09,23.5,18,59.8,950.5,534,950.6,0,23.4,15.2,1029,0,0,0,95,96,23.5,5.5,70.7,70.2
21/05/2025 15:10,23.5,18,59.7,950.5,534,950.5,0,23.4,15.2,1030,0,0,0,96,96,23.5,5.5,70.7,70.2
21/05/2025 15:10,23.5,18,59.7,950.5,534,950.6,0,23.4,15.2,1029,0,0,0,96,96,23.5,5.5,70.7,70.2
21/05/2025 15:11,23.5,18,59.7,950.5,535,950.5,0,23.4,15.2,1030,0,0,0,95,96,23.5,5.5,70.7,70.2
21/05/2025 15:11,23.5,18,59.7,950.5,535,950.5,0,23.4,15.2,1030,0,0,0,95,96,23.5,5.5,70.7,70.2
21/05/2025 15:12,23.5,18,59.7,950.5,533,950.6,0,23.4,15.2,1029,0,0,0,95,95,23.5,5.5,70.7,70.2
21/05/2025 15:12,23.5,18,59.7,950.4,535,950.4,0,23.4,15.2,1032,0,0,0,95,96,23.5,5.5,70.7,70.2
21/05/2025 15:13,23.5,18,59.7,950.5,535,950.5,0,23.4,15.2,1030,0,0,0,95,95,23.5,5.5,70.7,70.2
21/05/2025 15:13,23.5,18,59.7,950.5,535,950.5,0,23.4,15.2,1030,0,0,0,96,96,23.5,5.5,70.7,70.2
21/05/2025 15:14,23.5,18,59.7,950.5,535,950.5,0,23.4,15.2,1030,0,0,0,95,96,23.5,5.5,70.7,70.2
21/05/2025 15:14,23.5,18,59.7,950.4,535,950.4,0,23.4,15.2,1032,0,0,0,96,96,23.5,5.5,70.7,70.2
21/05/2025 15:15,23.5,18,59.7,950.4,535,950.4,0,23.4,15.2,1032,0,0,0,95,96,23.5,5.5,70.7,70.2
21/05/2025 15:15,23.5,18,59.7,950.5,535,950.5,0,23.4,15.2,1030,0,0,0,96,96,23.5,5.5,70.7,70.2
21/05/2025 15:16,23.5,18,59.7,950.4,535,950.4,0,23.4,15.2,1032,0,0,0,96,96,23.5,5.5,70.7,70.2
21/05/2025 15:16,23.5,18,59.7,950.4,535,950.4,0,23.4,15.2,1032,0,0,0,95,96,23.5,5.5,70.7,70.2
21/05/2025 15:17,23.5,18,59.6,950.5,535,950.5,0,23.4,15.2,1030,0,0,0,95,95,23.5,5.5,70.7,70.2
21/05/2025 15:17,23.5,18,59.6,950.2,535,950.3,0,23.4,15.2,1033,0,0,0,96,96,23.5,5.5,70.7,70.2
21/05/2025 15:18,23.5,18,59.7,950.4,535,950.4,0,23.4,15.2,1032,0,0,0,96,97,23.5,5.5,70.7,70.2
21/05/2025 15:18,23.5,18,59.7,950.4,535,950.4,0,23.4,15.2,1032,0,0,0,95,95,23.5,5.5,70.7,70.2
21/05/2025 15:19,23.5,18,59.7,950.4,535,950.4,0,23.4,15.2,1032,0,0,0,95,96,23.5,5.5,70.7,70.2
21/05/2025 15:19,23.5,18,59.7,950.4,535,950.4,0,23.4,15.2,1032,0,0,0,95,96,23.5,5.5,70.7,70.2
21/05/2025 15:20,23.5,18,59.7,950.4,535,950.4,0,23.4,15.2,1032,0,0,0,95,95,23.5,5.5,70.7,70.2
21/05/2025 15:20,23.5,18,59.7,950.4,535,950.4,0,23.4,15.2,1032,0,0,0,95,96,23.5,5.5,70.7,70.2
21/05/2025 15:21,23.5,18,59.7,950.2,535,950.3,0,23.4,15.2,1033,0,0,0,96,96,23.5,5.5,70.7,70.2
21/05/2025 15:21,23.5,18,59.7,950.4,535,950.4,0,23.4,15.2,1032,0,0,0,95,96,23.5,5.5,70.7,70.2
21/05/2025 15:22,23.5,18,59.7,950.4,535,950.4,0,23.4,15.2,1032,0,0,0,95,96,23.5,5.5,70.7,70.2
21/05/2025 15:22,23.5,18,59.7,950.2,536,950.3,0,23.4,15.2,1033,0,0,0,96,97,23.5,5.5,70.7,70.2
21/05/2025 15:23,23.5,18,59.7,950.4,535,950.4,0,23.4,15.2,1032,0,0,0,95,96,23.5,5.5,70.7,70.2
21/05/2025 15:23,23.5,18,59.7,950.4,535,950.4,0,23.4,15.2,1032,0,0,0,95,96,23.5,5.5,70.7,70.2
21/05/2025 15:24,23.5,18,59.7,950.2,535,950.3,0,23.4,15.2,1033,0,0,0,96,96,23.5,5.5,70.7,70.2
21/05/2025 15:24,23.5,18.1,59.7,950.2,536,950.2,0,23.4,15.2,1034,0,0,0,95,96,23.5,5.4,70.8,70.2
21/05/2025 15:25,23.5,18.1,59.7,950.4,535,950.4,0,23.4,15.2,1032,0,0,0,96,97,23.5,5.4,70.8,70.2
21/05/2025 15:25,23.5,18.1,59.7,950.2,535,950.4,0,23.4,15.2,1032,0,0,0,95,96,23.5,5.4,70.8,70.2
21/05/2025 15:26,23.5,18.1,59.8,950.2,536,950.3,0,23.4,15.3,1033,0,0,0,95,96,23.5,5.4,70.8,70.2
21/05/2025 15:26,23.5,18.1,59.8,950.2,536,950.2,0,23.4,15.3,1034,0,0,0,96,96,23.5,5.4,70.8,70.2
21/05/2025 15:27,23.5,18.1,59.8,950.2,535,950.3,0,23.4,15.3,1033,0,0,0,95,96,23.5,5.4,70.8,70.2
21/05/2025 15:27,23.5,18.1,59.8,950.2,536,950.2,0,23.4,15.3,1034,0,0,0,95,96,23.5,5.4,70.8,70.2
21/05/2025 15:28,23.5,18.1,59.8,950.2,536,950.2,0,23.4,15.3,1034,0,0,0,96,96,23.5,5.4,70.8,70.2
21/05/2025 15:28,23.5,18.1,59.8,950.2,536,950.2,0,23.4,15.3,1034,0,0,0,95,96,23.5,5.4,70.8,70.2
21/05/2025 15:29,23.5,18.1,59.8,950.2,537,950.2,0,23.4,15.3,1034,0,0,0,95,96,23.5,5.4,70.8,70.2
21/05/2025 15:29,23.6,18.1,59.7,950.2,536,950.2,0,23.4,15.3,1036,0,0,0,95,96,23.5,5.5,70.8,70.3
21/05/2025 15:30,23.5,18.1,59.8,950.2,536,950.3,0,23.4,15.3,1033,0,0,0,95,95,23.5,5.4,70.8,70.2
21/05/2025 15:30,23.6,18.1,59.7,950.2,536,950.3,0,23.4,15.3,1034,0,0,0,96,96,23.5,5.5,70.8,70.3
21/05/2025 15:31,23.5,18.1,59.8,950.2,537,950.2,0,23.4,15.3,1034,0,0,0,95,96,23.5,5.4,70.8,70.2
21/05/2025 15:31,23.5,18.1,59.8,950.2,537,950.1,0,23.4,15.3,1035,0,0,0,95,96,23.5,5.4,70.8,70.2
21/05/2025 15:32,23.6,18.1,59.7,950,537,950.1,0,23.4,15.3,1036,0,0,0,95,96,23.5,5.5,70.8,70.3
21/05/2025 15:32,23.6,18.1,59.7,950.2,537,950.2,0,23.4,15.3,1036,0,0,0,96,96,23.5,5.5,70.8,70.3
21/05/2025 15:33,23.6,18.1,59.7,950.2,536,950.2,0,23.4,15.3,1036,0,0,0,95,96,23.5,5.5,70.8,70.3
21/05/2025 15:33,23.6,18.1,59.7,950.2,537,950.2,0,23.4,15.3,1036,0,0,0,96,96,23.5,5.5,70.8,70.3
21/05/2025 15:34,23.5,18.1,59.8,950.2,537,950.2,0,23.4,15.3,1034,0,0,0,96,96,23.5,5.4,70.8,70.2
21/05/2025 15:34,23.5,18.1,59.8,950,538,950.1,0,23.4,15.3,1035,0,0,0,96,96,23.5,5.4,70.8,70.2
21/05/2025 15:35,23.5,18.1,59.8,950,538,950.1,0,23.4,15.3,1035,0,0,0,95,96,23.5,5.4,70.8,70.2
21/05/2025 15:35,23.5,18.1,59.8,950.2,537,950.2,0,23.4,15.3,1034,0,0,0,96,96,23.5,5.4,70.8,70.2
21/05/2025 15:36,23.5,18.1,59.8,950,538,950.1,0,23.4,15.3,1035,0,0,0,95,95,23.5,5.4,70.8,70.2
21/05/2025 15:36,23.5,18.1,59.8,950,538,950,0,23.4,15.3,1036,0,0,0,95,96,23.5,5.4,70.8,70.2
21/05/2025 15:37,23.5,18.1,59.8,950,539,950,0,23.4,15.3,1036,0,0,0,95,95,23.5,5.4,70.8,70.2
21/05/2025 15:37,23.5,18.1,59.8,950,538,950,0,23.4,15.3,1036,0,0,0,95,95,23.5,5.4,70.8,70.2
21/05/2025 15:38,23.5,18.1,59.7,950,538,950.1,0,23.4,15.3,1035,0,0,0,95,96,23.5,5.4,70.8,70.2
21/05/2025 15:38,23.5,18.1,59.8,950,539,950,0,23.4,15.3,1036,0,0,0,95,95,23.5,5.4,70.8,70.2
21/05/2025 15:39,23.5,18.1,59.7,950,538,950.1,0,23.4,15.3,1035,0,0,0,95,96,23.5,5.4,70.8,70.2
21/05/2025 15:39,23.5,18.1,59.7,950.2,537,950.1,0,23.4,15.3,1035,0,0,0,95,95,23.5,5.4,70.8,70.2
21/05/2025 15:40,23.5,18.1,59.7,950,537,950.1,0,23.4,15.3,1035,0,0,0,96,96,23.5,5.4,70.8,70.2
21/05/2025 15:40,23.5,18.1,59.7,950,538,950.1,0,23.4,15.3,1035,0,0,0,95,96,23.5,5.4,70.8,70.2
21/05/2025 15:41,23.5,18.1,59.7,950,538,950.1,0,23.4,15.2,1035,0,0,0,95,96,23.5,5.4,70.8,70.2
21/05/2025 15:41,23.5,18.1,59.7,950,538,950,0,23.4,15.3,1036,0,0,0,95,96,23.5,5.4,70.8,70.2
21/05/2025 15:42,23.5,18.1,59.7,950.2,537,950.1,0,23.4,15.3,1035,0,0,0,95,96,23.5,5.4,70.8,70.2
21/05/2025 15:42,23.5,18.1,59.7,950,538,950.1,0,23.4,15.3,1035,0,0,0,95,96,23.5,5.4,70.8,70.2
21/05/2025 15:43,23.5,18.1,59.7,950,538,950.1,0,23.4,15.3,1035,0,0,0,95,96,23.5,5.4,70.8,70.2
21/05/2025 15:43,23.5,18.1,59.8,950,538,950.1,0,23.4,15.3,1035,0,0,0,95,96,23.5,5.4,70.8,70.2
21/05/2025 15:44,23.5,18.1,59.8,950,538,950,0,23.4,15.3,1036,0,0,0,95,96,23.5,5.4,70.8,70.2
21/05/2025 15:44,23.6,18.1,59.7,950,538,950.1,0,23.4,15.3,1036,0,0,0,95,96,23.5,5.5,70.8,70.3
21/05/2025 15:45,23.5,18.1,59.8,950,538,950.1,0,23.4,15.3,1035,0,0,0,96,96,23.5,5.4,70.8,70.2
21/05/2025 15:45,23.6,18.1,59.7,950,539,950,0,23.4,15.3,1037,0,0,0,95,96,23.5,5.5,70.8,70.3
21/05/2025 15:46,23.6,18.1,59.7,950,539,950,0,23.4,15.3,1037,0,0,0,95,96,23.5,5.5,70.8,70.3
21/05/2025 15:46,23.6,18.1,59.8,949.9,539,949.9,0,23.4,15.3,1039,0,0,0,95,96,23.5,5.5,70.8,70.3
21/05/2025 15:47,23.6,18.1,59.7,950,538,950,0,23.5,15.3,1038,0,0,0,96,96,23.6,5.5,70.8,70.3
21/05/2025 15:47,23.6,18.1,59.7,950,539,950,0,23.5,15.3,1038,0,0,0,95,95,23.6,5.5,70.8,70.3
21/05/2025 15:48,23.6,18.1,59.7,950,539,950,0,23.5,15.3,1038,0,0,0,96,96,23.6,5.5,70.8,70.3
21/05/2025 15:48,23.6,18.1,59.8,950,538,950,0,23.5,15.3,1038,0,0,0,95,96,23.6,5.5,70.8,70.3
21/05/2025 15:49,23.6,18.1,59.8,950,539,950,0,23.5,15.3,1038,0,0,0,95,96,23.6,5.5,70.8,70.3
21/05/2025 15:49,23.6,18.1,59.8,950,538,950,0,23.5,15.3,1039,0,0,0,95,96,23.6,5.5,70.9,70.3
21/05/2025 15:50,23.6,18.1,59.8,950,539,950,0,23.5,15.3,1039,0,0,0,94,95,23.6,5.5,70.9,70.3
21/05/2025 15:50,23.6,18.1,59.8,949.9,539,949.9,0,23.5,15.3,1040,0,0,0,95,96,23.6,5.5,70.9,70.3
21/05/2025 15:51,23.6,18.1,59.9,949.9,540,949.9,0,23.5,15.4,1040,0,0,0,96,96,23.6,5.5,70.9,70.3
21/05/2025 15:51,23.6,18.1,59.9,949.9,539,949.9,0,23.5,15.4,1040,0,0,0,96,96,23.6,5.5,70.9,70.3
21/05/2025 15:52,23.6,18.1,60,950,538,950,0,23.5,15.4,1039,0,0,0,96,96,23.6,5.5,70.9,70.3
21/05/2025 15:52,23.6,18.1,59.9,949.9,539,949.9,0,23.5,15.4,1041,0,0,0,95,96,23.6,5.5,70.9,70.4
21/05/2025 15:53,23.6,18.1,59.9,950,539,950,0,23.5,15.4,1040,0,0,0,95,96,23.6,5.5,70.9,70.4
21/05/2025 15:53,23.6,18.1,59.9,949.9,540,949.9,0,23.5,15.4,1041,0,0,0,96,96,23.6,5.5,70.9,70.4
21/05/2025 15:54,23.6,18.1,59.9,949.9,539,949.9,0,23.5,15.4,1041,0,0,0,96,96,23.6,5.5,70.9,70.4
21/05/2025 15:54,23.7,18.2,59.9,949.7,540,949.8,0,23.5,15.4,1044,0,0,0,95,96,23.6,5.5,70.9,70.4
21/05/2025 15:55,23.7,18.2,59.9,949.9,540,949.9,0,23.5,15.4,1042,0,0,0,95,95,23.6,5.5,70.9,70.4
21/05/2025 15:55,23.7,18.2,59.9,949.9,540,949.9,0,23.5,15.4,1042,0,0,0,95,96,23.6,5.5,70.9,70.4
21/05/2025 15:56,23.7,18.2,59.9,950,539,950,0,23.5,15.4,1041,0,0,0,96,96,23.6,5.5,70.9,70.4
21/05/2025 15:56,23.7,18.2,59.9,949.9,540,949.9,0,23.5,15.4,1042,0,0,0,96,96,23.6,5.5,70.9,70.4
21/05/2025 15:57,23.7,18.2,59.9,949.7,540,949.8,0,23.5,15.4,1044,0,0,0,96,97,23.6,5.5,71,70.4
21/05/2025 15:57,23.7,18.2,59.9,949.7,540,949.9,0,23.5,15.4,1043,0,0,0,95,96,23.6,5.5,71,70.4
21/05/2025 15:58,23.7,18.2,59.9,949.7,540,949.8,0,23.5,15.4,1044,0,0,0,95,96,23.6,5.5,71,70.4
21/05/2025 15:58,23.7,18.2,59.9,949.9,540,949.9,0,23.5,15.4,1043,0,0,0,96,96,23.6,5.5,71,70.4
21/05/2025 15:59,23.7,18.2,59.9,949.7,540,949.8,0,23.5,15.4,1044,0,0,0,95,96,23.6,5.5,71,70.4
21/05/2025 15:59,23.7,18.2,59.9,949.7,540,949.8,0,23.5,15.4,1044,0,0,0,95,96,23.6,5.5,71,70.4
21/05/2025 16:00,23.7,18.2,59.9,949.7,540,949.7,0,23.5,15.4,1045,0,0,0,96,96,23.6,5.5,71,70.4
21/05/2025 16:00,23.7,18.2,59.9,949.7,540,949.8,0,23.6,15.4,1045,0,0,0,95,96,23.7,5.5,71,70.5
21/05/2025 16:01,23.7,18.2,59.9,949.9,540,949.9,0,23.6,15.5,1044,0,0,0,95,96,23.7,5.5,71,70.5
21/05/2025 16:01,23.7,18.2,59.9,949.7,540,949.7,0,23.6,15.5,1046,0,0,0,95,96,23.7,5.5,71,70.5
21/05/2025 16:02,23.7,18.2,59.9,949.7,540,949.7,0,23.6,15.5,1046,0,0,0,95,96,23.7,5.5,71,70.5
21/05/2025 16:02,23.7,18.2,59.9,949.7,542,949.7,0,23.6,15.5,1046,0,0,0,95,96,23.7,5.5,71,70.5
21/05/2025 16:03,23.7,18.2,59.9,949.7,540,949.7,0,23.6,15.5,1046,0,0,0,95,96,23.7,5.5,71,70.5
21/05/2025 16:03,23.7,18.2,59.9,949.7,540,949.7,0,23.6,15.5,1046,0,0,0,95,96,23.7,5.5,71,70.5
21/05/2025 16:04,23.7,18.2,59.9,949.7,540,949.8,0,23.6,15.5,1045,0,0,0,96,96,23.7,5.5,71,70.5
21/05/2025 16:04,23.7,18.2,59.9,949.7,542,949.7,0,23.6,15.5,1046,0,0,0,96,96,23.7,5.5,71,70.5
21/05/2025 16:05,23.7,18.2,59.9,949.5,542,949.6,0,23.6,15.5,1047,0,0,0,95,95,23.7,5.5,71,70.5
21/05/2025 16:05,23.7,18.2,60,949.7,542,949.7,0,23.6,15.5,1046,0,0,0,95,96,23.7,5.5,71,70.5
21/05/2025 16:06,23.7,18.2,59.8,949.7,540,949.7,0,23.6,15.4,1047,0,0,0,95,96,23.7,5.5,71,70.5
21/05/2025 16:06,23.7,18.2,59.8,949.7,542,949.7,0,23.6,15.4,1047,0,0,0,95,96,23.7,5.5,71,70.5
21/05/2025 16:07,23.7,18.2,59.8,949.7,540,949.7,0,23.6,15.4,1047,0,0,0,96,96,23.7,5.5,71,70.5
21/05/2025 16:07,23.7,18.2,59.8,949.7,542,949.7,0,23.6,15.4,1047,0,0,0,95,96,23.7,5.5,71,70.5
21/05/2025 16:08,23.7,18.2,59.8,949.7,542,949.7,0,23.6,15.4,1047,0,0,0,96,96,23.7,5.5,71,70.5
21/05/2025 16:08,23.7,18.2,59.8,949.5,542,949.6,0,23.6,15.4,1048,0,0,0,95,95,23.7,5.5,71,70.5
21/05/2025 16:09,23.7,18.2,59.8,949.5,542,949.5,0,23.6,15.4,1049,0,0,0,95,96,23.7,5.5,71,70.5
21/05/2025 16:09,23.7,18.2,59.8,949.5,542,949.6,0,23.6,15.4,1048,0,0,0,95,96,23.7,5.5,71,70.5
21/05/2025 16:10,23.7,18.2,59.8,949.5,542,949.6,0,23.6,15.4,1048,0,0,0,95,95,23.7,5.5,71,70.5
21/05/2025 16:10,23.7,18.2,59.8,949.5,542,949.6,0,23.6,15.4,1048,0,0,0,95,95,23.7,5.5,71,70.5
21/05/2025 16:11,23.8,18.2,59.8,949.5,542,949.5,0,23.6,15.5,1050,0,0,0,95,96,23.7,5.5,71,70.5
21/05/2025 16:11,23.8,18.2,59.8,949.5,542,949.6,0,23.6,15.5,1049,0,0,0,96,96,23.7,5.5,71,70.5
21/05/2025 16:12,23.8,18.2,59.8,949.5,542,949.5,0,23.6,15.5,1050,0,0,0,96,96,23.7,5.5,71,70.5
21/05/2025 16:12,23.8,18.2,59.8,949.5,542,949.6,0,23.6,15.5,1049,0,0,0,95,96,23.7,5.5,71,70.5
21/05/2025 16:13,23.8,18.2,59.8,949.5,542,949.6,0,23.6,15.5,1049,0,0,0,96,96,23.7,5.5,71,70.5
21/05/2025 16:13,23.8,18.2,59.8,949.7,542,949.7,0,23.6,15.5,1049,0,0,0,96,96,23.7,5.6,71.1,70.6
21/05/2025 16:14,23.8,18.2,59.8,949.5,542,949.5,0,23.6,15.5,1051,0,0,0,95,96,23.7,5.6,71.1,70.6
21/05/2025 16:14,23.8,18.2,59.8,949.5,542,949.5,0,23.6,15.5,1051,0,0,0,96,96,23.7,5.6,71.1,70.6
21/05/2025 16:15,23.8,18.2,59.8,949.5,542,949.5,0,23.6,15.5,1051,0,0,0,96,96,23.7,5.6,71.1,70.6
21/05/2025 16:15,23.8,18.2,59.8,949.5,543,949.5,0,23.6,15.5,1051,0,0,0,95,96,23.7,5.6,71.1,70.6
21/05/2025 16:16,23.8,18.2,59.8,949.5,543,949.5,0,23.6,15.5,1051,0,0,0,95,96,23.7,5.6,71.1,70.6
21/05/2025 16:16,23.8,18.2,59.8,949.5,542,949.5,0,23.7,15.5,1051,0,0,0,95,96,23.8,5.6,71.1,70.6
21/05/2025 16:17,23.8,18.2,59.8,949.5,542,949.5,0,23.7,15.5,1051,0,0,0,95,96,23.8,5.6,71.1,70.6
21/05/2025 16:17,23.8,18.2,59.8,949.5,542,949.5,0,23.7,15.5,1051,0,0,0,95,96,23.8,5.6,71.1,70.6
21/05/2025 16:18,23.8,18.2,59.8,949.5,543,949.5,0,23.7,15.5,1051,0,0,0,95,96,23.8,5.6,71.1,70.6
21/05/2025 16:18,23.8,18.2,59.8,949.4,543,949.4,0,23.7,15.5,1053,0,0,0,95,96,23.8,5.6,71.1,70.6
21/05/2025 16:19,23.8,18.2,59.8,949.5,542,949.6,0,23.7,15.5,1051,0,0,0,95,96,23.8,5.6,71.1,70.6
21/05/2025 16:19,23.8,18.2,59.8,949.5,543,949.5,0,23.7,15.5,1051,0,0,0,95,96,23.8,5.6,71.1,70.6
21/05/2025 16:20,23.8,18.2,59.9,949.5,542,949.6,0,23.7,15.5,1051,0,0,0,95,95,23.8,5.6,71.1,70.6
21/05/2025 16:20,23.8,18.2,59.9,949.5,542,949.5,0,23.7,15.5,1051,0,0,0,96,96,23.8,5.6,71.1,70.6
21/05/2025 16:21,23.8,18.2,59.9,949.5,542,949.6,0,23.7,15.5,1051,0,0,0,96,96,23.8,5.6,71.1,70.6
21/05/2025 16:21,23.8,18.2,59.9,949.5,542,949.6,0,23.7,15.5,1051,0,0,0,95,95,23.8,5.6,71.1,70.6
21/05/2025 16:22,23.8,18.2,59.7,949.5,542,949.5,0,23.7,15.5,1052,0,0,0,95,96,23.8,5.6,71.1,70.6
21/05/2025 16:22,23.8,18.2,59.9,949.5,542,949.6,0,23.7,15.5,1051,0,0,0,95,95,23.8,5.6,71.1,70.6
21/05/2025 16:23,23.8,18.2,59.8,949.5,542,949.6,0,23.7,15.5,1051,0,0,0,95,95,23.8,5.6,71.2,70.6
21/05/2025 16:23,23.8,18.2,59.8,949.5,542,949.6,0,23.7,15.5,1051,0,0,0,95,96,23.8,5.6,71.1,70.6
21/05/2025 16:24,23.8,18.2,59.8,949.5,542,949.6,0,23.7,15.5,1051,0,0,0,95,96,23.8,5.6,71.1,70.6
21/05/2025 16:24,23.8,18.2,59.8,949.5,542,949.5,0,23.7,15.5,1052,0,0,0,95,96,23.8,5.6,71.1,70.6
21/05/2025 16:25,23.8,18.2,59.8,949.7,542,949.6,0,23.7,15.5,1051,0,0,0,95,96,23.8,5.6,71.1,70.6
21/05/2025 16:25,23.8,18.2,59.7,949.5,542,949.6,0,23.7,15.5,1051,0,0,0,95,96,23.8,5.6,71.1,70.6
21/05/2025 16:26,23.8,18.2,59.7,949.5,542,949.6,0,23.7,15.5,1051,0,0,0,95,96,23.8,5.6,71.1,70.6
21/05/2025 16:26,23.8,18.2,59.7,949.5,542,949.6,0,23.7,15.5,1051,0,0,0,95,96,23.8,5.6,71.1,70.6
21/05/2025 16:27,23.8,18.2,59.7,949.5,542,949.5,0,23.7,15.5,1052,0,0,0,95,96,23.8,5.6,71.1,70.6
21/05/2025 16:27,23.8,18.2,59.7,949.5,542,949.5,0,23.7,15.5,1052,0,0,0,95,96,23.8,5.6,71.1,70.6
21/05/2025 16:28,23.8,18.2,59.7,949.5,542,949.6,0,23.7,15.5,1051,0,0,0,95,96,23.8,5.6,71.1,70.6
21/05/2025 16:28,23.8,18.2,59.7,949.5,542,949.5,0,23.7,15.5,1052,0,0,0,95,96,23.8,5.6,71.1,70.6
21/05/2025 16:29,23.8,18.2,59.8,949.5,542,949.6,0,23.7,15.5,1051,0,0,0,95,95,23.8,5.6,71.1,70.6
21/05/2025 16:29,23.8,18.2,59.7,949.5,542,949.6,0,23.7,15.5,1051,0,0,0,95,96,23.8,5.6,71.1,70.6
21/05/2025 16:30,23.8,18.2,59.7,949.5,542,949.6,0,23.7,15.5,1051,0,0,0,95,96,23.8,5.6,71.1,70.6
21/05/2025 16:30,23.8,18.2,59.7,949.5,542,949.5,0,23.7,15.5,1052,0,0,0,95,96,23.8,5.6,71.1,70.6
21/05/2025 16:31,23.8,18.2,59.7,949.5,542,949.6,0,23.7,15.5,1051,0,0,0,96,97,23.8,5.6,71.1,70.6
21/05/2025 16:31,23.8,18.2,59.7,949.5,542,949.6,0,23.7,15.5,1051,0,0,0,96,96,23.8,5.6,71.1,70.6
21/05/2025 16:32,23.8,18.2,59.7,949.5,542,949.5,0,23.7,15.5,1052,0,0,0,96,96,23.8,5.6,71.1,70.6
21/05/2025 16:32,23.8,18.2,59.7,949.5,543,949.5,0,23.7,15.5,1052,0,0,0,95,96,23.8,5.6,71.1,70.6
21/05/2025 16:33,23.8,18.2,59.7,949.4,543,949.4,0,23.7,15.5,1054,0,0,0,96,96,23.8,5.6,71.1,70.6
21/05/2025 16:33,23.9,18.3,59.6,949.4,543,949.4,0,23.7,15.5,1055,0,0,0,96,96,23.8,5.5,71.2,70.6
21/05/2025 16:34,23.8,18.2,59.7,949.4,544,949.4,0,23.7,15.5,1054,0,0,0,96,96,23.8,5.6,71.1,70.6
21/05/2025 16:34,23.9,18.3,59.6,949.4,543,949.4,0,23.7,15.5,1055,0,0,0,95,95,23.8,5.5,71.2,70.6
21/05/2025 16:35,23.9,18.3,59.7,949.4,543,949.4,0,23.7,15.5,1055,0,0,0,95,96,23.8,5.5,71.2,70.6
21/05/2025 16:35,23.9,18.3,59.7,949.4,544,949.4,0,23.7,15.5,1055,0,0,0,95,96,23.8,5.5,71.2,70.6
21/05/2025 16:36,23.9,18.3,59.7,949.4,544,949.4,0,23.7,15.5,1055,0,0,0,96,97,23.8,5.5,71.2,70.6
21/05/2025 16:36,23.9,18.3,59.7,949.2,545,949.3,0,23.7,15.5,1056,0,0,0,95,96,23.8,5.5,71.2,70.6
21/05/2025 16:37,23.9,18.3,59.7,949.4,543,949.4,0,23.7,15.6,1055,0,0,0,96,96,23.8,5.5,71.2,70.7
21/05/2025 16:37,23.9,18.3,59.7,949.2,544,949.3,0,23.7,15.6,1056,0,0,0,95,95,23.8,5.5,71.2,70.7
21/05/2025 16:38,23.9,18.3,59.7,949.2,544,949.3,0,23.7,15.6,1056,0,0,0,95,96,23.8,5.5,71.2,70.7
21/05/2025 16:38,23.9,18.3,59.8,949.2,544,949.3,0,23.7,15.6,1056,0,0,0,96,96,23.8,5.5,71.2,70.7
21/05/2025 16:39,23.9,18.3,59.7,949.4,543,949.4,0,23.7,15.6,1055,0,0,0,95,95,23.8,5.5,71.2,70.7
21/05/2025 16:39,23.9,18.3,59.7,949.4,544,949.4,0,23.7,15.6,1055,0,0,0,95,96,23.8,5.5,71.2,70.7
21/05/2025 16:40,23.9,18.3,59.7,949.2,545,949.3,0,23.7,15.6,1056,0,0,0,95,95,23.8,5.6,71.2,70.7
21/05/2025 16:40,23.9,18.3,59.7,949.2,545,949.3,0,23.7,15.6,1056,0,0,0,95,96,23.8,5.6,71.2,70.7
21/05/2025 16:41,23.9,18.3,59.7,949.2,544,949.3,0,23.7,15.6,1056,0,0,0,95,95,23.8,5.6,71.2,70.7
21/05/2025 16:41,23.9,18.3,59.7,949.2,544,949.4,0,23.7,15.6,1055,0,0,0,95,96,23.8,5.6,71.2,70.7
21/05/2025 16:42,23.9,18.3,59.8,949.4,544,949.4,0,23.7,15.6,1055,0,0,0,96,96,23.8,5.6,71.2,70.7
21/05/2025 16:42,23.9,18.3,59.8,949.2,544,949.3,0,23.7,15.6,1056,0,0,0,95,96,23.8,5.6,71.2,70.7
21/05/2025 16:43,23.9,18.3,59.7,949.2,544,949.3,0,23.7,15.6,1056,0,0,0,96,96,23.8,5.6,71.2,70.7
21/05/2025 16:43,23.9,18.3,59.7,949.2,544,949.4,0,23.7,15.6,1055,0,0,0,96,96,23.8,5.6,71.2,70.7
21/05/2025 16:44,23.9,18.3,59.7,949.4,543,949.4,0,23.7,15.6,1055,0,0,0,95,96,23.8,5.6,71.2,70.7
21/05/2025 16:44,23.9,18.3,59.7,949.4,544,949.4,0,23.7,15.6,1055,0,0,0,96,96,23.8,5.6,71.2,70.7
21/05/2025 16:45,23.9,18.3,59.7,949.2,544,949.3,0,23.7,15.6,1056,0,0,0,95,96,23.8,5.6,71.2,70.7
21/05/2025 16:45,23.9,18.3,59.7,949.2,544,949.3,0,23.7,15.6,1056,0,0,0,95,95,23.8,5.6,71.2,70.7
21/05/2025 16:46,23.9,18.3,59.7,949.2,545,949.3,0,23.7,15.6,1056,0,0,0,95,96,23.8,5.6,71.2,70.7
21/05/2025 16:46,23.9,18.3,59.7,949.2,545,949.3,0,23.7,15.6,1056,0,0,0,95,96,23.8,5.6,71.2,70.7
21/05/2025 16:47,23.9,18.3,59.7,949.2,545,949.3,0,23.7,15.6,1056,0,0,0,96,96,23.8,5.6,71.2,70.7
21/05/2025 16:47,23.9,18.3,59.7,949.2,545,949.3,0,23.7,15.6,1056,0,0,0,95,96,23.8,5.6,71.2,70.7
21/05/2025 16:48,23.9,18.3,59.7,949.2,544,949.3,0,23.7,15.6,1056,0,0,0,95,96,23.8,5.6,71.2,70.7
21/05/2025 16:48,23.9,18.3,59.7,949.2,545,949.2,0,23.7,15.6,1058,0,0,0,95,95,23.8,5.6,71.2,70.7
21/05/2025 16:49,23.9,18.3,59.7,949.2,545,949.3,0,23.7,15.6,1056,0,0,0,96,96,23.8,5.6,71.2,70.7
21/05/2025 16:49,23.9,18.3,59.7,949.2,544,949.3,0,23.7,15.6,1056,0,0,0,96,96,23.8,5.6,71.2,70.7
21/05/2025 16:50,23.9,18.3,59.7,949.2,545,949.3,0,23.7,15.6,1056,0,0,0,96,96,23.8,5.6,71.2,70.7
21/05/2025 16:50,23.9,18.3,59.7,949.2,545,949.3,0,23.7,15.6,1056,0,0,0,95,96,23.8,5.6,71.2,70.7
21/05/2025 16:51,23.9,18.3,59.7,949.2,544,949.3,0,23.7,15.6,1056,0,0,0,95,96,23.8,5.6,71.2,70.7
21/05/2025 16:51,23.9,18.3,59.7,949.2,545,949.2,0,23.7,15.6,1058,0,0,0,95,96,23.8,5.6,71.2,70.7
21/05/2025 16:52,23.9,18.3,59.7,949.2,544,949.3,0,23.7,15.6,1056,0,0,0,95,95,23.8,5.6,71.2,70.7
21/05/2025 16:52,23.9,18.3,59.7,949.2,545,949.2,0,23.7,15.6,1058,0,0,0,96,96,23.8,5.6,71.2,70.7
21/05/2025 16:53,23.9,18.3,59.7,949.2,545,949.2,0,23.7,15.6,1058,0,0,0,95,96,23.8,5.6,71.2,70.7
21/05/2025 16:53,23.9,18.3,59.7,949.2,545,949.3,0,23.7,15.6,1056,0,0,0,95,95,23.8,5.6,71.2,70.7
21/05/2025 16:54,23.9,18.3,59.7,949.2,545,949.3,0,23.7,15.6,1056,0,0,0,95,96,23.8,5.6,71.2,70.7
21/05/2025 16:54,23.9,18.3,59.7,949.2,545,949.3,0,23.7,15.6,1056,0,0,0,96,96,23.8,5.6,71.2,70.7
21/05/2025 16:55,23.9,18.3,59.7,949.2,544,949.3,0,23.7,15.6,1056,0,0,0,95,96,23.8,5.6,71.2,70.7
21/05/2025 16:55,23.9,18.3,59.7,949.2,545,949.3,0,23.7,15.6,1056,0,0,0,95,96,23.8,5.6,71.2,70.7
21/05/2025 16:56,23.9,18.3,59.7,949.4,544,949.4,0,23.7,15.6,1055,0,0,0,95,96,23.8,5.6,71.2,70.7
21/05/2025 16:56,23.9,18.3,59.6,949.2,545,949.2,0,23.7,15.6,1058,0,0,0,95,96,23.8,5.6,71.2,70.7
21/05/2025 16:57,23.9,18.3,59.7,949.2,545,949.2,0,23.7,15.6,1058,0,0,0,95,96,23.8,5.6,71.2,70.7
21/05/2025 16:57,23.9,18.3,59.7,949.2,545,949.2,0,23.7,15.6,1058,0,0,0,95,96,23.8,5.6,71.2,70.7
21/05/2025 16:58,23.9,18.3,59.6,949.4,544,949.4,0,23.7,15.6,1056,0,0,0,95,96,23.8,5.6,71.2,70.7
21/05/2025 16:58,23.9,18.3,59.6,949.2,545,949.3,0,23.7,15.6,1058,0,0,0,96,96,23.8,5.6,71.2,70.7
21/05/2025 16:59,23.9,18.3,59.6,949.2,545,949.3,0,23.7,15.6,1058,0,0,0,95,96,23.8,5.6,71.2,70.7
21/05/2025 16:59,23.9,18.3,59.6,949.2,545,949.2,0,23.7,15.6,1058,0,0,0,95,96,23.8,5.6,71.2,70.7
21/05/2025 17:00,23.9,18.3,59.6,949.2,545,949.3,0,23.7,15.6,1058,0,0,0,95,96,23.8,5.6,71.2,70.7
21/05/2025 17:00,23.9,18.3,59.7,949.2,545,949.3,0,23.7,15.6,1056,0,0,0,95,96,23.8,5.6,71.2,70.7
21/05/2025 17:01,23.9,18.3,59.6,949.4,544,949.4,0,23.7,15.6,1056,0,0,0,96,96,23.8,5.6,71.2,70.7
21/05/2025 17:01,23.9,18.3,59.7,949.2,545,949.2,0,23.7,15.6,1058,0,0,0,95,96,23.8,5.6,71.2,70.7
21/05/2025 17:02,23.9,18.3,59.6,949.2,544,949.3,0,23.7,15.6,1058,0,0,0,95,96,23.8,5.6,71.2,70.7
21/05/2025 17:02,23.9,18.3,59.6,949.2,545,949.3,0,23.7,15.5,1056,0,0,0,96,96,23.8,5.6,71.2,70.7
21/05/2025 17:03,23.9,18.3,59.7,949.4,543,949.4,0,23.7,15.6,1055,0,0,0,95,96,23.8,5.6,71.2,70.7
21/05/2025 17:03,23.9,18.3,59.7,949.2,544,949.3,0,23.7,15.6,1056,0,0,0,95,96,23.8,5.6,71.2,70.7
21/05/2025 17:04,23.9,18.3,59.7,949.2,544,949.3,0,23.7,15.6,1056,0,0,0,95,96,23.8,5.6,71.2,70.7
21/05/2025 17:04,23.9,18.3,59.7,949.2,544,949.3,0,23.7,15.6,1056,0,0,0,95,96,23.8,5.6,71.2,70.7
21/05/2025 17:05,23.9,18.3,59.7,949.4,543,949.4,0,23.7,15.6,1055,0,0,0,96,96,23.8,5.6,71.2,70.7
21/05/2025 17:05,23.9,18.3,59.7,949.4,544,949.4,0,23.7,15.6,1055,0,0,0,95,96,23.8,5.6,71.2,70.7
21/05/2025 17:06,23.9,18.3,59.6,949.5,543,949.5,0,23.7,15.5,1054,0,0,0,96,96,23.8,5.6,71.2,70.7
21/05/2025 17:06,23.9,18.3,59.7,949.2,544,949.3,0,23.7,15.6,1056,0,0,0,96,96,23.8,5.6,71.2,70.7
21/05/2025 17:07,23.9,18.3,59.7,949.4,544,949.4,0,23.7,15.6,1055,0,0,0,95,96,23.8,5.6,71.2,70.7
21/05/2025 17:07,23.9,18.3,59.6,949.4,544,949.4,0,23.7,15.5,1055,0,0,0,95,95,23.8,5.6,71.2,70.7
21/05/2025 17:08,23.9,18.3,59.6,949.4,543,949.4,0,23.7,15.5,1055,0,0,0,95,95,23.8,5.6,71.2,70.7
21/05/2025 17:08,23.9,18.3,59.6,949.2,544,949.4,0,23.7,15.5,1055,0,0,0,95,96,23.8,5.6,71.2,70.7
21/05/2025 17:09,23.9,18.3,59.6,949.4,544,949.4,0,23.7,15.5,1055,0,0,0,95,96,23.8,5.6,71.2,70.7
21/05/2025 17:09,23.9,18.3,59.6,949.2,544,949.4,0,23.7,15.5,1055,0,0,0,96,96,23.8,5.6,71.2,70.7
21/05/2025 17:10,23.9,18.3,59.6,949.2,545,949.3,0,23.7,15.5,1056,0,0,0,95,95,23.8,5.6,71.2,70.7
21/05/2025 17:10,23.9,18.3,59.6,949.2,544,949.3,0,23.7,15.5,1056,0,0,0,95,96,23.8,5.6,71.2,70.7
21/05/2025 17:11,23.9,18.3,59.6,949.4,544,949.4,0,23.7,15.5,1055,0,0,0,95,96,23.8,5.6,71.2,70.7
21/05/2025 17:11,23.9,18.3,59.6,949.4,544,949.4,0,23.7,15.5,1055,0,0,0,95,95,23.8,5.6,71.2,70.7
21/05/2025 17:12,23.9,18.3,59.6,949.2,545,949.3,0,23.7,15.5,1056,0,0,0,96,96,23.8,5.6,71.2,70.7
21/05/2025 17:12,23.9,18.3,59.6,949.4,544,949.4,0,23.7,15.5,1055,0,0,0,95,96,23.8,5.6,71.2,70.7
21/05/2025 17:13,23.9,18.3,59.6,949.4,544,949.4,0,23.7,15.5,1055,0,0,0,95,96,23.8,5.6,71.2,70.7
21/05/2025 17:13,23.9,18.3,59.6,949.2,544,949.3,0,23.7,15.5,1056,0,0,0,95,96,23.8,5.6,71.2,70.7
21/05/2025 17:14,23.9,18.3,59.6,949.2,545,949.3,0,23.7,15.5,1056,0,0,0,95,96,23.8,5.6,71.2,70.7
21/05/2025 17:14,23.9,18.3,59.6,949.4,544,949.4,0,23.7,15.5,1055,0,0,0,96,96,23.8,5.6,71.2,70.7
21/05/2025 17:15,23.9,18.3,59.6,949.2,544,949.3,0,23.7,15.5,1056,0,0,0,95,96,23.8,5.6,71.2,70.7
21/05/2025 17:15,23.9,18.3,59.6,949.2,545,949.2,0,23.7,15.5,1058,0,0,0,95,95,23.8,5.6,71.2,70.7
21/05/2025 17:16,23.9,18.3,59.6,949.2,544,949.3,0,23.7,15.5,1056,0,0,0,96,96,23.8,5.6,71.2,70.7
21/05/2025 17:16,23.9,18.3,59.6,949.2,544,949.3,0,23.7,15.5,1056,0,0,0,96,97,23.8,5.6,71.2,70.7
21/05/2025 17:17,23.9,18.3,59.6,949.2,544,949.3,0,23.7,15.5,1056,0,0,0,95,96,23.8,5.6,71.2,70.7
21/05/2025 17:17,23.9,18.3,59.6,949.2,545,949.3,0,23.7,15.5,1056,0,0,0,95,96,23.8,5.6,71.2,70.7
21/05/2025 17:18,23.9,18.3,59.6,949.4,544,949.4,0,23.7,15.5,1055,0,0,0,96,96,23.8,5.6,71.2,70.7
21/05/2025 17:18,23.9,18.3,59.6,949.4,543,949.4,0,23.7,15.5,1055,0,0,0,96,96,23.8,5.6,71.2,70.7
21/05/2025 17:19,23.9,18.3,59.7,949.2,545,949.3,0,23.7,15.6,1056,0,0,0,95,96,23.8,5.6,71.2,70.7
21/05/2025 17:19,23.9,18.3,59.7,949.2,545,949.2,0,23.7,15.6,1056,0,0,0,96,96,23.8,5.6,71.2,70.7
21/05/2025 17:20,23.9,18.3,59.7,949.4,544,949.4,0,23.7,15.6,1055,0,0,0,95,96,23.8,5.6,71.2,70.7
21/05/2025 17:20,23.9,18.3,59.7,949.2,544,949.3,0,23.7,15.6,1056,0,0,0,96,96,23.8,5.6,71.2,70.7
21/05/2025 17:21,23.9,18.3,59.7,949.2,544,949.3,0,23.7,15.6,1056,0,0,0,96,96,23.8,5.6,71.2,70.7
21/05/2025 17:21,23.9,18.3,59.7,949.4,544,949.4,0,23.7,15.6,1055,0,0,0,96,96,23.8,5.6,71.2,70.7
21/05/2025 17:22,23.9,18.3,59.7,949.4,544,949.4,0,23.7,15.6,1055,0,0,0,95,96,23.8,5.6,71.2,70.7
21/05/2025 17:22,23.9,18.3,59.7,949.2,544,949.3,0,23.7,15.6,1056,0,0,0,95,96,23.8,5.6,71.2,70.7
21/05/2025 17:23,23.9,18.3,59.7,949.4,543,949.4,0,23.7,15.6,1055,0,0,0,96,97,23.8,5.6,71.2,70.7
21/05/2025 17:23,23.9,18.3,59.7,949.4,543,949.4,0,23.7,15.6,1055,0,0,0,95,95,23.8,5.6,71.2,70.7
21/05/2025 17:24,23.9,18.3,59.7,949.4,544,949.4,0,23.7,15.6,1055,0,0,0,96,96,23.8,5.6,71.2,70.7
21/05/2025 17:24,23.9,18.3,59.7,949.2,544,949.3,0,23.7,15.6,1056,0,0,0,95,96,23.8,5.6,71.2,70.7
21/05/2025 17:25,23.9,18.3,59.7,949.2,544,949.4,0,23.7,15.6,1055,0,0,0,95,96,23.8,5.6,71.2,70.7
21/05/2025 17:25,23.9,18.3,59.7,949.2,545,949.3,0,23.7,15.6,1056,0,0,0,95,95,23.8,5.6,71.2,70.7
21/05/2025 17:26,23.9,18.3,59.6,949.2,545,949.3,0,23.7,15.5,1056,0,0,0,95,96,23.8,5.6,71.2,70.7
21/05/2025 17:26,23.9,18.3,59.7,949.2,544,949.3,0,23.7,15.6,1056,0,0,0,94,95,23.8,5.6,71.2,70.7
21/05/2025 17:27,23.9,18.3,59.6,949.2,544,949.4,0,23.7,15.5,1055,0,0,0,96,96,23.8,5.6,71.2,70.7
21/05/2025 17:27,23.9,18.3,59.6,949.2,545,949.3,0,23.7,15.5,1056,0,0,0,96,96,23.8,5.6,71.2,70.7
21/05/2025 17:28,23.9,18.3,59.6,949.4,544,949.4,0,23.7,15.5,1055,0,0,0,95,96,23.8,5.6,71.2,70.7
21/05/2025 17:28,23.9,18.3,59.6,949.4,544,949.4,0,23.7,15.5,1055,0,0,0,95,96,23.8,5.6,71.2,70.7
21/05/2025 17:29,23.9,18.3,59.7,949.2,545,949.3,0,23.7,15.5,1056,0,0,0,95,96,23.8,5.5,71.2,70.6
21/05/2025 17:29,23.9,18.3,59.6,949.4,544,949.4,0,23.7,15.5,1055,0,0,0,95,96,23.8,5.6,71.2,70.7
21/05/2025 17:30,23.9,18.3,59.5,949.2,545,949.3,0,23.7,15.5,1056,0,0,0,95,96,23.8,5.6,71.2,70.7
21/05/2025 17:30,23.9,18.3,59.6,949.2,545,949.3,0,23.7,15.5,1056,0,0,0,95,96,23.8,5.5,71.2,70.6
21/05/2025 17:31,23.9,18.3,59.6,949.4,544,949.4,0,23.7,15.5,1055,0,0,0,96,96,23.8,5.5,71.2,70.6
21/05/2025 17:31,23.9,18.3,59.6,949.2,546,949.2,0,23.7,15.5,1057,0,0,0,95,96,23.8,5.5,71.2,70.6
21/05/2025 17:32,23.9,18.3,59.6,949.2,545,949.2,0,23.7,15.5,1057,0,0,0,95,96,23.8,5.5,71.2,70.6
21/05/2025 17:32,23.9,18.3,59.6,949.2,545,949.3,0,23.7,15.5,1056,0,0,0,95,96,23.8,5.5,71.2,70.6
21/05/2025 17:33,23.9,18.3,59.6,949.2,545,949.3,0,23.7,15.5,1056,0,0,0,95,96,23.8,5.5,71.2,70.6
21/05/2025 17:33,23.9,18.3,59.6,949.2,545,949.3,0,23.7,15.5,1056,0,0,0,96,96,23.8,5.5,71.2,70.6
21/05/2025 17:34,23.9,18.3,59.6,949.2,545,949.2,0,23.7,15.5,1057,0,0,0,95,95,23.8,5.5,71.2,70.6
21/05/2025 17:34,23.9,18.3,59.6,949.2,545,949.2,0,23.7,15.5,1057,0,0,0,96,96,23.8,5.5,71.2,70.6
21/05/2025 17:35,23.9,18.3,59.6,949.2,544,949.3,0,23.7,15.5,1056,0,0,0,96,96,23.8,5.5,71.2,70.6
21/05/2025 17:35,23.9,18.3,59.6,949.2,545,949.3,0,23.7,15.5,1056,0,0,0,96,96,23.8,5.5,71.2,70.6
21/05/2025 17:36,23.9,18.3,59.6,949.2,545,949.2,0,23.7,15.5,1057,0,0,0,95,96,23.8,5.5,71.2,70.6
21/05/2025 17:36,23.9,18.3,59.6,949.2,546,949.2,0,23.7,15.5,1057,0,0,0,96,96,23.8,5.5,71.2,70.6
21/05/2025 17:37,23.9,18.3,59.6,949.2,546,949.2,0,23.7,15.5,1057,0,0,0,95,96,23.8,5.5,71.2,70.6
21/05/2025 17:37,23.9,18.3,59.6,949.2,545,949.2,0,23.7,15.5,1057,0,0,0,95,96,23.8,5.5,71.2,70.6
21/05/2025 17:38,23.9,18.3,59.6,949.2,546,949.2,0,23.7,15.5,1057,0,0,0,96,97,23.8,5.5,71.2,70.6
21/05/2025 17:38,23.9,18.3,59.6,949.2,545,949.2,0,23.7,15.5,1057,0,0,0,95,96,23.8,5.5,71.2,70.6
21/05/2025 17:39,23.9,18.3,59.6,949.2,545,949.2,0,23.7,15.5,1057,0,0,0,96,96,23.8,5.5,71.2,70.6
21/05/2025 17:39,23.9,18.3,59.6,949.2,545,949.2,0,23.7,15.5,1057,0,0,0,96,96,23.8,5.5,71.2,70.6
21/05/2025 17:40,23.9,18.3,59.6,949.2,544,949.3,0,23.7,15.5,1056,0,0,0,96,96,23.8,5.5,71.2,70.6
21/05/2025 17:40,23.9,18.3,59.6,949.2,545,949.2,0,23.7,15.5,1057,0,0,0,95,96,23.8,5.5,71.2,70.6
21/05/2025 17:41,23.9,18.3,59.6,949.2,545,949.3,0,23.7,15.5,1056,0,0,0,96,96,23.8,5.5,71.2,70.6
21/05/2025 17:41,23.9,18.3,59.6,949.2,544,949.3,0,23.7,15.5,1056,0,0,0,95,95,23.8,5.5,71.2,70.6
21/05/2025 17:42,23.9,18.3,59.6,949.2,544,949.3,0,23.7,15.5,1056,0,0,0,95,96,23.8,5.6,71.2,70.7
21/05/2025 17:42,23.9,18.3,59.6,949.2,544,949.3,0,23.7,15.5,1056,0,0,0,96,96,23.8,5.6,71.2,70.7
21/05/2025 17:43,23.9,18.3,59.6,949.2,545,949.3,0,23.7,15.5,1056,0,0,0,95,96,23.8,5.6,71.2,70.7
21/05/2025 17:43,23.9,18.3,59.6,949.2,545,949.2,0,23.7,15.5,1056,0,0,0,95,96,23.8,5.6,71.2,70.7
21/05/2025 17:44,23.9,18.3,59.6,949.2,545,949.2,0,23.7,15.5,1058,0,0,0,96,96,23.8,5.6,71.2,70.7
21/05/2025 17:44,23.9,18.3,59.7,949.2,545,949.2,0,23.7,15.6,1058,0,0,0,95,96,23.8,5.6,71.2,70.7
21/05/2025 17:45,23.9,18.3,59.7,949.2,545,949.3,0,23.7,15.6,1056,0,0,0,95,95,23.8,5.6,71.2,70.7
21/05/2025 17:45,23.9,18.3,59.7,949.2,545,949.3,0,23.7,15.6,1056,0,0,0,95,95,23.8,5.6,71.2,70.7
21/05/2025 17:46,23.9,18.3,59.6,949.2,545,949.3,0,23.7,15.5,1056,0,0,0,95,96,23.8,5.6,71.2,70.7
21/05/2025 17:46,23.9,18.3,59.7,949.2,545,949.2,0,23.7,15.6,1058,0,0,0,95,96,23.8,5.6,71.2,70.7
21/05/2025 17:47,23.9,18.3,59.6,949.2,544,949.3,0,23.7,15.5,1056,0,0,0,95,96,23.8,5.6,71.2,70.7
21/05/2025 17:47,23.9,18.3,59.7,949.2,545,949.2,0,23.7,15.6,1058,0,0,0,95,96,23.8,5.6,71.2,70.7
21/05/2025 17:48,23.9,18.3,59.7,949.2,544,949.3,0,23.7,15.6,1056,0,0,0,94,95,23.8,5.6,71.2,70.7
21/05/2025 17:48,23.9,18.3,59.6,949.2,545,949.3,0,23.7,15.5,1056,0,0,0,95,95,23.8,5.6,71.2,70.7
21/05/2025 17:49,23.9,18.3,59.7,949.2,544,949.3,0,23.7,15.6,1056,0,0,0,95,95,23.8,5.6,71.2,70.7
21/05/2025 17:49,23.9,18.3,59.7,949.2,545,949.3,0,23.7,15.6,1056,0,0,0,95,95,23.8,5.6,71.2,70.7
21/05/2025 17:50,23.9,18.3,59.7,949,546,949.1,0,23.7,15.6,1058,0,0,0,96,96,23.8,5.6,71.2,70.7
21/05/2025 17:50,23.9,18.3,59.6,949.2,546,949.2,0,23.7,15.5,1058,0,0,0,96,96,23.8,5.6,71.2,70.7
21/05/2025 17:51,23.9,18.3,59.6,949.2,545,949.2,0,23.7,15.5,1058,0,0,0,96,97,23.8,5.6,71.2,70.7
21/05/2025 17:51,23.9,18.3,59.7,949.2,545,949.3,0,23.7,15.6,1056,0,0,0,96,97,23.8,5.6,71.2,70.7
21/05/2025 17:52,23.9,18.3,59.7,949.2,546,949.2,0,23.7,15.6,1058,0,0,0,96,97,23.8,5.6,71.2,70.7
21/05/2025 17:52,23.9,18.3,59.6,949,547,949.1,0,23.7,15.5,1058,0,0,0,96,97,23.8,5.6,71.2,70.7
21/05/2025 17:53,23.9,18.3,59.7,949.2,546,949.2,0,23.7,15.6,1058,0,0,0,96,97,23.8,5.6,71.2,70.7
21/05/2025 17:53,23.9,18.3,59.7,949.2,545,949.2,0,23.7,15.6,1058,0,0,0,96,97,23.8,5.6,71.2,70.7
21/05/2025 17:54,23.9,18.3,59.7,949.2,546,949.2,0,23.7,15.6,1058,0,0,0,96,96,23.8,5.6,71.2,70.7
21/05/2025 17:54,23.9,18.3,59.6,949.2,546,949.2,0,23.7,15.5,1058,0,0,0,96,97,23.8,5.6,71.2,70.7
21/05/2025 17:55,23.9,18.3,59.7,949.2,546,949.2,0,23.7,15.6,1058,0,0,0,96,97,23.8,5.6,71.2,70.7
21/05/2025 17:55,23.9,18.3,59.6,949.2,545,949.2,0,23.7,15.5,1058,0,0,0,96,97,23.8,5.6,71.2,70.7
21/05/2025 17:56,23.9,18.3,59.6,949.2,545,949.2,0,23.7,15.5,1058,0,0,0,95,95,23.8,5.6,71.2,70.7
21/05/2025 17:56,23.9,18.3,59.6,949.2,545,949.2,0,23.7,15.5,1058,0,0,0,95,96,23.8,5.6,71.2,70.7
21/05/2025 17:57,23.9,18.3,59.7,949.2,545,949.3,0,23.7,15.6,1056,0,0,0,96,96,23.8,5.6,71.2,70.7
21/05/2025 17:57,23.9,18.3,59.7,949.2,545,949.2,0,23.7,15.6,1058,0,0,0,96,97,23.8,5.6,71.2,70.7
21/05/2025 17:58,23.9,18.3,59.7,949.2,546,949.2,0,23.7,15.6,1058,0,0,0,96,96,23.8,5.6,71.2,70.7
21/05/2025 17:58,23.9,18.3,59.6,949.2,545,949.2,0,23.7,15.6,1058,0,0,0,96,97,23.8,5.6,71.2,70.7
21/05/2025 17:59,23.9,18.3,59.6,949.2,545,949.3,0,23.7,15.6,1058,0,0,0,96,97,23.8,5.6,71.2,70.7
21/05/2025 17:59,23.9,18.3,59.6,949.2,545,949.2,0,23.7,15.6,1058,0,0,0,96,97,23.8,5.6,71.2,70.7
21/05/2025 18:00,23.9,18.3,59.6,949.2,545,949.3,0,23.7,15.6,1058,0,0,0,96,96,23.8,5.6,71.2,70.7
21/05/2025 18:00,23.9,18.3,59.7,949.2,546,949.2,0,23.7,15.6,1058,0,0,0,96,97,23.8,5.6,71.2,70.7
21/05/2025 18:01,23.9,18.3,59.8,949.2,545,949.2,0,23.7,15.6,1058,0,0,0,96,96,23.8,5.6,71.2,70.7
21/05/2025 18:01,23.9,18.3,59.8,949.2,545,949.3,0,23.7,15.6,1058,0,0,0,96,96,23.8,5.6,71.2,70.7
21/05/2025 18:02,23.9,18.3,59.7,949.2,546,949.1,0,23.8,15.6,1061,0,0,0,96,96,23.9,5.6,71.3,70.7
21/05/2025 18:02,23.9,18.3,59.7,949.2,546,949.2,0,23.8,15.6,1059,0,0,0,96,96,23.9,5.6,71.3,70.7
21/05/2025 18:03,23.9,18.3,59.7,949.2,546,949.2,0,23.8,15.6,1059,0,0,0,96,96,23.9,5.6,71.3,70.7
21/05/2025 18:03,23.9,18.3,59.7,949.2,546,949.2,0,23.8,15.6,1059,0,0,0,97,97,23.9,5.6,71.3,70.7
21/05/2025 18:04,23.9,18.3,59.7,949,547,949.1,0,23.8,15.6,1062,0,0,0,96,96,23.9,5.6,71.3,70.8
21/05/2025 18:04,23.9,18.3,59.7,949,546,949.1,0,23.8,15.6,1062,0,0,0,96,97,23.9,5.6,71.3,70.8
21/05/2025 18:05,23.9,18.3,59.7,949,547,949.1,0,23.8,15.6,1062,0,0,0,96,97,23.9,5.6,71.3,70.8
21/05/2025 18:05,23.9,18.3,59.7,949.2,546,949.2,0,23.8,15.6,1060,0,0,0,96,96,23.9,5.6,71.3,70.8
21/05/2025 18:06,23.9,18.3,59.7,949,546,949.1,0,23.8,15.6,1062,0,0,0,96,96,23.9,5.6,71.3,70.8
21/05/2025 18:06,23.9,18.3,59.7,949,547,949.1,0,23.8,15.6,1062,0,0,0,96,97,23.9,5.6,71.3,70.8
21/05/2025 18:07,23.9,18.3,59.7,949,546,949.1,0,23.8,15.6,1062,0,0,0,96,96,23.9,5.6,71.3,70.8
21/05/2025 18:07,23.9,18.3,59.7,949.2,545,949.2,0,23.8,15.6,1060,0,0,0,96,97,23.9,5.6,71.3,70.8
21/05/2025 18:08,23.9,18.3,59.7,949.2,546,949.2,0,23.8,15.6,1060,0,0,0,96,97,23.9,5.6,71.3,70.8
21/05/2025 18:08,23.9,18.3,59.8,949,547,949.1,0,23.8,15.6,1062,0,0,0,96,97,23.9,5.6,71.3,70.8
21/05/2025 18:09,23.9,18.3,59.8,949.2,545,949.2,0,23.8,15.6,1060,0,0,0,96,97,23.9,5.6,71.3,70.8
21/05/2025 18:09,24,18.4,59.7,949.2,546,949.2,0,23.8,15.6,1061,0,0,0,96,97,23.9,5.6,71.3,70.8
21/05/2025 18:10,23.9,18.4,59.8,949,547,949.1,0,23.8,15.6,1062,0,0,0,96,97,23.9,5.5,71.3,70.8
21/05/2025 18:10,23.9,18.3,59.7,949,547,949,0,23.8,15.6,1062,0,0,0,96,97,23.9,5.6,71.3,70.8
21/05/2025 18:11,23.9,18.3,59.7,949,547,949.1,0,23.8,15.6,1062,0,0,0,96,96,23.9,5.6,71.3,70.8
21/05/2025 18:11,23.9,18.3,59.7,949,546,949.1,0,23.8,15.6,1062,0,0,0,96,96,23.9,5.6,71.3,70.8
21/05/2025 18:12,23.9,18.3,59.7,949,546,949.1,0,23.8,15.6,1062,0,0,0,96,96,23.9,5.6,71.3,70.8
21/05/2025 18:12,23.9,18.3,59.7,949,547,949.1,0,23.8,15.6,1062,0,0,0,96,96,23.9,5.6,71.3,70.8
21/05/2025 18:13,23.9,18.3,59.7,949,547,949.1,0,23.8,15.6,1062,0,0,0,96,97,23.9,5.6,71.3,70.8
21/05/2025 18:13,23.9,18.3,59.7,949,547,949.1,0,23.8,15.6,1062,0,0,0,96,96,23.9,5.6,71.3,70.8
21/05/2025 18:14,23.9,18.3,59.7,949,548,949,0,23.8,15.6,1062,0,0,0,96,96,23.9,5.6,71.3,70.8
21/05/2025 18:14,23.9,18.3,59.7,949,547,949,0,23.8,15.6,1062,0,0,0,96,96,23.9,5.6,71.3,70.8
21/05/2025 18:15,23.9,18.3,59.7,949,548,949,0,23.8,15.6,1062,0,0,0,97,97,23.9,5.6,71.3,70.8
21/05/2025 18:15,23.9,18.3,59.6,949,547,949,0,23.8,15.6,1062,0,0,0,96,96,23.9,5.6,71.3,70.8
21/05/2025 18:16,23.9,18.3,59.7,949,547,949,0,23.8,15.6,1062,0,0,0,96,96,23.9,5.6,71.3,70.8
21/05/2025 18:16,23.9,18.3,59.7,948.9,548,948.9,0,23.8,15.6,1063,0,0,0,96,96,23.9,5.6,71.3,70.8
21/05/2025 18:17,23.9,18.3,59.6,949,547,949.1,0,23.8,15.6,1062,0,0,0,95,96,23.9,5.6,71.3,70.8
21/05/2025 18:17,23.9,18.3,59.6,949,547,949,0,23.8,15.6,1062,0,0,0,96,96,23.9,5.6,71.3,70.8
21/05/2025 18:18,24,18.4,59.6,949,547,949.1,0,23.8,15.6,1062,0,0,0,96,96,23.9,5.6,71.3,70.8
21/05/2025 18:18,23.9,18.3,59.6,949,547,949,0,23.8,15.6,1062,0,0,0,96,97,23.9,5.6,71.3,70.8
21/05/2025 18:19,23.9,18.3,59.6,949,548,949,0,23.8,15.6,1062,0,0,0,96,96,23.9,5.6,71.3,70.8
21/05/2025 18:19,24,18.4,59.5,949,547,949,0,23.8,15.6,1063,0,0,0,96,97,23.9,5.6,71.3,70.8
21/05/2025 18:20,23.9,18.3,59.6,949,547,949.1,0,23.8,15.6,1062,0,0,0,96,96,23.9,5.6,71.3,70.8
21/05/2025 18:20,24,18.4,59.5,949,547,949,0,23.8,15.6,1063,0,0,0,96,97,23.9,5.6,71.3,70.8
21/05/2025 18:21,24,18.4,59.6,949,546,949.1,0,23.8,15.6,1062,0,0,0,96,96,23.9,5.6,71.3,70.8
21/05/2025 18:21,24,18.4,59.6,949,547,949.1,0,23.8,15.6,1062,0,0,0,96,97,23.9,5.6,71.3,70.8
21/05/2025 18:22,24,18.4,59.6,949.2,546,949.2,0,23.8,15.6,1061,0,0,0,96,97,23.9,5.6,71.3,70.8
21/05/2025 18:22,24,18.4,59.6,949,547,949.1,0,23.8,15.6,1062,0,0,0,96,97,23.9,5.6,71.3,70.8
21/05/2025 18:23,24,18.4,59.6,949,547,949,0,23.8,15.6,1063,0,0,0,96,96,23.9,5.6,71.3,70.8
21/05/2025 18:23,24,18.4,59.6,949,547,949,0,23.8,15.6,1063,0,0,0,96,96,23.9,5.6,71.3,70.8
21/05/2025 18:24,24,18.4,59.6,948.9,549,948.9,0,23.8,15.6,1064,0,0,0,96,96,23.9,5.6,71.3,70.8
21/05/2025 18:24,24,18.4,59.6,949,548,949,0,23.8,15.6,1063,0,0,0,96,96,23.9,5.6,71.3,70.8
21/05/2025 18:25,24,18.4,59.6,949,547,949,0,23.8,15.6,1063,0,0,0,96,96,23.9,5.6,71.3,70.8
21/05/2025 18:25,24,18.4,59.6,949,548,949,0,23.8,15.6,1063,0,0,0,96,96,23.9,5.6,71.3,70.8
21/05/2025 18:26,24,18.4,59.6,949,548,949,0,23.8,15.6,1063,0,0,0,96,96,23.9,5.6,71.3,70.8
21/05/2025 18:26,24,18.4,59.6,949,548,949,0,23.8,15.6,1063,0,0,0,96,97,23.9,5.6,71.3,70.8
21/05/2025 18:27,24,18.4,59.6,949,548,949,0,23.8,15.6,1063,0,0,0,96,96,23.9,5.6,71.3,70.8
21/05/2025 18:27,24,18.4,59.7,949,547,949.1,0,23.8,15.6,1062,0,0,0,96,97,23.9,5.6,71.3,70.8
21/05/2025 18:28,24,18.4,59.7,949.2,546,949.1,0,23.8,15.6,1062,0,0,0,97,97,23.9,5.6,71.3,70.8
21/05/2025 18:28,24,18.4,59.6,949,548,949,0,23.8,15.6,1063,0,0,0,96,96,23.9,5.6,71.3,70.8
21/05/2025 18:29,24,18.4,59.7,949,547,949,0,23.8,15.6,1063,0,0,0,96,96,23.9,5.6,71.3,70.8
21/05/2025 18:29,24,18.4,59.7,949.2,546,949.2,0,23.8,15.6,1061,0,0,0,96,97,23.9,5.6,71.3,70.8
21/05/2025 18:30,24,18.4,59.7,949,547,949.1,0,23.8,15.6,1062,0,0,0,96,97,23.9,5.6,71.3,70.8
21/05/2025 18:30,24,18.4,59.7,949,547,949.1,0,23.8,15.6,1062,0,0,0,96,97,23.9,5.6,71.3,70.8
21/05/2025 18:31,24,18.4,59.7,949,546,949.1,0,23.8,15.6,1062,0,0,0,96,97,23.9,5.6,71.3,70.8
21/05/2025 18:31,24,18.4,59.7,949.2,546,949.2,0,23.8,15.6,1061,0,0,0,96,97,23.9,5.6,71.3,70.8
21/05/2025 18:32,24,18.4,59.7,949,547,949.1,0,23.8,15.6,1062,0,0,0,96,97,23.9,5.6,71.3,70.8
21/05/2025 18:32,24,18.4,59.7,949,547,949.1,0,23.8,15.6,1062,0,0,0,96,97,23.9,5.6,71.3,70.8
21/05/2025 18:33,24,18.4,59.6,949,547,949,0,23.8,15.6,1063,0,0,0,96,97,23.9,5.6,71.3,70.8
21/05/2025 18:33,24,18.4,59.6,949,547,949.1,0,23.8,15.6,1062,0,0,0,96,96,23.9,5.6,71.3,70.8
21/05/2025 18:34,24,18.4,59.6,949,548,949,0,23.8,15.6,1063,0,0,0,96,96,23.9,5.6,71.3,70.8
21/05/2025 18:34,24,18.4,59.5,949,547,949.1,0,23.8,15.6,1062,0,0,0,96,96,23.9,5.6,71.3,70.8
21/05/2025 18:35,24,18.4,59.5,949,547,949,0,23.8,15.6,1063,0,0,0,96,96,23.9,5.6,71.3,70.8
21/05/2025 18:35,23.9,18.3,59.6,949,547,949,0,23.8,15.6,1062,0,0,0,96,97,23.9,5.6,71.3,70.8
21/05/2025 18:36,23.9,18.3,59.6,949,547,949,0,23.8,15.6,1062,0,0,0,96,96,23.9,5.6,71.3,70.8
21/05/2025 18:36,23.9,18.3,59.6,949,548,949,0,23.8,15.6,1062,0,0,0,96,96,23.9,5.6,71.3,70.8
21/05/2025 18:37,23.9,18.3,59.6,949,547,949.1,0,23.8,15.6,1062,0,0,0,96,96,23.9,5.6,71.3,70.8
21/05/2025 18:37,23.9,18.3,59.6,949,546,949.1,0,23.8,15.6,1062,0,0,0,96,96,23.9,5.6,71.3,70.8
21/05/2025 18:38,23.9,18.3,59.6,949,547,949,0,23.8,15.6,1062,0,0,0,96,96,23.9,5.6,71.3,70.8
21/05/2025 18:38,23.9,18.3,59.6,948.9,548,948.9,0,23.8,15.6,1063,0,0,0,96,96,23.9,5.6,71.3,70.8
21/05/2025 18:39,23.9,18.3,59.6,949,547,949,0,23.8,15.6,1062,0,0,0,96,96,23.9,5.6,71.3,70.8
21/05/2025 18:39,23.9,18.3,59.6,949,547,949,0,23.8,15.6,1062,0,0,0,96,96,23.9,5.6,71.3,70.8
21/05/2025 18:40,23.9,18.3,59.6,949,548,949,0,23.8,15.6,1062,0,0,0,95,96,23.9,5.6,71.3,70.8
21/05/2025 18:40,23.9,18.3,59.6,948.9,548,948.9,0,23.8,15.6,1063,0,0,0,95,96,23.9,5.6,71.3,70.8
21/05/2025 18:41,23.9,18.3,59.6,949,548,949,0,23.8,15.6,1062,0,0,0,96,97,23.9,5.6,71.3,70.8
21/05/2025 18:41,23.9,18.3,59.6,949.2,546,949.2,0,23.8,15.6,1060,0,0,0,96,97,23.9,5.6,71.3,70.8
21/05/2025 18:42,23.9,18.3,59.6,949,548,949,0,23.8,15.6,1062,0,0,0,95,96,23.9,5.6,71.3,70.8
21/05/2025 18:42,23.9,18.3,59.6,949,547,949.1,0,23.8,15.6,1062,0,0,0,96,96,23.9,5.6,71.3,70.8
21/05/2025 18:43,23.9,18.3,59.6,949,547,949,0,23.8,15.6,1062,0,0,0,95,96,23.9,5.6,71.3,70.8
21/05/2025 18:43,23.9,18.3,59.6,949,547,949,0,23.8,15.6,1062,0,0,0,96,96,23.9,5.6,71.3,70.8
21/05/2025 18:44,23.9,18.3,59.6,949,547,949.1,0,23.8,15.6,1062,0,0,0,97,97,23.9,5.6,71.3,70.8
21/05/2025 18:44,23.9,18.3,59.6,949,547,949,0,23.8,15.6,1062,0,0,0,96,97,23.9,5.6,71.3,70.8
21/05/2025 18:45,23.9,18.3,59.6,949,546,949.1,0,23.8,15.6,1062,0,0,0,96,96,23.9,5.6,71.3,70.8
21/05/2025 18:45,23.9,18.3,59.6,949,547,949.1,0,23.8,15.6,1062,0,0,0,96,97,23.9,5.6,71.3,70.8
21/05/2025 18:46,23.9,18.3,59.6,949,546,949.1,0,23.8,15.6,1062,0,0,0,96,96,23.9,5.6,71.3,70.8
21/05/2025 18:46,23.9,18.3,59.6,949,548,949,0,23.8,15.6,1062,0,0,0,96,97,23.9,5.6,71.3,70.8
21/05/2025 18:47,23.9,18.3,59.6,949,547,949.1,0,23.8,15.6,1062,0,0,0,96,96,23.9,5.6,71.3,70.8
21/05/2025 18:47,23.9,18.3,59.6,949,547,949,0,23.8,15.6,1062,0,0,0,96,96,23.9,5.6,71.3,70.8
21/05/2025 18:48,23.9,18.3,59.6,949,547,949.1,0,23.8,15.6,1062,0,0,0,96,96,23.9,5.6,71.3,70.8
21/05/2025 18:48,24,18.4,59.6,949,547,949.1,0,23.8,15.6,1062,0,0,0,96,97,23.9,5.6,71.3,70.8
21/05/2025 18:49,24,18.4,59.6,949,547,949,0,23.8,15.6,1063,0,0,0,96,96,23.9,5.6,71.3,70.8
21/05/2025 18:49,24,18.4,59.6,949,547,949,0,23.8,15.6,1063,0,0,0,96,96,23.9,5.6,71.3,70.8
21/05/2025 18:50,24,18.4,59.6,949,547,949.1,0,23.8,15.6,1062,0,0,0,96,96,23.9,5.6,71.3,70.8
21/05/2025 18:50,24,18.4,59.6,949,547,949.1,0,23.8,15.6,1062,0,0,0,96,96,23.9,5.6,71.3,70.8
21/05/2025 18:51,24,18.4,59.6,949,546,949.1,0,23.8,15.6,1062,0,0,0,96,97,23.9,5.6,71.3,70.8
21/05/2025 18:51,23.9,18.3,59.6,949,547,949,0,23.8,15.6,1062,0,0,0,95,96,23.9,5.6,71.3,70.8
21/05/2025 18:52,24,18.4,59.6,949,547,949,0,23.8,15.6,1063,0,0,0,96,97,23.9,5.6,71.3,70.8
21/05/2025 18:52,23.9,18.3,59.6,949,546,949.1,0,23.8,15.6,1062,0,0,0,96,96,23.9,5.6,71.3,70.8
21/05/2025 18:53,24,18.4,59.6,949,547,949,0,23.8,15.6,1063,0,0,0,96,96,23.9,5.6,71.3,70.8
21/05/2025 18:53,23.9,18.3,59.6,949,546,949.1,0,23.8,15.6,1062,0,0,0,96,96,23.9,5.6,71.3,70.8
21/05/2025 18:54,23.9,18.3,59.6,949.2,546,949.2,0,23.8,15.6,1060,0,0,0,96,96,23.9,5.6,71.3,70.8
21/05/2025 18:54,23.9,18.3,59.6,949,547,949.1,0,23.8,15.6,1062,0,0,0,96,97,23.9,5.6,71.3,70.8
21/05/2025 18:55,23.9,18.3,59.6,949,547,949.1,0,23.8,15.6,1062,0,0,0,96,96,23.9,5.6,71.3,70.8
21/05/2025 18:55,23.9,18.3,59.6,949,546,949.1,0,23.8,15.6,1062,0,0,0,96,96,23.9,5.6,71.3,70.8
21/05/2025 18:56,23.9,18.3,59.6,949,546,949.1,0,23.8,15.6,1062,0,0,0,96,97,23.9,5.6,71.3,70.8
21/05/2025 18:56,23.9,18.3,59.6,949,547,949.1,0,23.8,15.6,1062,0,0,0,96,96,23.9,5.6,71.3,70.8
21/05/2025 18:57,23.9,18.3,59.5,949,546,949.1,0,23.8,15.6,1062,0,0,0,95,96,23.9,5.6,71.3,70.7
21/05/2025 18:57,23.9,18.3,59.6,949,546,949.1,0,23.8,15.6,1062,0,0,0,96,96,23.9,5.6,71.3,70.8
21/05/2025 18:58,23.9,18.3,59.6,949,546,949.1,0,23.8,15.6,1061,0,0,0,96,97,23.9,5.6,71.3,70.7
21/05/2025 18:58,23.9,18.3,59.6,949,547,949,0,23.8,15.6,1062,0,0,0,96,96,23.9,5.6,71.3,70.7
21/05/2025 18:59,23.9,18.3,59.5,949,546,949.1,0,23.8,15.6,1061,0,0,0,96,96,23.9,5.6,71.2,70.7
21/05/2025 18:59,23.9,18.3,59.5,949,547,949.1,0,23.8,15.6,1061,0,0,0,96,96,23.9,5.6,71.2,70.7
21/05/2025 19:00,23.9,18.3,59.5,949,546,949.1,0,23.8,15.6,1061,0,0,0,96,96,23.9,5.6,71.2,70.7
21/05/2025 19:00,23.9,18.3,59.5,949.2,546,949.2,0,23.8,15.6,1058,0,0,0,96,97,23.9,5.6,71.2,70.7
21/05/2025 19:01,23.9,18.3,59.5,949,546,949.1,0,23.8,15.6,1059,0,0,0,96,97,23.9,5.6,71.2,70.7
21/05/2025 19:01,23.9,18.3,59.5,949,547,949.1,0,23.8,15.6,1059,0,0,0,96,97,23.9,5.6,71.2,70.7
21/05/2025 19:02,23.9,18.3,59.6,949,547,949.1,0,23.7,15.6,1059,0,0,0,96,96,23.8,5.6,71.2,70.7
21/05/2025 19:02,23.9,18.3,59.6,949,546,949.1,0,23.7,15.6,1059,0,0,0,96,96,23.8,5.6,71.2,70.7
21/05/2025 19:03,23.9,18.3,59.6,949,547,949.1,0,23.7,15.6,1059,0,0,0,96,97,23.8,5.6,71.2,70.7
21/05/2025 19:03,23.9,18.3,59.5,949.2,546,949.2,0,23.7,15.5,1058,0,0,0,96,96,23.8,5.6,71.2,70.7
21/05/2025 19:04,23.9,18.3,59.5,949,546,949.1,0,23.7,15.5,1059,0,0,0,96,96,23.8,5.6,71.2,70.7
21/05/2025 19:04,23.9,18.3,59.5,949,547,949.1,0,23.7,15.5,1059,0,0,0,96,96,23.8,5.6,71.2,70.7
21/05/2025 19:05,23.9,18.3,59.5,949,546,949.1,0,23.7,15.5,1059,0,0,0,96,97,23.8,5.6,71.2,70.7
21/05/2025 19:05,23.9,18.3,59.5,949,547,949.1,0,23.7,15.5,1059,0,0,0,96,96,23.8,5.6,71.2,70.7
21/05/2025 19:06,23.9,18.3,59.6,949.2,546,949.2,0,23.7,15.5,1058,0,0,0,96,97,23.8,5.6,71.2,70.7
21/05/2025 19:06,23.9,18.3,59.6,949,547,949.1,0,23.7,15.5,1058,0,0,0,97,97,23.8,5.6,71.2,70.7
21/05/2025 19:07,23.9,18.3,59.6,949,547,949.1,0,23.7,15.5,1058,0,0,0,96,96,23.8,5.6,71.2,70.7
21/05/2025 19:07,23.9,18.3,59.6,949,548,949,0,23.7,15.5,1059,0,0,0,96,96,23.8,5.6,71.2,70.7
21/05/2025 19:08,23.9,18.3,59.6,949,548,949,0,23.7,15.5,1059,0,0,0,96,96,23.8,5.6,71.2,70.7
21/05/2025 19:08,23.9,18.3,59.6,949,548,949,0,23.7,15.5,1059,0,0,0,96,97,23.8,5.6,71.2,70.7
21/05/2025 19:09,23.9,18.3,59.6,949,548,949,0,23.7,15.5,1059,0,0,0,96,96,23.8,5.6,71.2,70.7
21/05/2025 19:09,23.9,18.3,59.6,949,547,949,0,23.7,15.5,1059,0,0,0,96,96,23.8,5.6,71.2,70.7
21/05/2025 19:10,23.9,18.3,59.6,949,547,949.1,0,23.7,15.5,1058,0,0,0,96,97,23.8,5.6,71.2,70.7
21/05/2025 19:10,23.9,18.3,59.6,949,548,949,0,23.7,15.5,1059,0,0,0,95,96,23.8,5.6,71.2,70.7
21/05/2025 19:11,23.9,18.3,59.6,949,547,949,0,23.7,15.5,1059,0,0,0,96,96,23.8,5.6,71.2,70.7
21/05/2025 19:11,23.9,18.3,59.6,949,547,949.1,0,23.7,15.5,1058,0,0,0,96,97,23.8,5.6,71.2,70.7
21/05/2025 19:12,23.9,18.3,59.6,949,547,949.1,0,23.7,15.5,1058,0,0,0,96,96,23.8,5.6,71.2,70.7
21/05/2025 19:12,23.9,18.3,59.6,949,546,949.1,0,23.7,15.5,1058,0,0,0,95,96,23.8,5.6,71.2,70.7
21/05/2025 19:13,23.9,18.3,59.6,949,546,949.1,0,23.7,15.5,1058,0,0,0,96,96,23.8,5.6,71.2,70.7
21/05/2025 19:13,23.9,18.3,59.6,949.2,546,949.2,0,23.7,15.5,1058,0,0,0,96,96,23.8,5.6,71.2,70.7
21/05/2025 19:14,23.9,18.3,59.7,949,547,949.1,0,23.7,15.5,1058,0,0,0,96,96,23.8,5.6,71.2,70.7
21/05/2025 19:14,23.9,18.3,59.7,949,547,949.1,0,23.7,15.5,1058,0,0,0,96,96,23.8,5.6,71.2,70.7
21/05/2025 19:15,23.9,18.3,59.7,949.2,546,949.2,0,23.7,15.5,1058,0,0,0,96,97,23.8,5.6,71.2,70.7
21/05/2025 19:15,23.9,18.3,59.7,949.2,546,949.2,0,23.7,15.5,1058,0,0,0,96,97,23.8,5.6,71.2,70.7
21/05/2025 19:16,23.9,18.3,59.6,949.2,545,949.2,0,23.7,15.5,1058,0,0,0,96,96,23.8,5.6,71.2,70.7
21/05/2025 19:16,23.9,18.3,59.6,949.2,546,949.1,0,23.7,15.5,1058,0,0,0,96,96,23.8,5.6,71.2,70.7
21/05/2025 19:17,23.9,18.3,59.6,949,546,949.1,0,23.7,15.5,1058,0,0,0,96,96,23.8,5.5,71.2,70.6
21/05/2025 19:17,23.9,18.3,59.6,949.2,545,949.2,0,23.7,15.5,1057,0,0,0,96,96,23.8,5.5,71.2,70.6
21/05/2025 19:18,23.9,18.3,59.6,949,546,949.1,0,23.7,15.5,1058,0,0,0,95,96,23.8,5.5,71.2,70.6
21/05/2025 19:18,23.9,18.3,59.6,949.2,545,949.2,0,23.7,15.5,1057,0,0,0,96,97,23.8,5.5,71.2,70.6
21/05/2025 19:19,23.9,18.3,59.6,949.2,545,949.2,0,23.7,15.5,1057,0,0,0,96,97,23.8,5.5,71.2,70.6
21/05/2025 19:19,23.9,18.3,59.6,949.2,545,949.2,0,23.7,15.5,1057,0,0,0,96,96,23.8,5.5,71.2,70.6
21/05/2025 19:20,23.9,18.3,59.6,949.2,545,949.3,0,23.7,15.5,1056,0,0,0,96,96,23.8,5.5,71.2,70.6
21/05/2025 19:20,23.9,18.3,59.6,949.2,545,949.3,0,23.7,15.5,1056,0,0,0,96,96,23.8,5.5,71.2,70.6
21/05/2025 19:21,23.8,18.2,59.6,949.2,546,949.2,0,23.7,15.5,1056,0,0,0,96,96,23.8,5.6,71.1,70.6
21/05/2025 19:21,23.8,18.2,59.6,949.2,546,949.2,0,23.7,15.5,1056,0,0,0,96,97,23.8,5.6,71.1,70.6
21/05/2025 19:22,23.8,18.2,59.6,949.2,545,949.3,0,23.7,15.5,1055,0,0,0,96,96,23.8,5.6,71.1,70.6
21/05/2025 19:22,23.8,18.2,59.6,949.2,545,949.2,0,23.7,15.5,1056,0,0,0,96,96,23.8,5.6,71.1,70.6
21/05/2025 19:23,23.8,18.2,59.6,949.2,544,949.3,0,23.7,15.5,1055,0,0,0,96,96,23.8,5.6,71.1,70.6
21/05/2025 19:23,23.8,18.2,59.5,949.4,544,949.4,0,23.7,15.5,1054,0,0,0,96,96,23.8,5.6,71.1,70.6
21/05/2025 19:24,23.8,18.2,59.6,949.2,545,949.3,0,23.7,15.5,1054,0,0,0,96,97,23.8,5.6,71.1,70.6
21/05/2025 19:24,23.8,18.2,59.6,949.2,544,949.3,0,23.7,15.5,1054,0,0,0,96,96,23.8,5.6,71.1,70.6
21/05/2025 19:25,23.8,18.2,59.6,949.2,545,949.3,0,23.7,15.5,1054,0,0,0,96,96,23.8,5.6,71.1,70.6
21/05/2025 19:25,23.8,18.2,59.5,949.4,543,949.4,0,23.7,15.5,1054,0,0,0,96,96,23.8,5.6,71.1,70.6
21/05/2025 19:26,23.8,18.2,59.6,949.2,544,949.3,0,23.7,15.5,1054,0,0,0,95,96,23.8,5.6,71.1,70.6
21/05/2025 19:26,23.8,18.2,59.6,949.2,544,949.3,0,23.7,15.5,1054,0,0,0,96,96,23.8,5.6,71.1,70.6
21/05/2025 19:27,23.8,18.2,59.6,949.4,544,949.4,0,23.7,15.5,1053,0,0,0,96,97,23.8,5.6,71.1,70.6
21/05/2025 19:27,23.8,18.2,59.6,949.2,544,949.4,0,23.7,15.5,1053,0,0,0,96,97,23.8,5.6,71.1,70.6
21/05/2025 19:28,23.8,18.2,59.5,949.2,545,949.3,0,23.7,15.4,1054,0,0,0,96,96,23.8,5.6,71.1,70.6
21/05/2025 19:28,23.8,18.2,59.6,949.4,544,949.4,0,23.7,15.5,1053,0,0,0,96,96,23.8,5.6,71.1,70.6
21/05/2025 19:29,23.8,18.2,59.6,949.4,544,949.4,0,23.7,15.5,1053,0,0,0,96,97,23.8,5.6,71.1,70.6
21/05/2025 19:29,23.8,18.2,59.6,949.4,543,949.4,0,23.7,15.5,1053,0,0,0,95,96,23.8,5.6,71.1,70.6
21/05/2025 19:30,23.8,18.2,59.5,949.4,544,949.4,0,23.7,15.4,1053,0,0,0,96,97,23.8,5.6,71.1,70.6
21/05/2025 19:30,23.8,18.2,59.5,949.5,543,949.5,0,23.7,15.4,1051,0,0,0,96,96,23.8,5.6,71.1,70.6
21/05/2025 19:31,23.8,18.2,59.5,949.4,544,949.4,0,23.7,15.4,1053,0,0,0,96,97,23.8,5.6,71.1,70.6
21/05/2025 19:31,23.8,18.2,59.6,949.2,544,949.3,0,23.7,15.5,1054,0,0,0,96,97,23.8,5.6,71.1,70.6
21/05/2025 19:32,23.8,18.2,59.6,949.2,544,949.3,0,23.6,15.5,1053,0,0,0,96,97,23.7,5.6,71.1,70.5
21/05/2025 19:32,23.8,18.2,59.6,949.2,544,949.3,0,23.6,15.5,1053,0,0,0,96,96,23.7,5.6,71.1,70.5
21/05/2025 19:33,23.8,18.2,59.6,949.2,544,949.3,0,23.7,15.5,1054,0,0,0,96,96,23.8,5.6,71.1,70.6
21/05/2025 19:33,23.8,18.2,59.6,949.4,543,949.4,0,23.7,15.5,1053,0,0,0,96,96,23.8,5.6,71.1,70.6
21/05/2025 19:34,23.8,18.2,59.6,949.4,544,949.4,0,23.7,15.5,1053,0,0,0,96,96,23.8,5.6,71.1,70.6
21/05/2025 19:34,23.8,18.2,59.6,949.4,544,949.4,0,23.7,15.5,1053,0,0,0,96,97,23.8,5.6,71.1,70.6
21/05/2025 19:35,23.8,18.2,59.6,949.2,544,949.3,0,23.7,15.5,1054,0,0,0,96,97,23.8,5.6,71.1,70.6
21/05/2025 19:35,23.8,18.2,59.6,949.2,544,949.3,0,23.7,15.5,1054,0,0,0,96,96,23.8,5.6,71.1,70.6
21/05/2025 19:36,23.8,18.2,59.6,949.2,544,949.3,0,23.7,15.5,1054,0,0,0,96,97,23.8,5.6,71.1,70.6
21/05/2025 19:36,23.8,18.2,59.6,949.4,543,949.4,0,23.7,15.5,1053,0,0,0,96,96,23.8,5.6,71.1,70.6
21/05/2025 19:37,23.8,18.2,59.6,949.2,544,949.3,0,23.7,15.5,1054,0,0,0,96,96,23.8,5.6,71.1,70.6
21/05/2025 19:37,23.8,18.2,59.6,949.4,544,949.4,0,23.7,15.5,1053,0,0,0,96,97,23.8,5.6,71.1,70.6
21/05/2025 19:38,23.8,18.2,59.6,949.2,544,949.3,0,23.7,15.5,1054,0,0,0,96,97,23.8,5.6,71.1,70.6
21/05/2025 19:38,23.8,18.2,59.6,949.4,543,949.4,0,23.7,15.5,1053,0,0,0,95,96,23.8,5.6,71.1,70.6
21/05/2025 19:39,23.8,18.2,59.6,949.4,544,949.4,0,23.7,15.5,1053,0,0,0,96,97,23.8,5.6,71.1,70.6
21/05/2025 19:39,23.8,18.2,59.6,949.4,544,949.4,0,23.7,15.5,1053,0,0,0,96,96,23.8,5.6,71.1,70.6
21/05/2025 19:40,23.8,18.2,59.6,949.2,544,949.3,0,23.7,15.5,1054,0,0,0,96,96,23.8,5.6,71.1,70.6
21/05/2025 19:40,23.8,18.2,59.6,949.2,545,949.3,0,23.7,15.5,1054,0,0,0,96,97,23.8,5.6,71.1,70.6
21/05/2025 19:41,23.8,18.2,59.6,949.2,544,949.3,0,23.7,15.5,1054,0,0,0,96,97,23.8,5.6,71.1,70.6
21/05/2025 19:41,23.8,18.2,59.6,949.2,544,949.3,0,23.7,15.5,1054,0,0,0,96,97,23.8,5.6,71.1,70.6
21/05/2025 19:42,23.8,18.2,59.7,949.4,544,949.4,0,23.6,15.5,1052,0,0,0,96,97,23.7,5.6,71.1,70.5
21/05/2025 19:42,23.8,18.2,59.7,949.4,544,949.4,0,23.6,15.5,1052,0,0,0,97,97,23.7,5.6,71.1,70.5
21/05/2025 19:43,23.8,18.2,59.7,949.2,544,949.4,0,23.6,15.5,1052,0,0,0,96,97,23.7,5.6,71.1,70.5
21/05/2025 19:43,23.8,18.2,59.7,949.4,544,949.4,0,23.6,15.5,1052,0,0,0,96,96,23.7,5.6,71.1,70.5
21/05/2025 19:44,23.8,18.2,59.7,949.2,544,949.3,0,23.6,15.5,1053,0,0,0,95,96,23.7,5.6,71.1,70.5
21/05/2025 19:44,23.8,18.2,59.7,949.2,544,949.3,0,23.6,15.5,1053,0,0,0,96,97,23.7,5.6,71.1,70.5
21/05/2025 19:45,23.8,18.2,59.7,949.4,544,949.4,0,23.6,15.5,1052,0,0,0,96,96,23.7,5.6,71.1,70.5
21/05/2025 19:45,23.8,18.2,59.7,949.4,543,949.4,0,23.6,15.5,1052,0,0,0,96,97,23.7,5.6,71.1,70.5
21/05/2025 19:46,23.8,18.2,59.6,949.2,544,949.3,0,23.6,15.5,1053,0,0,0,96,97,23.7,5.6,71.1,70.5
21/05/2025 19:46,23.8,18.2,59.7,949.2,545,949.3,0,23.6,15.5,1052,0,0,0,96,96,23.7,5.5,71,70.5
21/05/2025 19:47,23.8,18.2,59.6,949.4,543,949.4,0,23.6,15.5,1052,0,0,0,96,96,23.7,5.6,71.1,70.5
21/05/2025 19:47,23.8,18.2,59.6,949.2,544,949.3,0,23.6,15.5,1053,0,0,0,95,96,23.7,5.6,71.1,70.5
21/05/2025 19:48,23.8,18.2,59.7,949.2,545,949.3,0,23.6,15.5,1052,0,0,0,96,96,23.7,5.5,71,70.5
21/05/2025 19:48,23.8,18.2,59.7,949.2,545,949.2,0,23.6,15.5,1053,0,0,0,96,97,23.7,5.5,71,70.5
21/05/2025 19:49,23.8,18.2,59.7,949.2,544,949.4,0,23.6,15.4,1051,0,0,0,96,97,23.7,5.5,71,70.5
21/05/2025 19:49,23.8,18.2,59.7,949.2,545,949.3,0,23.6,15.4,1052,0,0,0,96,96,23.7,5.5,71,70.5
21/05/2025 19:50,23.8,18.2,59.7,949.2,544,949.3,0,23.6,15.4,1052,0,0,0,96,97,23.7,5.5,71,70.5
21/05/2025 19:50,23.7,18.2,59.8,949.4,544,949.4,0,23.6,15.4,1050,0,0,0,96,97,23.7,5.5,71,70.5
21/05/2025 19:51,23.7,18.2,59.8,949.2,544,949.4,0,23.6,15.4,1050,0,0,0,96,96,23.7,5.5,71,70.5
21/05/2025 19:51,23.7,18.2,59.7,949.2,545,949.3,0,23.6,15.4,1051,0,0,0,96,96,23.7,5.5,71,70.5
21/05/2025 19:52,23.7,18.2,59.7,949.5,543,949.5,0,23.6,15.4,1049,0,0,0,96,96,23.7,5.5,71,70.5
21/05/2025 19:52,23.7,18.2,59.7,949.2,544,949.3,0,23.6,15.4,1051,0,0,0,96,96,23.7,5.5,71,70.5
21/05/2025 19:53,23.7,18.2,59.7,949.2,544,949.3,0,23.6,15.4,1051,0,0,0,96,96,23.7,5.5,71,70.5
21/05/2025 19:53,23.7,18.2,59.7,949.2,544,949.3,0,23.6,15.4,1051,0,0,0,96,96,23.7,5.5,71,70.5
21/05/2025 19:54,23.7,18.2,59.7,949.4,543,949.4,0,23.6,15.4,1050,0,0,0,95,96,23.7,5.5,71,70.5
21/05/2025 19:54,23.7,18.2,59.7,949.4,544,949.4,0,23.6,15.4,1050,0,0,0,96,96,23.7,5.5,71,70.5
21/05/2025 19:55,23.7,18.2,59.7,949.4,543,949.4,0,23.6,15.4,1050,0,0,0,95,96,23.7,5.5,71,70.5
21/05/2025 19:55,23.7,18.2,59.7,949.4,543,949.4,0,23.6,15.4,1050,0,0,0,96,96,23.7,5.5,71,70.5
21/05/2025 19:56,23.7,18.2,59.7,949.5,543,949.5,0,23.6,15.4,1049,0,0,0,96,97,23.7,5.5,71,70.5
21/05/2025 19:56,23.7,18.2,59.8,949.4,544,949.4,0,23.6,15.4,1050,0,0,0,96,97,23.7,5.5,71,70.5
21/05/2025 19:57,23.7,18.2,59.8,949.4,543,949.4,0,23.6,15.4,1050,0,0,0,96,96,23.7,5.5,71,70.5
21/05/2025 19:57,23.7,18.2,59.8,949.4,544,949.4,0,23.6,15.4,1050,0,0,0,96,96,23.7,5.5,71,70.5
21/05/2025 19:58,23.7,18.2,59.8,949.4,543,949.4,0,23.6,15.4,1050,0,0,0,96,96,23.7,5.5,71,70.5
21/05/2025 19:58,23.7,18.2,59.8,949.4,543,949.4,0,23.6,15.4,1050,0,0,0,95,96,23.7,5.5,71,70.5
21/05/2025 19:59,23.8,18.2,59.7,949.4,543,949.4,0,23.6,15.5,1051,0,0,0,96,96,23.7,5.5,71,70.5
21/05/2025 19:59,23.7,18.2,59.8,949.4,544,949.4,0,23.6,15.5,1050,0,0,0,96,96,23.7,5.5,71,70.5
21/05/2025 20:00,23.8,18.2,59.7,949.4,543,949.4,0,23.6,15.5,1051,0,0,0,96,97,23.7,5.5,71,70.5
21/05/2025 20:00,23.8,18.2,59.8,949.5,543,949.5,0,23.6,15.5,1050,0,0,0,96,96,23.7,5.5,71,70.5
21/05/2025 20:01,23.8,18.2,59.8,949.5,542,949.5,0,23.6,15.5,1050,0,0,0,96,96,23.7,5.5,71,70.5
21/05/2025 20:01,23.8,18.2,59.8,949.4,543,949.4,0,23.6,15.5,1051,0,0,0,96,96,23.7,5.5,71,70.5
21/05/2025 20:02,23.8,18.2,59.8,949.4,544,949.4,0,23.6,15.5,1051,0,0,0,96,96,23.7,5.5,71,70.5
21/05/2025 20:02,23.8,18.2,59.8,949.5,542,949.5,0,23.6,15.5,1050,0,0,0,96,96,23.7,5.5,71,70.5
21/05/2025 20:03,23.8,18.2,59.8,949.5,542,949.5,0,23.6,15.5,1050,0,0,0,95,96,23.7,5.5,71,70.5
21/05/2025 20:03,23.8,18.2,59.8,949.5,543,949.5,0,23.6,15.5,1050,0,0,0,96,96,23.7,5.5,71,70.5
21/05/2025 20:04,23.8,18.2,59.8,949.4,543,949.4,0,23.6,15.5,1051,0,0,0,96,96,23.7,5.5,71,70.5
21/05/2025 20:04,23.7,18.2,59.9,949.4,543,949.4,0,23.6,15.5,1050,0,0,0,95,96,23.7,5.5,71,70.5
21/05/2025 20:05,23.8,18.2,59.8,949.4,543,949.4,0,23.6,15.5,1051,0,0,0,96,96,23.7,5.5,71,70.5
21/05/2025 20:05,23.7,18.2,59.9,949.5,542,949.5,0,23.6,15.5,1049,0,0,0,96,96,23.7,5.5,71,70.5
21/05/2025 20:06,23.7,18.2,59.9,949.4,544,949.4,0,23.6,15.5,1050,0,0,0,95,96,23.7,5.5,71,70.5
21/05/2025 20:06,23.7,18.2,59.9,949.4,543,949.4,0,23.6,15.5,1050,0,0,0,96,96,23.7,5.5,71,70.5
21/05/2025 20:07,23.7,18.2,59.9,949.5,543,949.5,0,23.6,15.5,1049,0,0,0,96,96,23.7,5.5,71,70.5
21/05/2025 20:07,23.7,18.2,59.9,949.5,542,949.6,0,23.6,15.5,1048,0,0,0,96,96,23.7,5.5,71,70.5
21/05/2025 20:08,23.7,18.2,59.9,949.5,542,949.6,0,23.6,15.5,1048,0,0,0,96,96,23.7,5.5,71,70.5
21/05/2025 20:08,23.7,18.2,59.9,949.5,542,949.6,0,23.6,15.5,1048,0,0,0,95,96,23.7,5.5,71,70.5
21/05/2025 20:09,23.7,18.2,59.9,949.5,542,949.6,0,23.6,15.5,1048,0,0,0,96,97,23.7,5.5,71,70.5
21/05/2025 20:09,23.7,18.2,59.9,949.5,542,949.6,0,23.6,15.5,1048,0,0,0,95,96,23.7,5.5,71,70.5
21/05/2025 20:10,23.7,18.2,59.9,949.5,542,949.6,0,23.6,15.5,1048,0,0,0,95,96,23.7,5.5,71,70.5
21/05/2025 20:10,23.7,18.2,59.9,949.5,542,949.6,0,23.6,15.5,1048,0,0,0,96,96,23.7,5.5,71,70.5
21/05/2025 20:11,23.7,18.2,59.8,949.5,542,949.6,0,23.6,15.5,1048,0,0,0,96,96,23.7,5.5,71,70.5
21/05/2025 20:11,23.7,18.2,59.8,949.5,542,949.6,0,23.6,15.5,1048,0,0,0,95,96,23.7,5.5,71,70.5
21/05/2025 20:12,23.7,18.2,59.9,949.5,542,949.6,0,23.6,15.5,1048,0,0,0,96,96,23.7,5.5,71,70.5
21/05/2025 20:12,23.7,18.2,59.8,949.7,542,949.7,0,23.6,15.5,1047,0,0,0,96,96,23.7,5.5,71,70.5
21/05/2025 20:13,23.7,18.2,59.9,949.7,542,949.7,0,23.6,15.5,1046,0,0,0,95,96,23.7,5.5,71,70.5
21/05/2025 20:13,23.7,18.2,59.8,949.7,542,949.6,0,23.6,15.5,1048,0,0,0,95,96,23.7,5.5,71,70.5
21/05/2025 20:14,23.7,18.2,59.8,949.5,542,949.6,0,23.6,15.5,1048,0,0,0,96,96,23.7,5.5,71,70.5
21/05/2025 20:14,23.7,18.2,59.8,949.5,542,949.6,0,23.6,15.5,1048,0,0,0,96,96,23.7,5.5,71,70.5
21/05/2025 20:15,23.7,18.2,59.8,949.7,542,949.7,0,23.6,15.5,1047,0,0,0,95,96,23.7,5.5,71,70.5
21/05/2025 20:15,23.7,18.2,59.9,949.7,542,949.6,0,23.6,15.5,1047,0,0,0,96,96,23.7,5.5,71,70.5
21/05/2025 20:16,23.7,18.2,59.8,949.7,542,949.7,0,23.6,15.5,1047,0,0,0,96,96,23.7,5.5,71,70.5
21/05/2025 20:16,23.7,18.2,59.8,949.7,542,949.6,0,23.6,15.5,1048,0,0,0,96,96,23.7,5.5,71,70.5
21/05/2025 20:17,23.7,18.2,59.9,949.5,542,949.6,0,23.6,15.5,1048,0,0,0,96,97,23.7,5.5,71,70.5
21/05/2025 20:17,23.7,18.2,59.9,949.5,542,949.6,0,23.6,15.5,1048,0,0,0,96,96,23.7,5.5,71,70.5
21/05/2025 20:18,23.7,18.2,59.9,949.5,542,949.6,0,23.6,15.5,1048,0,0,0,97,97,23.7,5.5,71,70.5
21/05/2025 20:18,23.7,18.2,59.9,949.7,540,949.7,0,23.6,15.5,1047,0,0,0,97,97,23.7,5.5,71,70.5
21/05/2025 20:19,23.7,18.2,59.9,949.7,542,949.7,0,23.6,15.5,1047,0,0,0,96,96,23.7,5.5,71,70.5
21/05/2025 20:19,23.7,18.2,59.9,949.7,540,949.8,0,23.6,15.5,1046,0,0,0,95,96,23.7,5.5,71,70.5
21/05/2025 20:20,23.7,18.2,59.9,949.7,540,949.7,0,23.6,15.5,1047,0,0,0,96,97,23.7,5.5,71,70.5
21/05/2025 20:20,23.7,18.2,59.9,949.7,542,949.7,0,23.6,15.5,1047,0,0,0,95,96,23.7,5.5,71,70.5
21/05/2025 20:21,23.7,18.2,59.9,949.7,542,949.6,0,23.6,15.5,1048,0,0,0,96,96,23.7,5.5,71,70.5
21/05/2025 20:21,23.7,18.2,59.9,949.7,540,949.7,0,23.6,15.5,1047,0,0,0,95,96,23.7,5.5,71,70.5
21/05/2025 20:22,23.7,18.2,59.9,949.7,540,949.7,0,23.6,15.5,1047,0,0,0,96,96,23.7,5.5,71,70.5
21/05/2025 20:22,23.7,18.2,60,949.7,540,949.8,0,23.6,15.5,1046,0,0,0,96,96,23.7,5.5,71,70.5
21/05/2025 20:23,23.7,18.2,60,949.7,540,949.8,0,23.6,15.5,1046,0,0,0,95,96,23.7,5.5,71,70.5
21/05/2025 20:23,23.7,18.2,59.9,949.7,540,949.7,0,23.6,15.5,1047,0,0,0,96,97,23.7,5.5,71,70.5
21/05/2025 20:24,23.7,18.2,60,949.7,542,949.7,0,23.6,15.5,1047,0,0,0,96,97,23.7,5.5,71,70.5
21/05/2025 20:24,23.7,18.2,60,949.7,540,949.7,0,23.6,15.5,1047,0,0,0,96,96,23.7,5.5,71,70.5
21/05/2025 20:25,23.7,18.2,60,949.7,540,949.7,0,23.6,15.5,1047,0,0,0,96,96,23.7,5.5,71,70.5
21/05/2025 20:25,23.7,18.2,60,949.7,542,949.7,0,23.6,15.5,1047,0,0,0,96,96,23.7,5.5,71,70.5
21/05/2025 20:26,23.7,18.2,60,949.7,540,949.8,0,23.6,15.5,1046,0,0,0,96,96,23.7,5.5,71,70.5
21/05/2025 20:26,23.7,18.2,60,949.7,540,949.8,0,23.6,15.5,1046,0,0,0,96,96,23.7,5.5,71,70.5
21/05/2025 20:27,23.7,18.2,60,949.7,540,949.8,0,23.6,15.5,1046,0,0,0,97,97,23.7,5.5,71,70.5
21/05/2025 20:27,23.7,18.2,60,949.7,540,949.7,0,23.6,15.5,1047,0,0,0,96,97,23.7,5.5,71,70.5
21/05/2025 20:28,23.7,18.2,60,949.7,540,949.7,0,23.6,15.5,1047,0,0,0,96,97,23.7,5.5,71,70.5
21/05/2025 20:28,23.7,18.2,60,949.7,542,949.7,0,23.6,15.5,1047,0,0,0,96,96,23.7,5.5,71,70.5
21/05/2025 20:29,23.7,18.2,59.9,949.7,542,949.7,0,23.6,15.5,1047,0,0,0,96,97,23.7,5.5,71,70.5
21/05/2025 20:29,23.7,18.2,59.9,949.7,540,949.8,0,23.6,15.5,1046,0,0,0,96,96,23.7,5.5,71,70.5
21/05/2025 20:30,23.7,18.2,59.9,949.7,540,949.8,0,23.6,15.5,1046,0,0,0,96,97,23.7,5.5,71,70.5
21/05/2025 20:30,23.7,18.2,59.9,949.7,540,949.8,0,23.6,15.5,1046,0,0,0,96,96,23.7,5.5,71,70.5
21/05/2025 20:31,23.7,18.2,59.9,949.7,540,949.8,0,23.6,15.5,1046,0,0,0,96,96,23.7,5.5,71,70.5
21/05/2025 20:31,23.7,18.2,59.9,949.7,540,949.8,0,23.6,15.5,1046,0,0,0,96,96,23.7,5.5,71,70.5
21/05/2025 20:32,23.7,18.2,59.9,949.5,542,949.6,0,23.6,15.5,1048,0,0,0,96,96,23.7,5.5,71,70.5
21/05/2025 20:32,23.7,18.2,60,949.7,540,949.8,0,23.6,15.5,1045,0,0,0,96,96,23.7,5.5,71,70.5
21/05/2025 20:33,23.7,18.2,60,949.7,540,949.7,0,23.7,15.5,1046,0,0,0,96,96,23.7,5.5,71,70.5
21/05/2025 20:33,23.7,18.2,59.9,949.7,540,949.8,0,23.6,15.5,1045,0,0,0,96,96,23.7,5.5,71,70.5
21/05/2025 20:34,23.7,18.2,59.9,949.7,540,949.8,0,23.6,15.5,1045,0,0,0,96,97,23.7,5.5,71,70.5
21/05/2025 20:34,23.7,18.2,59.9,949.7,540,949.7,0,23.6,15.5,1046,0,0,0,96,97,23.7,5.5,71,70.5
21/05/2025 20:35,23.7,18.2,59.9,949.9,539,949.9,0,23.6,15.5,1044,0,0,0,96,96,23.7,5.5,71,70.5
21/05/2025 20:35,23.7,18.2,59.9,949.7,540,949.8,0,23.6,15.5,1045,0,0,0,96,97,23.7,5.5,71,70.5
21/05/2025 20:36,23.7,18.2,59.9,949.7,540,949.8,0,23.6,15.5,1045,0,0,0,96,96,23.7,5.5,71,70.5
21/05/2025 20:36,23.7,18.2,59.9,949.7,540,949.8,0,23.6,15.5,1045,0,0,0,96,97,23.7,5.5,71,70.5
21/05/2025 20:37,23.7,18.2,59.9,949.7,540,949.8,0,23.6,15.4,1045,0,0,0,96,96,23.7,5.5,71,70.5
21/05/2025 20:37,23.7,18.2,59.9,949.7,540,949.8,0,23.6,15.5,1045,0,0,0,96,96,23.7,5.5,71,70.5
21/05/2025 20:38,23.7,18.2,59.9,949.7,540,949.8,0,23.6,15.4,1045,0,0,0,96,96,23.7,5.5,71,70.5
21/05/2025 20:38,23.7,18.2,59.9,949.7,540,949.8,0,23.6,15.4,1045,0,0,0,96,96,23.7,5.5,71,70.5
21/05/2025 20:39,23.7,18.2,59.9,949.7,540,949.8,0,23.6,15.4,1045,0,0,0,96,97,23.7,5.5,71,70.5
21/05/2025 20:39,23.7,18.2,59.9,949.7,540,949.8,0,23.6,15.5,1045,0,0,0,96,97,23.7,5.5,71,70.5
21/05/2025 20:40,23.7,18.2,59.9,949.9,539,949.9,0,23.6,15.4,1044,0,0,0,96,96,23.7,5.5,71,70.5
21/05/2025 20:40,23.7,18.2,59.9,949.7,540,949.8,0,23.6,15.4,1045,0,0,0,96,97,23.7,5.5,71,70.5
21/05/2025 20:41,23.7,18.2,59.9,949.9,540,949.9,0,23.5,15.4,1043,0,0,0,96,97,23.6,5.5,71,70.4
21/05/2025 20:41,23.7,18.2,59.9,949.9,540,949.9,0,23.5,15.4,1043,0,0,0,96,97,23.6,5.5,71,70.4
21/05/2025 20:42,23.7,18.2,59.9,949.9,540,949.9,0,23.6,15.5,1044,0,0,0,95,96,23.7,5.5,71,70.5
21/05/2025 20:42,23.7,18.2,59.9,949.7,540,949.8,0,23.6,15.4,1045,0,0,0,96,97,23.7,5.5,71,70.5
21/05/2025 20:43,23.7,18.2,59.9,949.7,540,949.8,0,23.6,15.4,1045,0,0,0,96,96,23.7,5.5,71,70.5
21/05/2025 20:43,23.7,18.2,59.9,949.7,540,949.8,0,23.6,15.5,1045,0,0,0,96,97,23.7,5.5,71,70.5
21/05/2025 20:44,23.7,18.2,59.9,949.9,539,949.9,0,23.6,15.5,1044,0,0,0,96,97,23.7,5.5,71,70.5
21/05/2025 20:44,23.7,18.2,59.9,949.7,540,949.8,0,23.6,15.5,1045,0,0,0,96,97,23.7,5.5,71,70.5
21/05/2025 20:45,23.7,18.2,59.9,949.7,540,949.8,0,23.6,15.5,1045,0,0,0,96,96,23.7,5.5,71,70.5
21/05/2025 20:45,23.7,18.2,59.9,949.7,540,949.8,0,23.6,15.5,1045,0,0,0,96,96,23.7,5.5,71,70.5
21/05/2025 20:46,23.7,18.2,60,949.9,540,949.9,0,23.6,15.5,1044,0,0,0,96,97,23.7,5.5,71,70.5
21/05/2025 20:46,23.7,18.2,60,949.9,540,949.9,0,23.7,15.5,1044,0,0,0,96,97,23.7,5.5,71,70.5
21/05/2025 20:47,23.7,18.2,60,949.7,540,949.8,0,23.7,15.5,1045,0,0,0,96,96,23.7,5.5,71,70.5
21/05/2025 20:47,23.7,18.2,60,949.7,540,949.8,0,23.7,15.5,1045,0,0,0,96,97,23.7,5.5,71,70.5
21/05/2025 20:48,23.7,18.2,59.9,949.7,540,949.8,0,23.6,15.5,1046,0,0,0,96,96,23.7,5.5,71,70.5
21/05/2025 20:48,23.7,18.2,60,949.9,540,949.9,0,23.7,15.5,1045,0,0,0,96,97,23.7,5.5,71,70.5
21/05/2025 20:49,23.7,18.2,60,949.9,539,949.9,0,23.7,15.5,1045,0,0,0,96,97,23.7,5.5,71,70.5
21/05/2025 20:49,23.7,18.2,60,949.7,540,949.8,0,23.7,15.5,1046,0,0,0,96,97,23.7,5.5,71,70.5
21/05/2025 20:50,23.7,18.2,60,949.9,540,949.9,0,23.7,15.5,1045,0,0,0,96,96,23.7,5.5,71,70.5
21/05/2025 20:50,23.7,18.2,60.1,949.9,540,949.9,0,23.7,15.5,1045,0,0,0,97,97,23.7,5.5,71,70.5
21/05/2025 20:51,23.7,18.2,60.1,949.9,540,949.9,0,23.7,15.5,1045,0,0,0,96,97,23.7,5.5,71,70.5
21/05/2025 20:51,23.7,18.2,60.1,949.9,540,949.9,0,23.7,15.5,1045,0,0,0,96,97,23.7,5.5,71,70.5
21/05/2025 20:52,23.7,18.2,60.1,949.9,540,949.9,0,23.7,15.5,1045,0,0,0,96,96,23.7,5.5,71,70.5
21/05/2025 20:52,23.7,18.2,60.1,949.7,540,949.9,0,23.7,15.5,1045,0,0,0,97,97,23.7,5.5,71,70.5
21/05/2025 20:53,23.7,18.2,60.1,949.7,540,949.8,0,23.7,15.5,1046,0,0,0,96,96,23.7,5.5,71,70.5
21/05/2025 20:53,23.7,18.2,60.1,949.9,540,949.9,0,23.7,15.5,1045,0,0,0,96,97,23.7,5.5,71,70.5
21/05/2025 20:54,23.7,18.2,60.1,949.7,540,949.9,0,23.7,15.5,1045,0,0,0,96,96,23.7,5.5,71,70.5
21/05/2025 20:54,23.7,18.2,60.1,949.7,540,949.8,0,23.7,15.5,1046,0,0,0,96,97,23.7,5.5,71,70.5
21/05/2025 20:55,23.7,18.2,60.1,949.9,540,949.9,0,23.7,15.5,1045,0,0,0,98,99,23.7,5.5,71,70.5
21/05/2025 20:55,23.7,18.2,60.1,950,539,950,0,23.7,15.5,1044,0,0,0,96,97,23.7,5.5,71,70.5
21/05/2025 20:56,23.7,18.2,60.1,949.9,539,949.9,0,23.7,15.5,1045,0,0,0,96,97,23.7,5.5,71,70.5
21/05/2025 20:56,23.7,18.2,60.1,950,539,950,0,23.7,15.5,1044,0,0,0,96,97,23.7,5.5,71,70.5
21/05/2025 20:57,23.7,18.2,60.1,949.9,540,949.9,0,23.7,15.5,1045,0,0,0,96,97,23.7,5.5,71,70.5
21/05/2025 20:57,23.7,18.2,60.1,949.9,540,949.9,0,23.7,15.5,1045,0,0,0,96,96,23.7,5.5,71,70.5
21/05/2025 20:58,23.7,18.2,60.1,950,539,950,0,23.7,15.5,1044,0,0,0,96,97,23.7,5.5,71,70.5
21/05/2025 20:58,23.7,18.2,60.1,950,539,950,0,23.7,15.5,1044,0,0,0,97,97,23.7,5.5,71,70.5
21/05/2025 20:59,23.7,18.2,60,949.9,540,949.9,0,23.7,15.5,1045,0,0,0,96,96,23.7,5.5,71,70.5
21/05/2025 20:59,23.7,18.2,60,949.9,539,949.9,0,23.7,15.5,1045,0,0,0,96,96,23.7,5.5,71,70.5
21/05/2025 21:00,23.7,18.2,60,949.9,539,949.9,0,23.7,15.5,1045,0,0,0,96,97,23.7,5.5,71,70.5
21/05/2025 21:00,23.7,18.2,60,950,538,950,0,23.7,15.5,1044,0,0,0,95,96,23.7,5.5,71,70.5
21/05/2025 21:01,23.7,18.2,60,950,539,950,0,23.7,15.5,1043,0,0,0,96,97,23.7,5.5,71,70.5
21/05/2025 21:01,23.7,18.2,60.1,950,538,950,0,23.7,15.5,1043,0,0,0,96,97,23.7,5.5,71,70.5
21/05/2025 21:02,23.7,18.2,60,950,538,950,0,23.7,15.5,1043,0,0,0,96,97,23.7,5.5,71,70.5
21/05/2025 21:02,23.7,18.2,60,950,539,950,0,23.7,15.5,1043,0,0,0,97,97,23.7,5.5,71,70.5
21/05/2025 21:03,23.7,18.2,60,950,538,950,0,23.7,15.5,1043,0,0,0,96,97,23.7,5.5,71,70.5
21/05/2025 21:03,23.7,18.2,60,950,537,950.1,0,23.7,15.5,1041,0,0,0,96,96,23.7,5.5,71,70.5
21/05/2025 21:04,23.7,18.2,60,950,538,950.1,0,23.7,15.5,1041,0,0,0,96,96,23.7,5.5,71,70.5
21/05/2025 21:04,23.7,18.2,60,950,538,950,0,23.6,15.5,1043,0,0,0,96,97,23.7,5.5,71,70.5
21/05/2025 21:05,23.7,18.2,59.9,950,538,950,0,23.6,15.5,1043,0,0,0,96,97,23.7,5.5,71,70.5
21/05/2025 21:05,23.7,18.2,60,950,539,950,0,23.6,15.5,1043,0,0,0,96,96,23.7,5.5,71,70.5
21/05/2025 21:06,23.7,18.2,60,950,538,950,0,23.6,15.5,1043,0,0,0,97,98,23.7,5.5,71,70.5
21/05/2025 21:06,23.7,18.2,60,950,539,950,0,23.6,15.5,1043,0,0,0,97,97,23.7,5.5,71,70.5
21/05/2025 21:07,23.7,18.2,60,950,539,950,0,23.6,15.5,1042,0,0,0,96,96,23.6,5.5,71,70.5
21/05/2025 21:07,23.7,18.2,60,950,538,950,0,23.6,15.5,1043,0,0,0,96,97,23.7,5.5,71,70.5
21/05/2025 21:08,23.7,18.2,60,950,539,950,0,23.6,15.5,1042,0,0,0,96,97,23.6,5.5,71,70.5
21/05/2025 21:08,23.7,18.2,60,950,539,950,0,23.5,15.5,1042,0,0,0,96,97,23.6,5.5,71,70.5
21/05/2025 21:09,23.7,18.2,60,950,539,950,0,23.5,15.5,1042,0,0,0,96,96,23.6,5.5,71,70.5
21/05/2025 21:09,23.7,18.2,60,949.9,539,949.9,0,23.5,15.5,1043,0,0,0,96,96,23.6,5.5,71,70.5
21/05/2025 21:10,23.7,18.2,60,950,538,950,0,23.5,15.5,1042,0,0,0,96,96,23.6,5.5,71,70.5
21/05/2025 21:10,23.7,18.2,59.9,950,539,950,0,23.5,15.4,1042,0,0,0,96,97,23.6,5.5,71,70.4
21/05/2025 21:11,23.7,18.2,60,950,538,950.1,0,23.6,15.5,1041,0,0,0,96,97,23.6,5.5,71,70.5
21/05/2025 21:11,23.7,18.2,60,950,539,950,0,23.5,15.5,1042,0,0,0,96,97,23.6,5.5,71,70.5
21/05/2025 21:12,23.7,18.2,60,949.9,539,949.9,0,23.5,15.5,1043,0,0,0,97,97,23.6,5.5,71,70.5
21/05/2025 21:12,23.7,18.2,60,950,539,950,0,23.5,15.5,1042,0,0,0,97,97,23.6,5.5,71,70.5
21/05/2025 21:13,23.7,18.2,60,949.9,539,949.9,0,23.5,15.5,1043,0,0,0,96,97,23.6,5.5,71,70.5
21/05/2025 21:13,23.7,18.2,60,950,538,950,0,23.5,15.5,1042,0,0,0,97,97,23.6,5.5,71,70.5
21/05/2025 21:14,23.7,18.2,60,950,538,950,0,23.5,15.5,1042,0,0,0,96,97,23.6,5.5,71,70.5
21/05/2025 21:14,23.7,18.2,60,950,539,950,0,23.5,15.5,1042,0,0,0,97,97,23.6,5.5,71,70.5
21/05/2025 21:15,23.7,18.2,60,950,537,950.1,0,23.6,15.5,1041,0,0,0,96,96,23.6,5.5,71,70.5
21/05/2025 21:15,23.7,18.2,60,950,538,950,0,23.6,15.5,1042,0,0,0,97,97,23.6,5.5,71,70.5
21/05/2025 21:16,23.7,18.2,60,950,538,950,0,23.6,15.5,1042,0,0,0,96,97,23.6,5.5,71,70.5
21/05/2025 21:16,23.7,18.2,60,950,539,950,0,23.6,15.5,1042,0,0,0,96,97,23.6,5.5,71,70.5
21/05/2025 21:17,23.7,18.2,60,950,538,950.1,0,23.6,15.5,1041,0,0,0,97,97,23.7,5.5,71,70.5
21/05/2025 21:17,23.7,18.2,60,950,538,950.1,0,23.6,15.5,1041,0,0,0,96,97,23.6,5.5,71,70.5
21/05/2025 21:18,23.7,18.2,60.1,950,538,950,0,23.6,15.5,1042,0,0,0,97,98,23.6,5.5,71,70.5
21/05/2025 21:18,23.7,18.2,60.1,950,538,950,0,23.6,15.5,1042,0,0,0,96,97,23.6,5.5,71,70.5
21/05/2025 21:19,23.7,18.2,60.1,950,538,950.1,0,23.6,15.5,1041,0,0,0,97,97,23.6,5.5,71,70.5
21/05/2025 21:19,23.7,18.2,60.1,950,538,950.1,0,23.6,15.5,1041,0,0,0,96,97,23.6,5.5,71,70.5
21/05/2025 21:20,23.7,18.2,60.1,950,537,950.1,0,23.6,15.5,1041,0,0,0,96,97,23.6,5.5,71,70.5
21/05/2025 21:20,23.7,18.2,60.1,950,538,950,0,23.6,15.5,1042,0,0,0,96,97,23.6,5.5,71,70.5
21/05/2025 21:21,23.7,18.2,60.1,950,537,950.1,0,23.6,15.5,1041,0,0,0,96,97,23.6,5.5,71,70.5
21/05/2025 21:21,23.7,18.2,60.1,950,538,950.1,0,23.6,15.5,1041,0,0,0,97,97,23.6,5.5,71,70.5
21/05/2025 21:22,23.7,18.2,60.1,950,537,950.1,0,23.6,15.5,1041,0,0,0,97,97,23.6,5.5,71,70.5
21/05/2025 21:22,23.7,18.2,60.1,950,538,950.1,0,23.6,15.5,1041,0,0,0,97,97,23.6,5.5,71,70.5
21/05/2025 21:23,23.7,18.2,60.1,950.2,537,950.1,0,23.6,15.5,1041,0,0,0,97,97,23.6,5.5,71,70.5
21/05/2025 21:23,23.7,18.2,60,950,538,950.1,0,23.6,15.5,1041,0,0,0,96,96,23.6,5.5,71,70.5
21/05/2025 21:24,23.7,18.2,60,950.2,537,950.2,0,23.6,15.5,1040,0,0,0,96,97,23.6,5.5,71,70.5
21/05/2025 21:24,23.7,18.2,60,950,537,950.1,0,23.6,15.5,1041,0,0,0,96,97,23.6,5.5,71,70.5
21/05/2025 21:25,23.7,18.2,60.1,950,538,950,0,23.6,15.5,1041,0,0,0,96,96,23.6,5.5,71,70.4
21/05/2025 21:25,23.7,18.2,60.1,950,537,950.1,0,23.6,15.5,1040,0,0,0,96,97,23.6,5.5,71,70.4
21/05/2025 21:26,23.7,18.2,60.1,950.2,536,950.2,0,23.6,15.5,1039,0,0,0,97,97,23.6,5.5,71,70.4
21/05/2025 21:26,23.7,18.2,60,950.2,537,950.2,0,23.6,15.5,1039,0,0,0,96,96,23.6,5.5,71,70.4
21/05/2025 21:27,23.7,18.2,60,950.2,537,950.2,0,23.5,15.4,1039,0,0,0,97,97,23.6,5.5,71,70.4
21/05/2025 21:27,23.7,18.2,60,950.2,537,950.1,0,23.5,15.4,1040,0,0,0,97,97,23.6,5.5,71,70.4
21/05/2025 21:28,23.7,18.2,60,950.2,537,950.2,0,23.5,15.4,1039,0,0,0,96,97,23.6,5.5,71,70.4
21/05/2025 21:28,23.7,18.2,60,950.2,537,950.2,0,23.5,15.4,1039,0,0,0,97,97,23.6,5.5,70.9,70.4
21/05/2025 21:29,23.6,18.1,60,950.2,536,950.2,0,23.6,15.4,1038,0,0,0,96,96,23.6,5.5,70.9,70.4
21/05/2025 21:29,23.6,18.1,60,950.2,537,950.2,0,23.6,15.4,1038,0,0,0,96,96,23.6,5.5,70.9,70.4
21/05/2025 21:30,23.6,18.1,60,950,538,950.1,0,23.6,15.4,1039,0,0,0,96,96,23.6,5.5,70.9,70.4
21/05/2025 21:30,23.6,18.1,60,950.2,537,950.1,0,23.6,15.4,1039,0,0,0,96,97,23.6,5.5,70.9,70.4
21/05/2025 21:31,23.6,18.1,60,950.2,536,950.2,0,23.6,15.4,1038,0,0,0,96,97,23.6,5.5,70.9,70.4
21/05/2025 21:31,23.6,18.1,59.9,950.2,537,950.1,0,23.5,15.4,1039,0,0,0,96,97,23.6,5.5,70.9,70.4
21/05/2025 21:32,23.6,18.1,59.9,950,538,950.1,0,23.5,15.4,1039,0,0,0,96,97,23.6,5.5,70.9,70.4
21/05/2025 21:32,23.6,18.1,60,950.2,537,950.2,0,23.6,15.4,1037,0,0,0,95,96,23.6,5.5,70.9,70.4
21/05/2025 21:33,23.6,18.1,60,950.2,537,950.2,0,23.6,15.4,1037,0,0,0,96,96,23.6,5.5,70.9,70.4
21/05/2025 21:33,23.6,18.1,60,950.2,537,950.2,0,23.5,15.4,1037,0,0,0,96,97,23.6,5.5,70.9,70.3
21/05/2025 21:34,23.6,18.1,60,950.2,536,950.3,0,23.5,15.4,1036,0,0,0,96,97,23.6,5.5,70.9,70.3
21/05/2025 21:34,23.6,18.1,60,950.2,536,950.2,0,23.5,15.4,1037,0,0,0,97,97,23.6,5.5,70.9,70.3
21/05/2025 21:35,23.6,18.1,60,950.2,536,950.2,0,23.5,15.4,1037,0,0,0,96,97,23.6,5.5,70.9,70.3
21/05/2025 21:35,23.6,18.1,60,950.2,535,950.3,0,23.5,15.4,1036,0,0,0,96,97,23.6,5.5,70.9,70.3
21/05/2025 21:36,23.6,18.1,60,950.2,536,950.3,0,23.5,15.4,1036,0,0,0,97,97,23.6,5.5,70.9,70.3
21/05/2025 21:36,23.6,18.1,60,950.2,536,950.3,0,23.5,15.4,1036,0,0,0,96,97,23.6,5.5,70.9,70.3
21/05/2025 21:37,23.6,18.1,60,950.2,536,950.2,0,23.5,15.4,1037,0,0,0,96,97,23.6,5.5,70.9,70.3
21/05/2025 21:37,23.6,18.1,60,950.2,535,950.3,0,23.5,15.4,1035,0,0,0,96,97,23.6,5.5,70.8,70.3
21/05/2025 21:38,23.6,18.1,60,950.2,535,950.3,0,23.5,15.4,1035,0,0,0,97,97,23.6,5.5,70.8,70.3
21/05/2025 21:38,23.6,18.1,60,950.4,535,950.4,0,23.5,15.4,1034,0,0,0,95,96,23.6,5.5,70.8,70.3
21/05/2025 21:39,23.6,18.1,60,950.2,535,950.3,0,23.5,15.4,1035,0,0,0,97,97,23.6,5.5,70.8,70.3
21/05/2025 21:39,23.6,18.1,60,950.2,535,950.3,0,23.5,15.4,1035,0,0,0,96,97,23.6,5.5,70.8,70.3
21/05/2025 21:40,23.6,18.1,59.9,950.2,536,950.3,0,23.5,15.4,1035,0,0,0,96,97,23.6,5.5,70.8,70.3
21/05/2025 21:40,23.6,18.1,60,950.4,535,950.4,0,23.5,15.4,1034,0,0,0,96,96,23.6,5.5,70.8,70.3
21/05/2025 21:41,23.6,18.1,59.9,950.2,535,950.3,0,23.5,15.4,1035,0,0,0,96,97,23.6,5.5,70.8,70.3
21/05/2025 21:41,23.6,18.1,60,950.2,536,950.3,0,23.5,15.4,1035,0,0,0,96,97,23.6,5.5,70.8,70.3
21/05/2025 21:42,23.6,18.1,60,950.4,535,950.4,0,23.5,15.4,1034,0,0,0,96,97,23.6,5.5,70.8,70.3
21/05/2025 21:42,23.6,18.1,60,950.2,535,950.3,0,23.5,15.4,1035,0,0,0,96,97,23.6,5.5,70.8,70.3
21/05/2025 21:43,23.6,18.1,60,950.4,535,950.4,0,23.5,15.4,1034,0,0,0,96,97,23.6,5.5,70.8,70.3
21/05/2025 21:43,23.6,18.1,60,950.2,535,950.4,0,23.6,15.4,1034,0,0,0,96,97,23.6,5.5,70.8,70.3
21/05/2025 21:44,23.6,18.1,60,950.2,535,950.3,0,23.6,15.4,1035,0,0,0,97,97,23.6,5.5,70.8,70.3
21/05/2025 21:44,23.6,18.1,60.1,950.4,535,950.4,0,23.5,15.4,1033,0,0,0,96,97,23.5,5.5,70.8,70.3
21/05/2025 21:45,23.6,18.1,60,950.2,535,950.3,0,23.6,15.4,1035,0,0,0,96,96,23.6,5.5,70.8,70.3
21/05/2025 21:45,23.6,18.1,60,950.4,535,950.4,0,23.6,15.4,1034,0,0,0,97,97,23.6,5.5,70.8,70.3
21/05/2025 21:46,23.6,18.1,60.1,950.2,535,950.3,0,23.6,15.4,1035,0,0,0,96,97,23.6,5.5,70.9,70.3
21/05/2025 21:46,23.6,18.1,60.1,950.2,535,950.3,0,23.6,15.4,1035,0,0,0,96,97,23.6,5.5,70.9,70.3
21/05/2025 21:47,23.6,18.1,60.1,950.2,535,950.3,0,23.6,15.4,1035,0,0,0,96,97,23.6,5.5,70.9,70.3
21/05/2025 21:47,23.6,18.1,60.1,950.2,536,950.3,0,23.6,15.4,1035,0,0,0,96,97,23.6,5.5,70.9,70.3
21/05/2025 21:48,23.6,18.1,60.1,950.4,535,950.4,0,23.6,15.4,1034,0,0,0,96,96,23.6,5.5,70.9,70.3
21/05/2025 21:48,23.6,18.1,60.1,950.2,535,950.4,0,23.6,15.4,1034,0,0,0,96,96,23.6,5.5,70.9,70.3
21/05/2025 21:49,23.6,18.1,60.1,950.2,535,950.3,0,23.6,15.4,1035,0,0,0,96,97,23.6,5.5,70.9,70.3
21/05/2025 21:49,23.6,18.1,60.1,950.4,535,950.4,0,23.6,15.4,1034,0,0,0,96,96,23.6,5.5,70.9,70.3
21/05/2025 21:50,23.6,18.1,60.1,950.5,535,950.5,0,23.6,15.4,1033,0,0,0,96,97,23.6,5.5,70.9,70.3
21/05/2025 21:50,23.6,18.1,60.1,950.4,535,950.4,0,23.6,15.4,1034,0,0,0,96,97,23.6,5.5,70.9,70.3
21/05/2025 21:51,23.6,18.1,60.1,950.2,536,950.2,0,23.6,15.4,1036,0,0,0,96,97,23.6,5.5,70.9,70.3
21/05/2025 21:51,23.6,18.1,60.1,950.2,535,950.3,0,23.6,15.4,1035,0,0,0,96,97,23.6,5.5,70.9,70.3
21/05/2025 21:52,23.6,18.1,60.1,950.5,534,950.5,0,23.6,15.4,1033,0,0,0,96,97,23.6,5.5,70.9,70.3
21/05/2025 21:52,23.6,18.1,60.1,950.4,535,950.4,0,23.6,15.4,1034,0,0,0,96,96,23.6,5.5,70.9,70.3
21/05/2025 21:53,23.6,18.1,60.1,950.5,535,950.5,0,23.6,15.4,1033,0,0,0,96,97,23.6,5.5,70.9,70.3
21/05/2025 21:53,23.6,18.1,60.1,950.4,535,950.4,0,23.6,15.4,1034,0,0,0,96,96,23.6,5.5,70.9,70.3
21/05/2025 21:54,23.6,18.1,60.1,950.4,535,950.4,0,23.6,15.4,1034,0,0,0,96,96,23.6,5.5,70.9,70.3
21/05/2025 21:54,23.6,18.1,60.1,950.4,535,950.4,0,23.6,15.4,1034,0,0,0,96,97,23.6,5.5,70.9,70.3
21/05/2025 21:55,23.6,18.1,60.1,950.4,535,950.4,0,23.6,15.4,1034,0,0,0,96,96,23.6,5.5,70.9,70.3
21/05/2025 21:55,23.6,18.1,60.2,950.5,534,950.5,0,23.5,15.4,1032,0,0,0,97,97,23.5,5.5,70.8,70.3
21/05/2025 21:56,23.6,18.1,60.2,950.5,534,950.5,0,23.5,15.4,1032,0,0,0,97,97,23.5,5.5,70.8,70.3
21/05/2025 21:56,23.6,18.1,60.1,950.5,535,950.5,0,23.5,15.4,1032,0,0,0,97,97,23.5,5.5,70.8,70.3
21/05/2025 21:57,23.6,18.1,60.1,950.5,535,950.5,0,23.5,15.4,1032,0,0,0,96,97,23.5,5.5,70.8,70.3
21/05/2025 21:57,23.6,18.1,60.1,950.4,535,950.4,0,23.5,15.4,1033,0,0,0,96,97,23.5,5.5,70.8,70.3
21/05/2025 21:58,23.6,18.1,60.1,950.4,535,950.4,0,23.5,15.4,1033,0,0,0,96,97,23.5,5.5,70.8,70.3
21/05/2025 21:58,23.6,18.1,60.1,950.4,535,950.4,0,23.5,15.4,1033,0,0,0,96,97,23.5,5.5,70.8,70.3
21/05/2025 21:59,23.5,18.1,60.1,950.5,534,950.5,0,23.5,15.4,1031,0,0,0,97,97,23.5,5.4,70.8,70.3
21/05/2025 21:59,23.5,18.1,60.2,950.4,535,950.4,0,23.5,15.4,1032,0,0,0,96,97,23.5,5.4,70.8,70.3
21/05/2025 22:00,23.5,18.1,60.2,950.4,535,950.4,0,23.5,15.4,1032,0,0,0,96,97,23.5,5.4,70.8,70.3
21/05/2025 22:00,23.5,18.1,60.1,950.4,535,950.4,0,23.5,15.3,1032,0,0,0,97,97,23.5,5.4,70.8,70.3
21/05/2025 22:01,23.5,18.1,60.1,950.4,535,950.4,0,23.5,15.3,1032,0,0,0,97,97,23.5,5.4,70.8,70.3
21/05/2025 22:01,23.5,18.1,60.1,950.4,535,950.4,0,23.5,15.3,1032,0,0,0,96,97,23.5,5.4,70.8,70.2
21/05/2025 22:02,23.5,18.1,60.1,950.4,535,950.4,0,23.5,15.3,1032,0,0,0,95,96,23.5,5.4,70.8,70.2
21/05/2025 22:02,23.5,18,60.1,950.4,535,950.4,0,23.5,15.3,1032,0,0,0,97,97,23.5,5.5,70.8,70.2
21/05/2025 22:03,23.5,18,60,950.4,535,950.4,0,23.5,15.3,1032,0,0,0,96,96,23.5,5.5,70.8,70.2
21/05/2025 22:03,23.5,18,60,950.5,535,950.5,0,23.5,15.3,1030,0,0,0,96,97,23.5,5.5,70.8,70.2
21/05/2025 22:04,23.5,18,60,950.5,534,950.5,0,23.5,15.3,1030,0,0,0,96,96,23.5,5.5,70.8,70.2
21/05/2025 22:04,23.5,18,60.1,950.4,535,950.4,0,23.5,15.3,1031,0,0,0,96,97,23.5,5.5,70.7,70.2
21/05/2025 22:05,23.5,18,60,950.4,535,950.4,0,23.5,15.3,1031,0,0,0,96,97,23.5,5.5,70.7,70.2
21/05/2025 22:05,23.5,18,60,950.5,535,950.5,0,23.4,15.3,1029,0,0,0,97,97,23.5,5.5,70.7,70.2
21/05/2025 22:06,23.5,18,60,950.5,534,950.5,0,23.4,15.3,1029,0,0,0,97,97,23.5,5.5,70.7,70.2
21/05/2025 22:06,23.5,18,60,950.5,534,950.5,0,23.4,15.3,1029,0,0,0,96,97,23.5,5.5,70.7,70.2
21/05/2025 22:07,23.5,18,60,950.5,533,950.6,0,23.4,15.3,1029,0,0,0,97,97,23.5,5.5,70.7,70.2
21/05/2025 22:07,23.5,18,60.1,950.5,534,950.5,0,23.4,15.3,1029,0,0,0,96,97,23.4,5.5,70.7,70.2
21/05/2025 22:08,23.5,18,60.1,950.5,534,950.6,0,23.4,15.3,1027,0,0,0,96,97,23.4,5.5,70.7,70.2
21/05/2025 22:08,23.5,18,60.1,950.5,534,950.6,0,23.4,15.3,1027,0,0,0,96,97,23.4,5.5,70.7,70.2
21/05/2025 22:09,23.5,18,60.1,950.5,534,950.5,0,23.4,15.3,1029,0,0,0,96,97,23.4,5.5,70.7,70.2
21/05/2025 22:09,23.5,18,60.1,950.5,534,950.5,0,23.4,15.3,1029,0,0,0,96,97,23.4,5.5,70.7,70.2
21/05/2025 22:10,23.5,18,60.1,950.4,535,950.4,0,23.4,15.3,1029,0,0,0,96,96,23.4,5.5,70.7,70.2
21/05/2025 22:10,23.5,18,60.1,950.5,533,950.6,0,23.4,15.3,1027,0,0,0,96,97,23.4,5.5,70.7,70.2
21/05/2025 22:11,23.5,18,60.1,950.5,534,950.6,0,23.4,15.3,1027,0,0,0,96,96,23.4,5.5,70.7,70.2
21/05/2025 22:11,23.5,18,60.1,950.5,534,950.5,0,23.4,15.3,1029,0,0,0,97,97,23.4,5.5,70.7,70.2
21/05/2025 22:12,23.5,18,60.1,950.5,534,950.5,0,23.4,15.3,1029,0,0,0,96,97,23.4,5.5,70.7,70.2
21/05/2025 22:12,23.5,18,60.1,950.5,534,950.6,0,23.4,15.3,1027,0,0,0,96,97,23.4,5.5,70.7,70.2
21/05/2025 22:13,23.5,18,60.1,950.5,534,950.6,0,23.4,15.3,1027,0,0,0,96,97,23.4,5.5,70.7,70.2
21/05/2025 22:13,23.5,18,60.1,950.5,534,950.6,0,23.4,15.3,1027,0,0,0,96,97,23.4,5.5,70.7,70.2
21/05/2025 22:14,23.5,18,60.1,950.5,535,950.5,0,23.4,15.3,1029,0,0,0,96,96,23.4,5.5,70.7,70.2
21/05/2025 22:14,23.5,18,60.2,950.5,534,950.6,0,23.4,15.3,1026,0,0,0,96,97,23.4,5.5,70.7,70.2
21/05/2025 22:15,23.5,18,60.1,950.5,534,950.6,0,23.4,15.3,1027,0,0,0,96,97,23.4,5.5,70.7,70.2
21/05/2025 22:15,23.5,18,60.1,950.5,534,950.6,0,23.4,15.3,1027,0,0,0,96,96,23.4,5.5,70.7,70.2
21/05/2025 22:16,23.5,18,60.1,950.5,534,950.5,0,23.4,15.3,1029,0,0,0,96,97,23.4,5.5,70.7,70.2
21/05/2025 22:16,23.5,18,60,950.4,535,950.4,0,23.4,15.3,1029,0,0,0,96,97,23.4,5.5,70.7,70.2
21/05/2025 22:17,23.5,18,60.1,950.5,534,950.5,0,23.4,15.3,1029,0,0,0,96,97,23.4,5.5,70.7,70.2
21/05/2025 22:17,23.5,18,60.1,950.5,534,950.5,0,23.4,15.3,1029,0,0,0,97,98,23.4,5.5,70.7,70.2
21/05/2025 22:18,23.5,18,60.1,950.5,534,950.5,0,23.4,15.3,1029,0,0,0,96,97,23.4,5.5,70.7,70.2
21/05/2025 22:18,23.5,18,60.1,950.5,535,950.5,0,23.4,15.3,1029,0,0,0,96,97,23.4,5.5,70.7,70.2
21/05/2025 22:19,23.5,18,60.1,950.5,534,950.6,0,23.4,15.3,1027,0,0,0,97,97,23.4,5.5,70.7,70.2
21/05/2025 22:19,23.5,18,60.1,950.5,534,950.5,0,23.4,15.3,1029,0,0,0,97,97,23.4,5.5,70.7,70.2
21/05/2025 22:20,23.5,18,60.1,950.5,534,950.5,0,23.4,15.3,1029,0,0,0,96,97,23.4,5.5,70.7,70.2
21/05/2025 22:20,23.5,18,60.2,950.5,534,950.6,0,23.4,15.3,1027,0,0,0,95,96,23.4,5.5,70.7,70.2
21/05/2025 22:21,23.5,18,60.2,950.5,534,950.6,0,23.4,15.3,1027,0,0,0,96,97,23.4,5.5,70.7,70.2
21/05/2025 22:21,23.5,18,60.2,950.5,534,950.5,0,23.4,15.3,1029,0,0,0,96,97,23.4,5.5,70.7,70.2
21/05/2025 22:22,23.5,18,60.2,950.5,534,950.5,0,23.4,15.3,1029,0,0,0,96,96,23.4,5.5,70.7,70.2
21/05/2025 22:22,23.5,18,60.2,950.5,533,950.6,0,23.4,15.3,1027,0,0,0,96,97,23.4,5.5,70.7,70.2
21/05/2025 22:23,23.5,18,60.2,950.5,534,950.5,0,23.4,15.3,1029,0,0,0,97,97,23.4,5.5,70.7,70.2
21/05/2025 22:23,23.5,18,60.2,950.5,533,950.6,0,23.4,15.3,1027,0,0,0,96,97,23.4,5.5,70.7,70.2
21/05/2025 22:24,23.5,18,60.1,950.5,533,950.6,0,23.5,15.3,1029,0,0,0,96,96,23.5,5.5,70.7,70.2
21/05/2025 22:24,23.5,18,60.2,950.5,534,950.6,0,23.4,15.3,1027,0,0,0,96,97,23.4,5.5,70.7,70.2
21/05/2025 22:25,23.5,18.1,60.3,950.7,533,950.7,0,23.4,15.3,1026,0,0,0,96,97,23.4,5.4,70.7,70.2
21/05/2025 22:25,23.5,18.1,60.2,950.5,533,950.6,0,23.5,15.3,1029,0,0,0,97,97,23.5,5.4,70.7,70.2
21/05/2025 22:26,23.5,18.1,60.2,950.7,533,950.7,0,23.5,15.3,1027,0,0,0,97,97,23.5,5.4,70.7,70.2
21/05/2025 22:26,23.5,18.1,60.2,950.5,533,950.6,0,23.5,15.3,1029,0,0,0,96,97,23.5,5.4,70.7,70.2
21/05/2025 22:27,23.5,18.1,60.3,950.7,533,950.6,0,23.5,15.4,1029,0,0,0,96,97,23.5,5.4,70.7,70.2
21/05/2025 22:27,23.5,18.1,60.3,950.5,533,950.6,0,23.5,15.4,1029,0,0,0,97,97,23.5,5.4,70.8,70.2
21/05/2025 22:28,23.5,18.1,60.3,950.5,533,950.6,0,23.5,15.4,1029,0,0,0,96,96,23.5,5.4,70.7,70.2
21/05/2025 22:28,23.5,18.1,60.3,950.7,533,950.7,0,23.5,15.4,1027,0,0,0,95,96,23.5,5.4,70.7,70.2
21/05/2025 22:29,23.5,18.1,60.3,950.7,532,950.8,0,23.5,15.4,1026,0,0,0,96,97,23.5,5.4,70.8,70.2
21/05/2025 22:29,23.5,18.1,60.3,950.7,532,950.7,0,23.5,15.4,1027,0,0,0,97,97,23.5,5.4,70.8,70.2
21/05/2025 22:30,23.5,18.1,60.3,950.7,532,950.8,0,23.5,15.4,1026,0,0,0,96,96,23.5,5.4,70.8,70.2
21/05/2025 22:30,23.5,18.1,60.3,950.7,532,950.8,0,23.5,15.4,1027,0,0,0,95,96,23.5,5.4,70.8,70.3
21/05/2025 22:31,23.5,18.1,60.3,950.7,532,950.7,0,23.5,15.4,1028,0,0,0,96,97,23.5,5.4,70.8,70.3
21/05/2025 22:31,23.5,18.1,60.3,950.7,532,950.7,0,23.5,15.4,1028,0,0,0,96,96,23.5,5.4,70.8,70.3
21/05/2025 22:32,23.5,18.1,60.3,950.7,532,950.8,0,23.5,15.4,1027,0,0,0,96,97,23.5,5.4,70.8,70.3
21/05/2025 22:32,23.5,18.1,60.3,950.7,532,950.8,0,23.5,15.4,1027,0,0,0,96,97,23.5,5.4,70.8,70.3
21/05/2025 22:33,23.5,18.1,60.3,950.7,532,950.7,0,23.5,15.4,1028,0,0,0,96,97,23.5,5.4,70.8,70.3
21/05/2025 22:33,23.5,18.1,60.4,950.7,532,950.8,0,23.5,15.4,1027,0,0,0,97,97,23.5,5.4,70.8,70.3
21/05/2025 22:34,23.5,18.1,60.4,950.7,532,950.8,0,23.5,15.4,1027,0,0,0,96,97,23.5,5.4,70.8,70.3
21/05/2025 22:34,23.5,18.1,60.4,950.7,531,950.8,0,23.5,15.4,1027,0,0,0,96,97,23.5,5.4,70.8,70.3
21/05/2025 22:35,23.5,18.1,60.4,950.9,531,950.9,0,23.5,15.4,1026,0,0,0,96,97,23.5,5.4,70.8,70.3
21/05/2025 22:35,23.5,18.1,60.4,950.7,531,950.8,0,23.5,15.4,1028,0,0,0,97,97,23.5,5.4,70.8,70.3
21/05/2025 22:36,23.5,18.1,60.4,950.7,531,950.8,0,23.5,15.4,1028,0,0,0,96,97,23.5,5.4,70.8,70.3
21/05/2025 22:36,23.5,18.1,60.4,950.7,531,950.8,0,23.5,15.4,1028,0,0,0,96,96,23.5,5.4,70.8,70.3
21/05/2025 22:37,23.5,18.1,60.4,950.7,531,950.8,0,23.5,15.4,1028,0,0,0,96,96,23.5,5.4,70.8,70.3
21/05/2025 22:37,23.5,18.1,60.4,950.7,531,950.8,0,23.5,15.4,1028,0,0,0,97,97,23.5,5.4,70.8,70.3
21/05/2025 22:38,23.5,18.1,60.4,950.7,532,950.8,0,23.5,15.4,1028,0,0,0,96,97,23.5,5.4,70.8,70.3
21/05/2025 22:38,23.5,18.2,60.5,950.7,532,950.8,0,23.5,15.4,1028,0,0,0,96,96,23.5,5.3,70.8,70.3
21/05/2025 22:39,23.6,18.2,60.4,950.7,532,950.8,0,23.5,15.4,1029,0,0,0,96,97,23.5,5.4,70.8,70.3
21/05/2025 22:39,23.6,18.2,60.4,950.7,532,950.8,0,23.5,15.4,1029,0,0,0,96,97,23.5,5.4,70.8,70.3
21/05/2025 22:40,23.6,18.2,60.4,950.7,531,950.8,0,23.5,15.4,1029,0,0,0,96,97,23.5,5.4,70.8,70.3
21/05/2025 22:40,23.6,18.2,60.4,950.7,532,950.7,0,23.5,15.4,1030,0,0,0,95,96,23.5,5.4,70.8,70.3
21/05/2025 22:41,23.6,18.2,60.4,950.7,532,950.8,0,23.5,15.5,1029,0,0,0,96,97,23.5,5.4,70.8,70.3
21/05/2025 22:41,23.6,18.2,60.4,950.7,531,950.8,0,23.5,15.5,1029,0,0,0,96,96,23.5,5.4,70.8,70.3
21/05/2025 22:42,23.6,18.2,60.4,950.7,531,950.8,0,23.5,15.5,1029,0,0,0,96,97,23.5,5.4,70.8,70.3
21/05/2025 22:42,23.6,18.2,60.4,950.9,531,950.9,0,23.5,15.5,1028,0,0,0,96,96,23.5,5.4,70.8,70.3
21/05/2025 22:43,23.6,18.2,60.3,950.7,531,950.8,0,23.6,15.5,1029,0,0,0,96,96,23.6,5.4,70.9,70.4
21/05/2025 22:43,23.6,18.2,60.4,950.7,531,950.8,0,23.6,15.5,1029,0,0,0,96,96,23.6,5.4,70.9,70.4
21/05/2025 22:44,23.6,18.2,60.4,950.9,531,950.9,0,23.6,15.5,1029,0,0,0,96,96,23.6,5.4,70.9,70.4
21/05/2025 22:44,23.6,18.2,60.4,950.9,530,950.9,0,23.6,15.5,1029,0,0,0,97,97,23.6,5.4,70.9,70.4
21/05/2025 22:45,23.6,18.2,60.4,950.7,531,950.8,0,23.6,15.5,1029,0,0,0,96,97,23.6,5.4,70.9,70.4
21/05/2025 22:45,23.6,18.2,60.4,950.7,531,950.8,0,23.6,15.5,1029,0,0,0,96,97,23.6,5.4,70.9,70.4
21/05/2025 22:46,23.6,18.2,60.4,950.9,531,950.9,0,23.6,15.5,1029,0,0,0,96,96,23.6,5.4,70.9,70.4
21/05/2025 22:46,23.6,18.2,60.4,951,530,951,0,23.6,15.5,1029,0,0,0,96,96,23.6,5.4,70.9,70.4
21/05/2025 22:47,23.6,18.2,60.5,950.9,530,950.9,0,23.6,15.5,1029,0,0,0,96,97,23.6,5.4,70.9,70.4
21/05/2025 22:47,23.6,18.2,60.4,950.9,531,950.9,0,23.6,15.5,1029,0,0,0,96,96,23.6,5.4,70.9,70.4
21/05/2025 22:48,23.6,18.2,60.5,950.7,531,950.8,0,23.6,15.5,1030,0,0,0,96,96,23.6,5.4,70.9,70.4
21/05/2025 22:48,23.6,18.2,60.5,950.7,532,950.8,0,23.6,15.5,1030,0,0,0,96,97,23.6,5.4,70.9,70.4
21/05/2025 22:49,23.6,18.2,60.5,950.7,531,950.8,0,23.6,15.5,1030,0,0,0,96,97,23.6,5.4,70.9,70.4
21/05/2025 22:49,23.6,18.2,60.5,950.9,531,950.9,0,23.6,15.5,1030,0,0,0,97,97,23.6,5.4,70.9,70.4
21/05/2025 22:50,23.6,18.2,60.5,950.9,531,950.9,0,23.6,15.5,1030,0,0,0,96,97,23.6,5.4,70.9,70.4
21/05/2025 22:50,23.6,18.2,60.5,950.7,531,950.8,0,23.6,15.5,1032,0,0,0,97,97,23.6,5.4,70.9,70.4
21/05/2025 22:51,23.6,18.2,60.5,950.7,531,950.8,0,23.6,15.5,1031,0,0,0,96,97,23.6,5.4,71,70.4
21/05/2025 22:51,23.6,18.2,60.5,950.7,531,950.9,0,23.6,15.5,1030,0,0,0,96,97,23.6,5.4,71,70.4
21/05/2025 22:52,23.6,18.2,60.5,950.9,531,950.9,0,23.6,15.6,1032,0,0,0,96,96,23.6,5.4,71,70.4
21/05/2025 22:52,23.6,18.2,60.5,950.7,531,950.8,0,23.6,15.6,1033,0,0,0,96,97,23.6,5.4,71,70.4
21/05/2025 22:53,23.6,18.2,60.5,950.9,531,950.9,0,23.6,15.6,1032,0,0,0,96,97,23.6,5.4,71,70.4
21/05/2025 22:53,23.6,18.2,60.5,950.7,531,950.8,0,23.6,15.6,1033,0,0,0,96,96,23.6,5.4,71,70.4
21/05/2025 22:54,23.6,18.2,60.5,950.7,532,950.8,0,23.6,15.6,1033,0,0,0,96,96,23.6,5.4,71,70.4
21/05/2025 22:54,23.6,18.2,60.5,950.9,530,950.9,0,23.6,15.6,1032,0,0,0,96,96,23.6,5.4,71,70.4
21/05/2025 22:55,23.7,18.3,60.4,950.7,531,950.8,0,23.6,15.6,1033,0,0,0,96,96,23.6,5.4,71,70.5
21/05/2025 22:55,23.7,18.3,60.5,950.7,532,950.7,0,23.6,15.6,1033,0,0,0,97,97,23.6,5.4,71,70.5
21/05/2025 22:56,23.7,18.3,60.5,950.7,531,950.8,0,23.6,15.6,1033,0,0,0,97,97,23.6,5.4,71,70.5
21/05/2025 22:56,23.7,18.3,60.5,950.7,531,950.8,0,23.6,15.6,1033,0,0,0,96,96,23.6,5.4,71,70.5
21/05/2025 22:57,23.7,18.3,60.5,950.9,531,950.9,0,23.6,15.6,1032,0,0,0,97,97,23.6,5.4,71,70.5
21/05/2025 22:57,23.7,18.3,60.5,950.9,530,950.9,0,23.6,15.6,1032,0,0,0,96,97,23.6,5.4,71,70.5
21/05/2025 22:58,23.7,18.3,60.4,950.7,532,950.8,0,23.6,15.6,1033,0,0,0,96,97,23.6,5.4,71,70.5
21/05/2025 22:58,23.7,18.3,60.4,950.7,531,950.8,0,23.6,15.6,1033,0,0,0,97,97,23.6,5.4,71,70.5
21/05/2025 22:59,23.7,18.3,60.5,950.7,531,950.8,0,23.6,15.6,1033,0,0,0,96,97,23.6,5.4,71,70.5
21/05/2025 22:59,23.7,18.3,60.5,950.9,530,950.9,0,23.6,15.6,1033,0,0,0,96,97,23.6,5.4,71,70.5
21/05/2025 23:00,23.7,18.3,60.5,950.9,531,950.9,0,23.6,15.6,1033,0,0,0,96,97,23.6,5.4,71,70.5
21/05/2025 23:00,23.7,18.3,60.5,950.7,532,950.8,0,23.6,15.6,1033,0,0,0,96,97,23.6,5.4,71,70.5
21/05/2025 23:01,23.7,18.3,60.5,950.7,532,950.8,0,23.6,15.6,1033,0,0,0,96,96,23.6,5.4,71,70.5
21/05/2025 23:01,23.7,18.3,60.4,950.7,531,950.8,0,23.7,15.6,1034,0,0,0,96,97,23.7,5.4,71,70.5
21/05/2025 23:02,23.7,18.3,60.5,950.9,530,950.9,0,23.6,15.6,1033,0,0,0,97,97,23.6,5.4,71,70.5
21/05/2025 23:02,23.7,18.3,60.5,950.9,531,950.9,0,23.7,15.6,1033,0,0,0,96,97,23.7,5.4,71,70.5
21/05/2025 23:03,23.7,18.3,60.5,950.7,532,950.8,0,23.7,15.6,1034,0,0,0,96,97,23.7,5.4,71,70.5
21/05/2025 23:03,23.7,18.3,60.5,950.7,531,950.8,0,23.7,15.6,1034,0,0,0,97,97,23.7,5.4,71,70.5
21/05/2025 23:04,23.7,18.3,60.5,950.7,531,950.8,0,23.7,15.6,1034,0,0,0,96,96,23.7,5.4,71,70.5
21/05/2025 23:04,23.7,18.3,60.5,950.7,532,950.8,0,23.7,15.6,1034,0,0,0,96,97,23.7,5.4,71,70.5
21/05/2025 23:05,23.7,18.3,60.5,950.7,531,950.8,0,23.7,15.6,1035,0,0,0,96,96,23.7,5.4,71.1,70.5
21/05/2025 23:05,23.7,18.3,60.5,950.7,532,950.8,0,23.7,15.6,1035,0,0,0,96,97,23.7,5.4,71.1,70.5
21/05/2025 23:06,23.7,18.3,60.5,950.7,531,950.8,0,23.7,15.6,1035,0,0,0,97,97,23.7,5.4,71.1,70.5
21/05/2025 23:06,23.7,18.3,60.6,950.9,530,950.9,0,23.7,15.6,1034,0,0,0,97,97,23.7,5.4,71.1,70.5
21/05/2025 23:07,23.7,18.3,60.6,950.9,531,950.9,0,23.7,15.6,1034,0,0,0,96,96,23.7,5.4,71.1,70.5
21/05/2025 23:07,23.7,18.3,60.5,950.7,532,950.7,0,23.7,15.6,1036,0,0,0,96,96,23.7,5.4,71.1,70.6
21/05/2025 23:08,23.7,18.3,60.5,950.7,531,950.8,0,23.7,15.6,1035,0,0,0,96,96,23.7,5.4,71.1,70.6
21/05/2025 23:08,23.7,18.3,60.5,950.9,530,950.9,0,23.7,15.6,1035,0,0,0,96,96,23.7,5.4,71.1,70.6
21/05/2025 23:09,23.7,18.3,60.5,950.7,531,950.8,0,23.7,15.6,1036,0,0,0,96,96,23.7,5.4,71.1,70.6
21/05/2025 23:09,23.7,18.3,60.5,950.7,532,950.8,0,23.7,15.6,1036,0,0,0,96,97,23.7,5.4,71.1,70.6
21/05/2025 23:10,23.7,18.3,60.5,950.9,531,950.9,0,23.7,15.7,1035,0,0,0,96,96,23.7,5.4,71.1,70.6
21/05/2025 23:10,23.7,18.3,60.5,950.9,531,950.9,0,23.7,15.7,1035,0,0,0,96,97,23.7,5.4,71.1,70.6
21/05/2025 23:11,23.8,18.3,60.5,950.7,532,950.7,0,23.7,15.7,1037,0,0,0,95,96,23.7,5.5,71.1,70.6
21/05/2025 23:11,23.8,18.3,60.5,950.9,530,950.9,0,23.7,15.7,1035,0,0,0,96,96,23.7,5.5,71.1,70.6
21/05/2025 23:12,23.8,18.3,60.5,950.9,530,950.9,0,23.7,15.7,1035,0,0,0,96,97,23.7,5.5,71.1,70.6
21/05/2025 23:12,23.8,18.3,60.5,950.9,530,950.9,0,23.7,15.7,1035,0,0,0,96,97,23.7,5.5,71.1,70.6
21/05/2025 23:13,23.8,18.3,60.5,950.9,531,950.9,0,23.7,15.7,1035,0,0,0,96,97,23.7,5.5,71.1,70.6
21/05/2025 23:13,23.8,18.3,60.5,950.9,531,950.9,0,23.7,15.7,1035,0,0,0,96,96,23.7,5.5,71.1,70.6
21/05/2025 23:14,23.8,18.3,60.5,950.9,530,950.9,0,23.7,15.7,1035,0,0,0,97,97,23.7,5.5,71.1,70.6
21/05/2025 23:14,23.8,18.3,60.5,950.9,530,950.9,0,23.7,15.7,1035,0,0,0,96,96,23.7,5.5,71.1,70.6
21/05/2025 23:15,23.8,18.3,60.4,950.9,531,950.9,0,23.7,15.7,1036,0,0,0,96,96,23.7,5.5,71.1,70.6
21/05/2025 23:15,23.8,18.3,60.4,950.9,531,950.9,0,23.7,15.7,1036,0,0,0,96,97,23.7,5.5,71.1,70.6
21/05/2025 23:16,23.8,18.3,60.4,950.9,531,950.9,0,23.7,15.7,1036,0,0,0,97,97,23.7,5.5,71.1,70.6
21/05/2025 23:16,23.8,18.3,60.5,950.9,531,950.9,0,23.7,15.7,1036,0,0,0,96,97,23.7,5.5,71.2,70.6
21/05/2025 23:17,23.8,18.3,60.5,950.7,531,950.8,0,23.7,15.7,1037,0,0,0,96,96,23.7,5.5,71.2,70.6
21/05/2025 23:17,23.8,18.3,60.5,950.9,531,950.9,0,23.7,15.7,1036,0,0,0,95,96,23.7,5.5,71.2,70.6
21/05/2025 23:18,23.8,18.3,60.5,950.9,530,950.9,0,23.7,15.7,1036,0,0,0,96,97,23.7,5.5,71.2,70.6
21/05/2025 23:18,23.8,18.3,60.5,950.7,531,950.8,0,23.7,15.7,1037,0,0,0,96,96,23.7,5.5,71.2,70.6
21/05/2025 23:19,23.8,18.3,60.5,950.9,531,950.9,0,23.8,15.7,1036,0,0,0,96,96,23.8,5.5,71.2,70.7
21/05/2025 23:19,23.8,18.3,60.5,950.9,530,950.9,0,23.8,15.7,1036,0,0,0,96,97,23.8,5.5,71.2,70.7
21/05/2025 23:20,23.8,18.3,60.5,950.9,531,950.9,0,23.8,15.7,1036,0,0,0,96,97,23.8,5.5,71.2,70.7
21/05/2025 23:20,23.8,18.3,60.5,951,530,951,0,23.8,15.7,1036,0,0,0,97,97,23.8,5.5,71.2,70.7
21/05/2025 23:21,23.8,18.3,60.5,950.7,532,950.7,0,23.8,15.7,1039,0,0,0,96,97,23.8,5.5,71.2,70.7
21/05/2025 23:21,23.8,18.3,60.5,950.9,530,950.9,0,23.8,15.7,1036,0,0,0,96,96,23.8,5.5,71.2,70.7
21/05/2025 23:22,23.8,18.3,60.5,950.9,531,950.9,0,23.8,15.7,1036,0,0,0,96,97,23.8,5.5,71.2,70.7
21/05/2025 23:22,23.8,18.3,60.5,950.9,530,950.9,0,23.8,15.7,1036,0,0,0,97,98,23.8,5.5,71.2,70.7
21/05/2025 23:23,23.8,18.3,60.5,950.9,531,950.9,0,23.8,15.7,1038,0,0,0,97,97,23.8,5.5,71.2,70.7
21/05/2025 23:23,23.8,18.3,60.5,950.9,530,950.9,0,23.8,15.7,1038,0,0,0,96,97,23.8,5.5,71.2,70.7
21/05/2025 23:24,23.8,18.3,60.5,950.7,532,950.8,0,23.8,15.7,1039,0,0,0,96,97,23.8,5.5,71.2,70.7
21/05/2025 23:24,23.8,18.3,60.5,950.9,531,950.9,0,23.8,15.7,1037,0,0,0,96,97,23.8,5.5,71.2,70.7
21/05/2025 23:25,23.8,18.3,60.5,950.9,531,950.9,0,23.8,15.7,1037,0,0,0,97,97,23.8,5.5,71.2,70.7
21/05/2025 23:25,23.8,18.3,60.5,950.9,530,950.9,0,23.8,15.7,1037,0,0,0,96,97,23.8,5.5,71.2,70.7
21/05/2025 23:26,23.8,18.3,60.5,950.9,530,950.9,0,23.8,15.7,1037,0,0,0,97,98,23.8,5.5,71.2,70.7
21/05/2025 23:26,23.8,18.3,60.5,950.9,530,950.9,0,23.8,15.7,1037,0,0,0,96,97,23.8,5.5,71.2,70.7
21/05/2025 23:27,23.8,18.3,60.5,950.9,531,950.9,0,23.8,15.7,1039,0,0,0,97,97,23.8,5.5,71.2,70.7
21/05/2025 23:27,23.8,18.3,60.5,950.9,530,950.9,0,23.8,15.7,1039,0,0,0,97,97,23.8,5.5,71.2,70.7
21/05/2025 23:28,23.8,18.3,60.5,950.9,531,950.9,0,23.8,15.7,1037,0,0,0,96,97,23.8,5.5,71.2,70.7
21/05/2025 23:28,23.8,18.3,60.5,950.9,530,950.9,0,23.8,15.7,1039,0,0,0,96,97,23.8,5.5,71.2,70.7
21/05/2025 23:29,23.9,18.4,60.4,951,530,951,0,23.8,15.7,1037,0,0,0,97,98,23.8,5.5,71.2,70.7
21/05/2025 23:29,23.9,18.4,60.5,950.9,531,950.9,0,23.8,15.7,1039,0,0,0,97,97,23.8,5.5,71.2,70.7
21/05/2025 23:30,23.9,18.4,60.4,951,530,951,0,23.8,15.7,1037,0,0,0,97,97,23.8,5.5,71.2,70.7
21/05/2025 23:30,23.9,18.4,60.4,950.9,530,950.9,0,23.8,15.7,1039,0,0,0,96,97,23.8,5.5,71.2,70.7
21/05/2025 23:31,23.9,18.4,60.4,950.9,531,950.9,0,23.8,15.7,1039,0,0,0,96,97,23.8,5.5,71.2,70.7
21/05/2025 23:31,23.9,18.4,60.4,950.9,530,950.9,0,23.8,15.7,1039,0,0,0,96,97,23.8,5.5,71.2,70.7
21/05/2025 23:32,23.9,18.4,60.5,951,530,951,0,23.8,15.7,1037,0,0,0,95,96,23.8,5.5,71.2,70.7
21/05/2025 23:32,23.9,18.4,60.5,951,530,951,0,23.8,15.7,1037,0,0,0,96,97,23.8,5.5,71.2,70.7
21/05/2025 23:33,23.9,18.4,60.5,951,530,951,0,23.8,15.7,1037,0,0,0,96,96,23.8,5.5,71.2,70.7
21/05/2025 23:33,23.9,18.5,60.5,951,530,951,0,23.8,15.8,1039,0,0,0,97,97,23.8,5.3,71.2,70.7
21/05/2025 23:34,23.9,18.5,60.5,951,530,951,0,23.8,15.8,1039,0,0,0,96,96,23.8,5.3,71.2,70.7
21/05/2025 23:34,23.9,18.4,60.5,950.9,530,950.9,0,23.8,15.7,1039,0,0,0,96,96,23.8,5.5,71.2,70.7
21/05/2025 23:35,23.9,18.5,60.5,951,530,951,0,23.8,15.8,1038,0,0,0,96,96,23.8,5.4,71.3,70.7
21/05/2025 23:35,23.9,18.5,60.5,951,530,951,0,23.8,15.8,1038,0,0,0,96,97,23.8,5.4,71.3,70.7
21/05/2025 23:36,23.9,18.5,60.5,950.9,530,950.9,0,23.8,15.8,1039,0,0,0,96,97,23.8,5.4,71.3,70.7
21/05/2025 23:36,23.9,18.5,60.5,951,530,951,0,23.8,15.8,1038,0,0,0,97,97,23.8,5.4,71.3,70.7
21/05/2025 23:37,23.9,18.5,60.5,951,530,951,0,23.8,15.8,1038,0,0,0,96,96,23.8,5.4,71.3,70.7
21/05/2025 23:37,23.9,18.5,60.5,951,530,951,0,23.8,15.8,1039,0,0,0,96,97,23.8,5.4,71.3,70.7
21/05/2025 23:38,23.9,18.5,60.5,950.9,530,950.9,0,23.8,15.8,1039,0,0,0,96,97,23.8,5.4,71.3,70.7
21/05/2025 23:38,23.9,18.5,60.5,950.9,530,950.9,0,23.8,15.8,1039,0,0,0,97,97,23.8,5.4,71.3,70.7
21/05/2025 23:39,23.9,18.5,60.5,950.9,530,950.9,0,23.8,15.8,1039,0,0,0,96,97,23.8,5.4,71.3,70.7
21/05/2025 23:39,23.9,18.5,60.5,950.7,531,950.8,0,23.8,15.8,1040,0,0,0,96,97,23.8,5.4,71.3,70.7
21/05/2025 23:40,23.9,18.5,60.5,950.9,530,950.9,0,23.8,15.8,1039,0,0,0,96,97,23.8,5.4,71.3,70.7
21/05/2025 23:40,23.9,18.5,60.5,950.9,530,950.9,0,23.8,15.8,1040,0,0,0,96,96,23.8,5.4,71.3,70.7
21/05/2025 23:41,23.9,18.5,60.5,950.7,531,950.8,0,23.8,15.8,1041,0,0,0,96,96,23.8,5.4,71.3,70.7
21/05/2025 23:41,23.9,18.5,60.4,950.9,530,950.9,0,23.8,15.8,1040,0,0,0,96,97,23.8,5.4,71.3,70.8
21/05/2025 23:42,23.9,18.5,60.5,950.9,530,950.9,0,23.8,15.8,1040,0,0,0,96,97,23.8,5.4,71.3,70.7
21/05/2025 23:42,23.9,18.5,60.4,950.9,531,950.9,0,23.8,15.8,1040,0,0,0,96,97,23.8,5.4,71.3,70.8
21/05/2025 23:43,23.9,18.5,60.5,951,530,951,0,23.8,15.8,1039,0,0,0,96,97,23.8,5.4,71.3,70.7
21/05/2025 23:43,23.9,18.5,60.5,950.9,531,950.9,0,23.8,15.8,1040,0,0,0,96,97,23.8,5.4,71.3,70.7
21/05/2025 23:44,23.9,18.5,60.5,950.9,530,950.9,0,23.8,15.8,1040,0,0,0,96,97,23.8,5.4,71.3,70.7
21/05/2025 23:44,23.9,18.5,60.4,950.7,531,950.8,0,23.8,15.8,1041,0,0,0,97,97,23.8,5.4,71.3,70.8
21/05/2025 23:45,23.9,18.5,60.5,950.9,531,950.9,0,23.8,15.8,1040,0,0,0,96,96,23.8,5.4,71.3,70.7
21/05/2025 23:45,23.9,18.5,60.4,950.9,531,950.9,0,23.8,15.8,1040,0,0,0,96,96,23.8,5.4,71.3,70.8
21/05/2025 23:46,23.9,18.5,60.4,950.9,531,950.9,0,23.8,15.8,1040,0,0,0,96,97,23.8,5.4,71.3,70.8
21/05/2025 23:46,23.9,18.5,60.5,950.7,531,950.8,0,23.8,15.8,1041,0,0,0,97,97,23.8,5.4,71.3,70.7
21/05/2025 23:47,23.9,18.5,60.4,950.9,531,950.9,0,23.8,15.8,1040,0,0,0,96,97,23.8,5.4,71.3,70.8
21/05/2025 23:47,23.9,18.5,60.4,950.9,531,950.9,0,23.8,15.8,1040,0,0,0,95,96,23.8,5.4,71.3,70.8
21/05/2025 23:48,23.9,18.5,60.4,950.9,530,950.9,0,23.8,15.8,1040,0,0,0,96,96,23.8,5.4,71.3,70.8
21/05/2025 23:48,23.9,18.5,60.4,950.9,531,950.9,0,23.8,15.8,1040,0,0,0,97,98,23.8,5.4,71.3,70.8
21/05/2025 23:49,23.9,18.5,60.4,950.7,531,950.8,0,23.8,15.8,1041,0,0,0,96,97,23.8,5.4,71.3,70.8
21/05/2025 23:49,23.9,18.5,60.4,950.9,531,950.9,0,23.8,15.8,1040,0,0,0,96,97,23.8,5.4,71.3,70.8
21/05/2025 23:50,23.9,18.5,60.4,950.9,531,950.9,0,23.8,15.8,1040,0,0,0,97,97,23.8,5.4,71.3,70.8
21/05/2025 23:50,23.9,18.5,60.4,950.9,531,950.9,0,23.8,15.8,1040,0,0,0,96,97,23.8,5.4,71.3,70.8
21/05/2025 23:51,23.9,18.5,60.4,950.7,531,950.8,0,23.8,15.8,1041,0,0,0,96,97,23.8,5.4,71.3,70.8
21/05/2025 23:51,23.9,18.5,60.4,950.9,531,950.9,0,23.8,15.8,1040,0,0,0,96,96,23.8,5.4,71.3,70.8
21/05/2025 23:52,23.9,18.5,60.4,950.9,531,950.9,0,23.8,15.8,1040,0,0,0,96,97,23.8,5.4,71.3,70.8
21/05/2025 23:52,23.9,18.5,60.4,950.9,531,950.9,0,23.8,15.8,1040,0,0,0,96,97,23.8,5.4,71.3,70.8
21/05/2025 23:53,23.9,18.5,60.4,950.9,530,950.9,0,23.8,15.8,1040,0,0,0,96,96,23.8,5.4,71.3,70.8
21/05/2025 23:53,23.9,18.5,60.4,950.9,530,950.9,0,23.8,15.8,1040,0,0,0,96,97,23.8,5.4,71.3,70.8
21/05/2025 23:54,23.9,18.5,60.4,950.9,531,950.9,0,23.8,15.8,1040,0,0,0,97,97,23.8,5.4,71.3,70.8
21/05/2025 23:54,23.9,18.5,60.4,950.9,531,950.9,0,23.8,15.8,1040,0,0,0,96,97,23.8,5.4,71.3,70.8
21/05/2025 23:55,23.9,18.5,60.4,950.9,531,950.9,0,23.8,15.8,1040,0,0,0,96,97,23.8,5.4,71.3,70.8
21/05/2025 23:55,23.9,18.5,60.4,950.7,531,950.8,0,23.8,15.8,1041,0,0,0,97,97,23.8,5.4,71.3,70.8
21/05/2025 23:56,23.9,18.5,60.4,950.9,531,950.9,0,23.8,15.8,1040,0,0,0,96,97,23.8,5.4,71.3,70.8
21/05/2025 23:56,23.9,18.5,60.4,950.9,531,950.9,0,23.8,15.8,1040,0,0,0,97,97,23.8,5.4,71.3,70.8
21/05/2025 23:57,23.9,18.5,60.4,950.9,531,950.9,0,23.8,15.8,1040,0,0,0,96,97,23.8,5.4,71.3,70.8
21/05/2025 23:57,23.9,18.5,60.4,950.9,531,950.9,0,23.8,15.8,1040,0,0,0,96,97,23.8,5.4,71.3,70.8
21/05/2025 23:58,23.9,18.5,60.4,950.9,531,950.9,0,23.8,15.8,1040,0,0,0,96,97,23.8,5.4,71.3,70.8
21/05/2025 23:58,23.9,18.5,60.4,950.7,532,950.8,0,23.8,15.8,1041,0,0,0,96,97,23.8,5.4,71.3,70.8
21/05/2025 23:59,23.9,18.5,60.4,950.7,532,950.7,0,23.8,15.8,1042,0,0,0,96,97,23.8,5.4,71.3,70.8
21/05/2025 23:59,23.9,18.5,60.4,950.7,532,950.7,0,23.8,15.8,1042,0,0,0,97,97,23.8,5.4,71.3,70.8
24/10/2024 00:00,23.9,18.5,60.4,950.9,531,950.9,0,23.8,15.8,1040,0,0,0,97,97,23.8,5.4,71.3,70.8
24/10/2024 00:00,23.9,18.5,60.4,950.7,532,950.8,0,23.8,15.8,1041,0,0,0,96,97,23.8,5.4,71.3,70.8
24/10/2024 00:01,23.9,18.5,60.4,950.9,531,950.9,0,23.8,15.8,1040,0,0,0,96,97,23.8,5.4,71.3,70.8
24/10/2024 00:01,23.9,18.5,60.4,950.7,531,950.8,0,23.8,15.8,1041,0,0,0,96,97,23.8,5.4,71.3,70.8
24/10/2024 00:02,23.9,18.4,60.3,950.7,531,950.8,0,23.8,15.7,1041,0,0,0,96,96,23.8,5.5,71.3,70.8
24/10/2024 00:02,23.9,18.5,60.4,950.7,531,950.8,0,23.8,15.8,1041,0,0,0,97,98,23.8,5.4,71.3,70.8
24/10/2024 00:03,23.9,18.5,60.4,950.7,532,950.8,0,23.8,15.8,1041,0,0,0,96,96,23.8,5.4,71.3,70.8
24/10/2024 00:03,23.9,18.5,60.4,950.9,531,950.9,0,23.8,15.8,1040,0,0,0,96,97,23.8,5.4,71.3,70.8
24/10/2024 00:04,23.9,18.5,60.4,950.7,531,950.8,0,23.8,15.8,1041,0,0,0,97,97,23.8,5.4,71.3,70.8
24/10/2024 00:04,23.9,18.5,60.4,950.9,530,950.9,0,23.8,15.8,1040,0,0,0,97,97,23.8,5.4,71.3,70.8
24/10/2024 00:05,23.9,18.5,60.4,950.7,531,950.8,0,23.8,15.8,1041,0,0,0,96,97,23.8,5.4,71.3,70.8
24/10/2024 00:05,23.9,18.5,60.4,950.9,531,950.9,0,23.8,15.8,1040,0,0,0,96,97,23.8,5.4,71.3,70.8
24/10/2024 00:06,23.9,18.5,60.4,950.7,531,950.8,0,23.8,15.8,1041,0,0,0,96,97,23.8,5.4,71.3,70.8
24/10/2024 00:06,23.9,18.5,60.4,950.7,531,950.8,0,23.8,15.8,1041,0,0,0,97,97,23.8,5.4,71.3,70.8
24/10/2024 00:07,23.9,18.5,60.4,950.7,532,950.8,0,23.8,15.8,1041,0,0,0,97,97,23.8,5.4,71.3,70.8
24/10/2024 00:07,23.9,18.5,60.4,950.7,531,950.8,0,23.8,15.8,1041,0,0,0,96,97,23.8,5.4,71.3,70.8
24/10/2024 00:08,23.9,18.5,60.4,950.9,530,950.9,0,23.8,15.8,1040,0,0,0,97,97,23.8,5.4,71.3,70.8
24/10/2024 00:08,23.9,18.5,60.4,950.9,531,950.9,0,23.8,15.8,1040,0,0,0,96,96,23.8,5.4,71.3,70.8
24/10/2024 00:09,23.9,18.5,60.4,950.9,530,950.9,0,23.8,15.8,1040,0,0,0,96,96,23.8,5.4,71.3,70.8
24/10/2024 00:09,23.9,18.5,60.4,950.7,531,950.8,0,23.8,15.8,1041,0,0,0,96,97,23.8,5.4,71.3,70.8
24/10/2024 00:10,23.9,18.5,60.4,950.9,530,950.9,0,23.8,15.8,1040,0,0,0,97,97,23.8,5.4,71.3,70.8
24/10/2024 00:10,23.9,18.5,60.4,950.9,531,950.9,0,23.8,15.8,1040,0,0,0,96,96,23.8,5.4,71.3,70.8
24/10/2024 00:11,23.9,18.5,60.4,950.9,531,950.9,0,23.8,15.8,1040,0,0,0,96,97,23.8,5.4,71.3,70.8
24/10/2024 00:11,23.9,18.5,60.4,950.9,531,950.9,0,23.8,15.8,1040,0,0,0,96,96,23.8,5.4,71.3,70.8
24/10/2024 00:12,23.9,18.5,60.4,950.7,532,950.8,0,23.8,15.8,1041,0,0,0,97,97,23.8,5.4,71.3,70.8
24/10/2024 00:12,23.9,18.5,60.4,950.9,530,950.9,0,23.8,15.8,1040,0,0,0,96,97,23.8,5.4,71.3,70.8
24/10/2024 00:13,23.9,18.5,60.4,950.9,531,950.9,0,23.8,15.8,1040,0,0,0,96,97,23.8,5.4,71.3,70.8
24/10/2024 00:13,23.9,18.5,60.4,950.9,530,950.9,0,23.8,15.8,1040,0,0,0,96,97,23.8,5.4,71.3,70.8
24/10/2024 00:14,23.9,18.5,60.4,950.9,530,950.9,0,23.8,15.8,1040,0,0,0,96,97,23.8,5.4,71.3,70.8
24/10/2024 00:14,23.9,18.5,60.4,950.9,530,950.9,0,23.8,15.8,1040,0,0,0,96,96,23.8,5.4,71.3,70.8
24/10/2024 00:15,23.9,18.5,60.4,951,530,951,0,23.8,15.8,1039,0,0,0,96,97,23.8,5.4,71.3,70.8
24/10/2024 00:15,23.9,18.5,60.4,950.9,531,950.9,0,23.8,15.8,1040,0,0,0,97,97,23.8,5.4,71.3,70.8
24/10/2024 00:16,23.9,18.5,60.4,950.9,530,950.9,0,23.8,15.8,1040,0,0,0,97,97,23.8,5.4,71.3,70.8
24/10/2024 00:16,23.9,18.5,60.4,950.7,531,950.8,0,23.8,15.8,1041,0,0,0,97,97,23.8,5.4,71.3,70.8
24/10/2024 00:17,23.9,18.5,60.4,950.9,531,950.9,0,23.8,15.8,1040,0,0,0,96,97,23.8,5.4,71.3,70.8
24/10/2024 00:17,23.9,18.5,60.4,950.9,530,950.9,0,23.8,15.8,1040,0,0,0,96,97,23.8,5.4,71.3,70.8
24/10/2024 00:18,23.9,18.5,60.4,950.9,531,950.9,0,23.8,15.8,1040,0,0,0,96,97,23.8,5.4,71.3,70.8
24/10/2024 00:18,23.9,18.5,60.4,950.9,531,950.9,0,23.8,15.8,1040,0,0,0,96,97,23.8,5.4,71.3,70.8
24/10/2024 00:19,23.9,18.5,60.4,950.7,531,950.8,0,23.8,15.8,1041,0,0,0,96,97,23.8,5.4,71.3,70.8
24/10/2024 00:19,23.9,18.5,60.4,950.7,531,950.8,0,23.8,15.8,1041,0,0,0,97,97,23.8,5.4,71.3,70.8
24/10/2024 00:20,23.9,18.5,60.4,950.9,531,950.9,0,23.8,15.8,1040,0,0,0,96,97,23.8,5.4,71.3,70.8
24/10/2024 00:20,23.9,18.5,60.4,951,530,951,0,23.8,15.8,1039,0,0,0,96,96,23.8,5.4,71.3,70.8
24/10/2024 00:21,23.9,18.5,60.4,950.9,531,950.9,0,23.8,15.8,1039,0,0,0,97,97,23.8,5.4,71.3,70.7
24/10/2024 00:21,23.9,18.5,60.4,950.9,531,950.9,0,23.8,15.8,1040,0,0,0,96,97,23.8,5.4,71.3,70.8
24/10/2024 00:22,23.9,18.5,60.4,950.7,531,950.9,0,23.8,15.8,1040,0,0,0,96,97,23.8,5.4,71.3,70.8
24/10/2024 00:22,23.9,18.5,60.4,951,530,951,0,23.8,15.8,1039,0,0,0,96,97,23.8,5.4,71.3,70.8
24/10/2024 00:23,23.9,18.5,60.4,950.9,531,950.9,0,23.8,15.8,1040,0,0,0,96,97,23.8,5.4,71.3,70.8
24/10/2024 00:23,23.9,18.5,60.4,950.9,530,950.9,0,23.8,15.8,1040,0,0,0,97,97,23.8,5.4,71.3,70.8
24/10/2024 00:24,23.9,18.5,60.4,950.9,531,950.9,0,23.8,15.8,1039,0,0,0,96,97,23.8,5.4,71.3,70.7
24/10/2024 00:24,23.9,18.5,60.4,950.7,531,950.8,0,23.8,15.8,1041,0,0,0,97,97,23.8,5.4,71.3,70.8
24/10/2024 00:25,23.9,18.5,60.4,950.9,531,950.9,0,23.8,15.8,1040,0,0,0,96,97,23.8,5.4,71.3,70.8
24/10/2024 00:25,23.9,18.5,60.4,950.7,531,950.9,0,23.8,15.8,1039,0,0,0,96,97,23.8,5.4,71.3,70.7
24/10/2024 00:26,23.9,18.4,60.4,950.9,530,950.9,0,23.8,15.7,1039,0,0,0,97,97,23.8,5.5,71.3,70.7
24/10/2024 00:26,23.9,18.4,60.4,950.7,531,950.8,0,23.8,15.7,1040,0,0,0,96,97,23.8,5.5,71.3,70.7
24/10/2024 00:27,23.9,18.4,60.4,950.9,530,950.9,0,23.8,15.7,1039,0,0,0,97,97,23.8,5.5,71.3,70.7
24/10/2024 00:27,23.9,18.4,60.3,950.9,530,950.9,0,23.8,15.7,1040,0,0,0,96,97,23.8,5.5,71.3,70.8
24/10/2024 00:28,23.9,18.4,60.4,950.9,530,950.9,0,23.8,15.7,1039,0,0,0,97,97,23.8,5.5,71.3,70.7
24/10/2024 00:28,23.9,18.4,60.4,950.9,531,950.9,0,23.8,15.7,1039,0,0,0,96,97,23.8,5.5,71.3,70.7
24/10/2024 00:29,23.9,18.4,60.4,951,530,951,0,23.8,15.7,1038,0,0,0,97,97,23.8,5.5,71.3,70.7
24/10/2024 00:29,23.9,18.4,60.4,950.9,531,950.9,0,23.8,15.7,1039,0,0,0,96,97,23.8,5.5,71.3,70.7
24/10/2024 00:30,23.9,18.4,60.4,950.9,531,950.9,0,23.8,15.7,1039,0,0,0,96,97,23.8,5.5,71.3,70.7
24/10/2024 00:30,23.9,18.4,60.4,950.9,531,950.9,0,23.8,15.7,1039,0,0,0,96,97,23.8,5.5,71.3,70.7
24/10/2024 00:31,23.9,18.4,60.4,951,530,951,0,23.8,15.7,1038,0,0,0,96,97,23.8,5.5,71.3,70.7
24/10/2024 00:31,23.9,18.4,60.4,951,530,951,0,23.8,15.7,1038,0,0,0,96,96,23.8,5.5,71.3,70.7
24/10/2024 00:32,23.9,18.4,60.4,950.9,530,950.9,0,23.8,15.7,1039,0,0,0,96,96,23.8,5.5,71.3,70.7
24/10/2024 00:32,23.9,18.4,60.4,951,530,951,0,23.8,15.7,1038,0,0,0,96,97,23.8,5.5,71.3,70.7
24/10/2024 00:33,23.9,18.4,60.4,950.9,531,950.9,0,23.8,15.7,1039,0,0,0,96,97,23.8,5.5,71.3,70.7
24/10/2024 00:33,23.9,18.4,60.4,950.9,530,950.9,0,23.8,15.7,1039,0,0,0,96,96,23.8,5.5,71.3,70.7
24/10/2024 00:34,23.9,18.4,60.4,950.9,530,950.9,0,23.8,15.7,1039,0,0,0,96,96,23.8,5.5,71.3,70.7
24/10/2024 00:34,23.9,18.4,60.4,951,530,951,0,23.8,15.7,1038,0,0,0,96,96,23.8,5.5,71.3,70.7
24/10/2024 00:35,23.9,18.4,60.4,950.9,530,950.9,0,23.8,15.7,1039,0,0,0,96,96,23.8,5.5,71.3,70.7
24/10/2024 00:35,23.9,18.4,60.4,950.9,530,950.9,0,23.8,15.7,1039,0,0,0,96,96,23.8,5.5,71.3,70.7
24/10/2024 00:36,23.9,18.4,60.4,950.9,530,950.9,0,23.8,15.7,1039,0,0,0,97,97,23.8,5.5,71.3,70.7
24/10/2024 00:36,23.9,18.4,60.4,950.9,531,950.9,0,23.8,15.7,1039,0,0,0,96,97,23.8,5.5,71.3,70.7
24/10/2024 00:37,23.9,18.4,60.4,951,530,951,0,23.8,15.7,1038,0,0,0,97,97,23.8,5.5,71.3,70.7
24/10/2024 00:37,23.9,18.4,60.4,950.9,530,950.9,0,23.8,15.7,1039,0,0,0,96,96,23.8,5.5,71.3,70.7
24/10/2024 00:38,23.9,18.4,60.4,950.9,530,950.9,0,23.8,15.7,1039,0,0,0,96,97,23.8,5.5,71.3,70.7
24/10/2024 00:38,23.9,18.4,60.4,950.9,531,950.9,0,23.8,15.7,1039,0,0,0,97,97,23.8,5.5,71.3,70.7
24/10/2024 00:39,23.9,18.4,60.4,951,530,951,0,23.8,15.7,1038,0,0,0,96,97,23.8,5.5,71.3,70.7
24/10/2024 00:39,23.9,18.4,60.4,951,530,951,0,23.8,15.7,1038,0,0,0,97,97,23.8,5.5,71.3,70.7
24/10/2024 00:40,23.9,18.4,60.4,950.9,530,950.9,0,23.8,15.7,1039,0,0,0,96,97,23.8,5.5,71.3,70.7
24/10/2024 00:40,23.9,18.4,60.4,951,530,951,0,23.8,15.7,1038,0,0,0,96,97,23.8,5.5,71.3,70.7
24/10/2024 00:41,23.9,18.4,60.4,950.9,530,950.9,0,23.8,15.7,1039,0,0,0,96,96,23.8,5.5,71.3,70.7
24/10/2024 00:41,23.9,18.4,60.4,950.9,531,950.9,0,23.8,15.7,1039,0,0,0,97,97,23.8,5.5,71.3,70.7
24/10/2024 00:42,23.9,18.4,60.4,951,530,951,0,23.8,15.7,1038,0,0,0,96,97,23.8,5.5,71.3,70.7
24/10/2024 00:42,23.9,18.4,60.4,950.9,530,950.9,0,23.8,15.7,1039,0,0,0,96,96,23.8,5.5,71.3,70.7
24/10/2024 00:43,23.9,18.4,60.3,951,530,951,0,23.8,15.7,1038,0,0,0,97,97,23.8,5.5,71.3,70.7
24/10/2024 00:43,23.9,18.4,60.4,951,530,951,0,23.8,15.7,1038,0,0,0,96,96,23.8,5.5,71.3,70.7
24/10/2024 00:44,23.9,18.4,60.3,950.9,530,950.9,0,23.8,15.7,1039,0,0,0,96,96,23.8,5.5,71.3,70.7
24/10/2024 00:44,23.9,18.4,60.4,950.9,531,950.9,0,23.8,15.7,1039,0,0,0,96,96,23.8,5.5,71.3,70.7
24/10/2024 00:45,23.9,18.4,60.3,950.9,531,950.9,0,23.8,15.7,1039,0,0,0,96,97,23.8,5.5,71.3,70.7
24/10/2024 00:45,23.9,18.4,60.4,950.9,530,950.9,0,23.8,15.7,1039,0,0,0,96,97,23.8,5.5,71.3,70.7
24/10/2024 00:46,23.9,18.4,60.4,951,530,951,0,23.8,15.7,1038,0,0,0,96,97,23.8,5.5,71.3,70.7
24/10/2024 00:46,23.9,18.4,60.3,950.9,531,950.9,0,23.8,15.7,1039,0,0,0,96,96,23.8,5.5,71.3,70.7
24/10/2024 00:47,23.9,18.4,60.3,950.9,530,950.9,0,23.8,15.7,1039,0,0,0,97,97,23.8,5.5,71.3,70.7
24/10/2024 00:47,23.9,18.4,60.3,950.9,531,950.9,0,23.8,15.7,1039,0,0,0,96,96,23.8,5.5,71.3,70.7
24/10/2024 00:48,23.9,18.4,60.3,950.7,531,950.8,0,23.8,15.7,1040,0,0,0,96,97,23.8,5.5,71.3,70.7
24/10/2024 00:48,23.9,18.4,60.4,950.7,531,950.8,0,23.8,15.7,1040,0,0,0,96,97,23.8,5.5,71.2,70.7
24/10/2024 00:49,23.9,18.4,60.3,950.9,531,950.9,0,23.8,15.7,1039,0,0,0,96,97,23.8,5.5,71.3,70.7
24/10/2024 00:49,23.9,18.4,60.4,950.9,531,950.9,0,23.8,15.7,1039,0,0,0,96,96,23.8,5.5,71.2,70.7
24/10/2024 00:50,23.9,18.4,60.4,950.9,531,950.9,0,23.8,15.7,1039,0,0,0,96,96,23.8,5.5,71.2,70.7
24/10/2024 00:50,23.9,18.4,60.3,950.7,531,950.8,0,23.8,15.7,1040,0,0,0,96,96,23.8,5.5,71.3,70.7
24/10/2024 00:51,23.9,18.4,60.4,950.7,531,950.8,0,23.8,15.7,1040,0,0,0,96,97,23.8,5.5,71.2,70.7
24/10/2024 00:51,23.9,18.4,60.4,950.9,531,950.9,0,23.8,15.7,1039,0,0,0,96,97,23.8,5.5,71.2,70.7
24/10/2024 00:52,23.9,18.4,60.4,950.9,531,950.9,0,23.8,15.7,1039,0,0,0,97,97,23.8,5.5,71.2,70.7
24/10/2024 00:52,23.9,18.4,60.4,950.7,531,950.8,0,23.8,15.7,1040,0,0,0,97,98,23.8,5.5,71.2,70.7
24/10/2024 00:53,23.9,18.4,60.4,950.7,531,950.8,0,23.8,15.7,1040,0,0,0,96,97,23.8,5.5,71.2,70.7
24/10/2024 00:53,23.9,18.4,60.4,950.9,531,950.9,0,23.8,15.7,1039,0,0,0,96,97,23.8,5.5,71.2,70.7
24/10/2024 00:54,23.9,18.4,60.4,950.9,531,950.9,0,23.8,15.7,1039,0,0,0,96,97,23.8,5.5,71.2,70.7
24/10/2024 00:54,23.9,18.4,60.3,950.7,532,950.8,0,23.8,15.7,1040,0,0,0,96,97,23.8,5.5,71.2,70.7
24/10/2024 00:55,23.9,18.4,60.4,950.9,531,950.9,0,23.8,15.7,1039,0,0,0,97,97,23.8,5.5,71.2,70.7
24/10/2024 00:55,23.9,18.4,60.4,950.9,531,950.9,0,23.8,15.7,1039,0,0,0,96,97,23.8,5.5,71.2,70.7
24/10/2024 00:56,23.9,18.4,60.3,950.7,532,950.8,0,23.8,15.7,1040,0,0,0,96,97,23.8,5.5,71.2,70.7
24/10/2024 00:56,23.9,18.4,60.3,950.7,532,950.8,0,23.8,15.7,1040,0,0,0,96,97,23.8,5.5,71.2,70.7
24/10/2024 00:57,23.9,18.4,60.4,950.9,531,950.9,0,23.8,15.7,1039,0,0,0,97,97,23.8,5.5,71.2,70.7
24/10/2024 00:57,23.9,18.4,60.4,950.9,530,950.9,0,23.8,15.7,1039,0,0,0,96,96,23.8,5.5,71.2,70.7
24/10/2024 00:58,23.9,18.4,60.3,950.7,532,950.8,0,23.8,15.7,1040,0,0,0,96,97,23.8,5.5,71.2,70.7
24/10/2024 00:58,23.9,18.4,60.3,950.7,532,950.8,0,23.8,15.7,1040,0,0,0,96,96,23.8,5.5,71.2,70.7
24/10/2024 00:59,23.9,18.4,60.3,950.7,532,950.7,0,23.8,15.7,1040,0,0,0,96,97,23.8,5.5,71.2,70.7
24/10/2024 00:59,23.9,18.4,60.3,950.7,532,950.8,0,23.8,15.7,1040,0,0,0,97,98,23.8,5.5,71.2,70.7
24/10/2024 01:00,23.9,18.4,60.3,950.7,532,950.8,0,23.8,15.7,1040,0,0,0,97,97,23.8,5.5,71.2,70.7
24/10/2024 01:00,23.9,18.4,60.3,950.7,531,950.8,0,23.8,15.7,1040,0,0,0,96,97,23.8,5.5,71.2,70.7
24/10/2024 01:01,23.9,18.4,60.3,950.7,531,950.9,0,23.8,15.7,1039,0,0,0,96,97,23.8,5.5,71.2,70.7
24/10/2024 01:01,23.9,18.4,60.4,950.7,531,950.8,0,23.8,15.7,1040,0,0,0,96,97,23.8,5.5,71.2,70.7
24/10/2024 01:02,23.9,18.4,60.3,950.7,531,950.8,0,23.8,15.7,1040,0,0,0,95,96,23.8,5.5,71.2,70.7
24/10/2024 01:02,23.9,18.4,60.4,950.7,531,950.8,0,23.8,15.7,1040,0,0,0,96,96,23.8,5.5,71.2,70.7
24/10/2024 01:03,23.9,18.4,60.4,950.7,532,950.8,0,23.8,15.7,1040,0,0,0,96,97,23.8,5.5,71.2,70.7
24/10/2024 01:03,23.9,18.4,60.3,950.7,532,950.7,0,23.8,15.7,1040,0,0,0,96,96,23.8,5.5,71.2,70.7
24/10/2024 01:04,23.9,18.4,60.3,950.7,532,950.7,0,23.8,15.7,1040,0,0,0,97,97,23.8,5.5,71.2,70.7
24/10/2024 01:04,23.9,18.4,60.4,950.7,532,950.7,0,23.8,15.7,1040,0,0,0,96,97,23.8,5.5,71.2,70.7
24/10/2024 01:05,23.9,18.4,60.4,950.7,531,950.8,0,23.8,15.7,1040,0,0,0,97,97,23.8,5.5,71.2,70.7
24/10/2024 01:05,23.9,18.4,60.4,950.7,532,950.8,0,23.8,15.7,1040,0,0,0,96,97,23.8,5.5,71.2,70.7
24/10/2024 01:06,23.9,18.4,60.4,950.7,533,950.7,0,23.8,15.7,1040,0,0,0,97,97,23.8,5.5,71.2,70.7
24/10/2024 01:06,23.9,18.4,60.4,950.7,533,950.7,0,23.8,15.7,1040,0,0,0,96,97,23.8,5.5,71.2,70.7
24/10/2024 01:07,23.8,18.3,60.5,950.7,533,950.7,0,23.8,15.7,1040,0,0,0,96,96,23.8,5.5,71.2,70.7
24/10/2024 01:07,23.8,18.3,60.4,950.7,532,950.7,0,23.8,15.7,1040,0,0,0,96,96,23.8,5.5,71.2,70.7
24/10/2024 01:08,23.8,18.3,60.5,950.7,532,950.8,0,23.8,15.7,1039,0,0,0,97,97,23.8,5.5,71.2,70.7
24/10/2024 01:08,23.8,18.3,60.5,950.7,532,950.8,0,23.8,15.7,1039,0,0,0,96,97,23.8,5.5,71.2,70.7
24/10/2024 01:09,23.9,18.4,60.4,950.7,533,950.7,0,23.8,15.7,1040,0,0,0,97,97,23.8,5.5,71.2,70.7
24/10/2024 01:09,23.9,18.4,60.4,950.7,531,950.8,0,23.8,15.7,1040,0,0,0,96,96,23.8,5.5,71.2,70.7
24/10/2024 01:10,23.8,18.3,60.4,950.7,532,950.7,0,23.8,15.7,1040,0,0,0,97,97,23.8,5.5,71.2,70.7
24/10/2024 01:10,23.9,18.4,60.3,950.5,533,950.6,0,23.8,15.7,1042,0,0,0,96,97,23.8,5.5,71.2,70.7
24/10/2024 01:11,23.8,18.3,60.4,950.7,532,950.7,0,23.8,15.7,1040,0,0,0,97,97,23.8,5.5,71.2,70.7
24/10/2024 01:11,23.8,18.3,60.4,950.7,533,950.7,0,23.8,15.7,1040,0,0,0,96,96,23.8,5.5,71.2,70.7
24/10/2024 01:12,23.9,18.4,60.3,950.7,533,950.7,0,23.8,15.7,1040,0,0,0,96,97,23.8,5.5,71.2,70.7
24/10/2024 01:12,23.9,18.4,60.3,950.7,533,950.7,0,23.8,15.7,1040,0,0,0,96,96,23.8,5.5,71.2,70.7
24/10/2024 01:13,23.8,18.3,60.4,950.7,533,950.7,0,23.8,15.7,1040,0,0,0,95,96,23.8,5.5,71.2,70.7
24/10/2024 01:13,23.8,18.3,60.4,950.7,533,950.7,0,23.8,15.7,1040,0,0,0,96,97,23.8,5.5,71.2,70.7
24/10/2024 01:14,23.8,18.3,60.4,950.7,532,950.7,0,23.8,15.7,1040,0,0,0,97,97,23.8,5.5,71.2,70.7
24/10/2024 01:14,23.8,18.3,60.4,950.7,533,950.6,0,23.8,15.7,1040,0,0,0,96,97,23.8,5.5,71.2,70.7
24/10/2024 01:15,23.8,18.3,60.4,950.7,533,950.7,0,23.8,15.7,1040,0,0,0,96,97,23.8,5.5,71.2,70.7
24/10/2024 01:15,23.8,18.3,60.4,950.7,533,950.7,0,23.8,15.7,1040,0,0,0,96,97,23.8,5.5,71.2,70.7
24/10/2024 01:16,23.8,18.3,60.4,950.7,533,950.7,0,23.8,15.7,1040,0,0,0,96,97,23.8,5.5,71.2,70.7
24/10/2024 01:16,23.8,18.3,60.4,950.7,532,950.7,0,23.8,15.7,1040,0,0,0,96,97,23.8,5.5,71.2,70.7
24/10/2024 01:17,23.8,18.3,60.4,950.7,533,950.6,0,23.8,15.7,1040,0,0,0,97,97,23.8,5.5,71.2,70.7
24/10/2024 01:17,23.8,18.3,60.4,950.7,533,950.6,0,23.8,15.7,1040,0,0,0,97,97,23.8,5.5,71.2,70.7
24/10/2024 01:18,23.8,18.3,60.4,950.5,533,950.6,0,23.8,15.7,1040,0,0,0,96,97,23.8,5.5,71.2,70.7
24/10/2024 01:18,23.8,18.3,60.4,950.7,533,950.7,0,23.8,15.7,1040,0,0,0,97,97,23.8,5.5,71.2,70.7
24/10/2024 01:19,23.8,18.3,60.4,950.7,533,950.7,0,23.8,15.7,1040,0,0,0,96,96,23.8,5.5,71.2,70.7
24/10/2024 01:19,23.8,18.3,60.4,950.7,533,950.7,0,23.8,15.7,1040,0,0,0,96,97,23.8,5.5,71.2,70.7
24/10/2024 01:20,23.8,18.3,60.4,950.7,533,950.6,0,23.8,15.7,1040,0,0,0,96,97,23.8,5.5,71.2,70.7
24/10/2024 01:20,23.8,18.3,60.4,950.7,533,950.7,0,23.8,15.7,1040,0,0,0,96,97,23.8,5.5,71.2,70.7
24/10/2024 01:21,23.8,18.3,60.4,950.7,532,950.7,0,23.8,15.7,1040,0,0,0,96,97,23.8,5.5,71.2,70.7
24/10/2024 01:21,23.8,18.3,60.4,950.7,533,950.7,0,23.8,15.7,1040,0,0,0,96,97,23.8,5.5,71.2,70.7
24/10/2024 01:22,23.8,18.3,60.4,950.7,532,950.7,0,23.8,15.7,1040,0,0,0,96,97,23.8,5.5,71.2,70.7
24/10/2024 01:22,23.8,18.3,60.4,950.7,533,950.7,0,23.8,15.7,1040,0,0,0,96,97,23.8,5.5,71.2,70.7
24/10/2024 01:23,23.8,18.3,60.4,950.7,532,950.7,0,23.8,15.7,1040,0,0,0,96,97,23.8,5.5,71.2,70.7
24/10/2024 01:23,23.8,18.3,60.4,950.7,532,950.7,0,23.8,15.7,1040,0,0,0,96,97,23.8,5.5,71.2,70.7
24/10/2024 01:24,23.8,18.3,60.4,950.7,532,950.8,0,23.8,15.7,1039,0,0,0,96,96,23.8,5.5,71.2,70.7
24/10/2024 01:24,23.8,18.3,60.4,950.7,532,950.7,0,23.8,15.7,1040,0,0,0,96,97,23.8,5.5,71.2,70.7
24/10/2024 01:25,23.8,18.3,60.4,950.7,533,950.7,0,23.8,15.7,1040,0,0,0,96,97,23.8,5.5,71.2,70.7
24/10/2024 01:25,23.8,18.3,60.4,950.7,533,950.7,0,23.8,15.7,1040,0,0,0,96,97,23.8,5.5,71.2,70.7
24/10/2024 01:26,23.8,18.3,60.4,950.5,533,950.6,0,23.8,15.7,1040,0,0,0,96,97,23.8,5.5,71.2,70.7
24/10/2024 01:26,23.8,18.3,60.4,950.7,532,950.7,0,23.8,15.7,1040,0,0,0,96,97,23.8,5.5,71.2,70.7
24/10/2024 01:27,23.8,18.3,60.4,950.7,532,950.7,0,23.8,15.7,1040,0,0,0,96,96,23.8,5.5,71.2,70.7
24/10/2024 01:27,23.8,18.3,60.4,950.7,532,950.7,0,23.8,15.7,1040,0,0,0,96,97,23.8,5.5,71.2,70.7
24/10/2024 01:28,23.8,18.3,60.3,950.7,533,950.6,0,23.8,15.7,1040,0,0,0,96,97,23.8,5.5,71.2,70.7
24/10/2024 01:28,23.8,18.3,60.4,950.5,533,950.6,0,23.8,15.7,1040,0,0,0,97,97,23.8,5.5,71.2,70.7
24/10/2024 01:29,23.8,18.3,60.5,950.5,533,950.6,0,23.8,15.7,1040,0,0,0,97,97,23.8,5.5,71.2,70.7
24/10/2024 01:29,23.8,18.3,60.5,950.7,533,950.7,0,23.8,15.7,1039,0,0,0,96,97,23.8,5.5,71.2,70.7
24/10/2024 01:30,23.8,18.3,60.4,950.7,533,950.7,0,23.8,15.7,1040,0,0,0,96,97,23.8,5.5,71.2,70.7
24/10/2024 01:30,23.8,18.3,60.4,950.7,533,950.7,0,23.8,15.7,1040,0,0,0,96,96,23.8,5.5,71.2,70.7
24/10/2024 01:31,23.8,18.3,60.4,950.7,533,950.7,0,23.8,15.7,1039,0,0,0,96,97,23.8,5.5,71.2,70.7
24/10/2024 01:31,23.8,18.3,60.4,950.5,533,950.6,0,23.8,15.7,1040,0,0,0,97,97,23.8,5.5,71.2,70.7
24/10/2024 01:32,23.8,18.3,60.4,950.5,533,950.6,0,23.8,15.7,1040,0,0,0,96,96,23.8,5.5,71.2,70.7
24/10/2024 01:32,23.8,18.3,60.4,950.7,532,950.7,0,23.8,15.7,1039,0,0,0,97,98,23.8,5.5,71.2,70.7
24/10/2024 01:33,23.8,18.3,60.4,950.5,533,950.6,0,23.8,15.7,1040,0,0,0,96,97,23.8,5.5,71.2,70.7
24/10/2024 01:33,23.8,18.3,60.4,950.7,533,950.7,0,23.8,15.7,1039,0,0,0,96,97,23.8,5.5,71.2,70.7
24/10/2024 01:34,23.8,18.3,60.4,950.5,533,950.6,0,23.8,15.7,1040,0,0,0,97,97,23.8,5.5,71.2,70.7
24/10/2024 01:34,23.8,18.3,60.4,950.7,533,950.7,0,23.8,15.7,1039,0,0,0,96,97,23.8,5.5,71.2,70.7
24/10/2024 01:35,23.8,18.3,60.4,950.5,534,950.5,0,23.8,15.7,1041,0,0,0,96,97,23.8,5.5,71.2,70.7
24/10/2024 01:35,23.8,18.3,60.4,950.5,533,950.6,0,23.8,15.7,1040,0,0,0,96,97,23.8,5.5,71.2,70.7
24/10/2024 01:36,23.8,18.3,60.4,950.5,533,950.6,0,23.8,15.7,1040,0,0,0,96,97,23.8,5.5,71.2,70.7
24/10/2024 01:36,23.8,18.3,60.4,950.5,533,950.6,0,23.8,15.7,1040,0,0,0,96,97,23.8,5.5,71.2,70.6
24/10/2024 01:37,23.8,18.3,60.4,950.5,533,950.6,0,23.8,15.7,1040,0,0,0,96,97,23.8,5.5,71.2,70.7
24/10/2024 01:37,23.8,18.3,60.5,950.5,534,950.5,0,23.8,15.7,1041,0,0,0,96,96,23.8,5.5,71.2,70.7
24/10/2024 01:38,23.8,18.3,60.4,950.5,533,950.6,0,23.8,15.7,1040,0,0,0,97,97,23.8,5.5,71.2,70.7
24/10/2024 01:38,23.8,18.3,60.4,950.7,533,950.6,0,23.8,15.7,1040,0,0,0,96,96,23.8,5.5,71.2,70.7
24/10/2024 01:39,23.8,18.3,60.4,950.5,534,950.5,0,23.8,15.7,1041,0,0,0,96,97,23.8,5.5,71.2,70.7
24/10/2024 01:39,23.8,18.3,60.4,950.5,534,950.6,0,23.8,15.7,1040,0,0,0,96,97,23.8,5.5,71.2,70.7
24/10/2024 01:40,23.8,18.3,60.4,950.5,534,950.5,0,23.8,15.7,1041,0,0,0,97,97,23.8,5.5,71.2,70.7
24/10/2024 01:40,23.8,18.3,60.4,950.5,535,950.5,0,23.8,15.7,1041,0,0,0,97,97,23.8,5.5,71.2,70.7
24/10/2024 01:41,23.8,18.3,60.4,950.5,534,950.5,0,23.8,15.7,1041,0,0,0,97,97,23.8,5.5,71.2,70.7
24/10/2024 01:41,23.8,18.3,60.4,950.5,534,950.6,0,23.8,15.7,1040,0,0,0,96,97,23.8,5.5,71.2,70.7
24/10/2024 01:42,23.8,18.3,60.4,950.5,534,950.5,0,23.8,15.7,1041,0,0,0,96,96,23.8,5.5,71.2,70.7
24/10/2024 01:42,23.8,18.3,60.4,950.4,535,950.4,0,23.8,15.7,1042,0,0,0,96,97,23.8,5.5,71.2,70.7
24/10/2024 01:43,23.8,18.3,60.4,950.5,535,950.5,0,23.8,15.7,1041,0,0,0,96,97,23.8,5.5,71.2,70.7
24/10/2024 01:43,23.8,18.3,60.4,950.5,535,950.5,0,23.8,15.7,1041,0,0,0,96,97,23.8,5.5,71.2,70.7
24/10/2024 01:44,23.8,18.3,60.4,950.4,535,950.4,0,23.8,15.7,1042,0,0,0,96,96,23.8,5.5,71.2,70.7
24/10/2024 01:44,23.8,18.3,60.4,950.4,535,950.4,0,23.8,15.7,1042,0,0,0,96,97,23.8,5.5,71.2,70.7
24/10/2024 01:45,23.8,18.3,60.4,950.5,535,950.5,0,23.8,15.7,1041,0,0,0,96,97,23.8,5.5,71.2,70.7
24/10/2024 01:45,23.8,18.3,60.4,950.4,535,950.4,0,23.8,15.7,1042,0,0,0,96,97,23.8,5.5,71.2,70.7
24/10/2024 01:46,23.8,18.3,60.4,950.4,535,950.4,0,23.8,15.7,1042,0,0,0,96,97,23.8,5.5,71.2,70.7
24/10/2024 01:46,23.8,18.3,60.4,950.5,535,950.5,0,23.8,15.7,1041,0,0,0,96,97,23.8,5.5,71.2,70.7
24/10/2024 01:47,23.8,18.3,60.4,950.4,535,950.4,0,23.8,15.7,1042,0,0,0,97,97,23.8,5.5,71.2,70.7
24/10/2024 01:47,23.8,18.3,60.4,950.5,535,950.5,0,23.8,15.7,1041,0,0,0,96,97,23.8,5.5,71.2,70.7
24/10/2024 01:48,23.8,18.3,60.4,950.5,535,950.5,0,23.8,15.7,1041,0,0,0,96,96,23.8,5.5,71.2,70.6
24/10/2024 01:48,23.8,18.3,60.4,950.4,535,950.4,0,23.8,15.7,1042,0,0,0,97,97,23.8,5.5,71.2,70.6
24/10/2024 01:49,23.8,18.3,60.4,950.4,535,950.4,0,23.8,15.7,1042,0,0,0,96,97,23.8,5.5,71.2,70.6
24/10/2024 01:49,23.8,18.3,60.4,950.4,535,950.4,0,23.8,15.7,1042,0,0,0,97,98,23.8,5.5,71.2,70.6
24/10/2024 01:50,23.8,18.3,60.5,950.4,535,950.4,0,23.7,15.7,1041,0,0,0,97,97,23.7,5.5,71.2,70.6
24/10/2024 01:50,23.8,18.3,60.5,950.5,535,950.5,0,23.7,15.7,1040,0,0,0,97,97,23.7,5.5,71.2,70.6
24/10/2024 01:51,23.8,18.3,60.5,950.4,535,950.4,0,23.7,15.7,1041,0,0,0,96,97,23.7,5.5,71.2,70.6
24/10/2024 01:51,23.8,18.3,60.5,950.4,535,950.4,0,23.7,15.7,1041,0,0,0,97,97,23.7,5.5,71.2,70.6
24/10/2024 01:52,23.8,18.3,60.5,950.2,535,950.3,0,23.7,15.7,1043,0,0,0,96,96,23.7,5.5,71.2,70.6
24/10/2024 01:52,23.8,18.3,60.5,950.2,535,950.3,0,23.7,15.7,1043,0,0,0,96,97,23.7,5.5,71.2,70.6
24/10/2024 01:53,23.8,18.3,60.5,950.4,535,950.4,0,23.7,15.7,1041,0,0,0,97,97,23.7,5.5,71.2,70.6
24/10/2024 01:53,23.8,18.3,60.5,950.4,535,950.4,0,23.7,15.7,1041,0,0,0,96,97,23.7,5.5,71.2,70.6
24/10/2024 01:54,23.8,18.3,60.5,950.2,536,950.3,0,23.7,15.7,1043,0,0,0,96,97,23.7,5.5,71.2,70.6
24/10/2024 01:54,23.8,18.3,60.5,950.2,535,950.3,0,23.7,15.7,1043,0,0,0,97,97,23.7,5.5,71.2,70.6
24/10/2024 01:55,23.8,18.3,60.5,950.4,535,950.4,0,23.7,15.7,1041,0,0,0,96,97,23.7,5.5,71.2,70.6
24/10/2024 01:55,23.8,18.3,60.5,950.4,535,950.4,0,23.7,15.7,1041,0,0,0,96,97,23.7,5.5,71.2,70.6
24/10/2024 01:56,23.8,18.3,60.4,950.2,535,950.3,0,23.7,15.7,1043,0,0,0,96,97,23.7,5.5,71.1,70.6
24/10/2024 01:56,23.8,18.3,60.4,950.2,536,950.3,0,23.7,15.7,1043,0,0,0,96,96,23.7,5.5,71.1,70.6
24/10/2024 01:57,23.8,18.3,60.4,950.2,536,950.3,0,23.7,15.7,1043,0,0,0,97,97,23.7,5.5,71.1,70.6
24/10/2024 01:57,23.8,18.3,60.4,950.2,536,950.2,0,23.7,15.7,1044,0,0,0,97,97,23.7,5.5,71.1,70.6
24/10/2024 01:58,23.8,18.3,60.4,950.2,536,950.2,0,23.7,15.7,1044,0,0,0,97,97,23.7,5.5,71.1,70.6
24/10/2024 01:58,23.8,18.3,60.4,950.2,537,950.2,0,23.7,15.7,1044,0,0,0,96,97,23.7,5.5,71.1,70.6
24/10/2024 01:59,23.8,18.3,60.4,950.2,536,950.2,0,23.7,15.7,1044,0,0,0,96,97,23.7,5.5,71.1,70.6
24/10/2024 01:59,23.8,18.3,60.4,950.2,537,950.2,0,23.7,15.7,1044,0,0,0,96,96,23.7,5.5,71.1,70.6
24/10/2024 02:00,23.8,18.3,60.4,950.2,536,950.3,0,23.7,15.7,1043,0,0,0,97,97,23.7,5.5,71.1,70.6
24/10/2024 02:00,23.8,18.3,60.4,950.2,537,950.2,0,23.7,15.7,1044,0,0,0,96,97,23.7,5.5,71.1,70.6
24/10/2024 02:01,23.8,18.3,60.4,950.2,536,950.2,0,23.7,15.7,1044,0,0,0,96,96,23.7,5.5,71.1,70.6
24/10/2024 02:01,23.8,18.3,60.4,950.2,536,950.3,0,23.7,15.7,1043,0,0,0,97,97,23.7,5.5,71.1,70.6
24/10/2024 02:02,23.8,18.3,60.4,950.2,537,950.2,0,23.7,15.7,1044,0,0,0,96,97,23.7,5.5,71.1,70.6
24/10/2024 02:02,23.8,18.3,60.4,950.2,536,950.2,0,23.7,15.7,1044,0,0,0,96,97,23.7,5.5,71.1,70.6
24/10/2024 02:03,23.8,18.3,60.4,950.2,537,950.2,0,23.7,15.7,1044,0,0,0,97,97,23.7,5.5,71.1,70.6
24/10/2024 02:03,23.8,18.3,60.4,950,537,950.1,0,23.7,15.7,1044,0,0,0,96,97,23.7,5.5,71.1,70.6
24/10/2024 02:04,23.8,18.3,60.4,950,537,950.1,0,23.7,15.7,1044,0,0,0,96,97,23.7,5.5,71.1,70.6
24/10/2024 02:04,23.8,18.3,60.5,950,537,950.1,0,23.7,15.7,1044,0,0,0,97,97,23.7,5.5,71.1,70.6
24/10/2024 02:05,23.8,18.3,60.4,950,537,950.1,0,23.7,15.7,1044,0,0,0,96,97,23.7,5.5,71.1,70.6
24/10/2024 02:05,23.8,18.3,60.4,950,538,950.1,0,23.7,15.7,1044,0,0,0,96,97,23.7,5.5,71.1,70.6
24/10/2024 02:06,23.8,18.3,60.5,950,537,950.1,0,23.7,15.7,1044,0,0,0,96,97,23.7,5.5,71.1,70.6
24/10/2024 02:06,23.8,18.3,60.5,950,537,950.1,0,23.7,15.7,1044,0,0,0,96,97,23.7,5.5,71.1,70.6
24/10/2024 02:07,23.8,18.3,60.5,950.2,537,950.2,0,23.7,15.7,1044,0,0,0,96,97,23.7,5.5,71.1,70.6
24/10/2024 02:07,23.8,18.3,60.5,950,538,950.1,0,23.7,15.7,1044,0,0,0,96,96,23.7,5.5,71.1,70.6
24/10/2024 02:08,23.8,18.3,60.5,950,537,950.1,0,23.7,15.7,1044,0,0,0,96,97,23.7,5.5,71.1,70.6
24/10/2024 02:08,23.8,18.3,60.5,950,537,950.1,0,23.7,15.7,1044,0,0,0,97,97,23.7,5.5,71.1,70.6
24/10/2024 02:09,23.8,18.3,60.5,950,538,950,0,23.7,15.7,1046,0,0,0,96,97,23.7,5.5,71.1,70.6
24/10/2024 02:09,23.8,18.3,60.5,950,538,950,0,23.7,15.7,1046,0,0,0,96,96,23.7,5.5,71.1,70.6
24/10/2024 02:10,23.8,18.3,60.5,950,539,950,0,23.7,15.7,1046,0,0,0,96,97,23.7,5.5,71.1,70.6
24/10/2024 02:10,23.8,18.3,60.5,950,539,950,0,23.7,15.7,1046,0,0,0,96,97,23.7,5.5,71.1,70.6
24/10/2024 02:11,23.8,18.3,60.5,950,538,950.1,0,23.7,15.7,1044,0,0,0,97,98,23.7,5.5,71.1,70.6
24/10/2024 02:11,23.8,18.3,60.5,950,539,950,0,23.7,15.6,1044,0,0,0,97,97,23.7,5.5,71.1,70.6
24/10/2024 02:12,23.8,18.3,60.5,950,539,950,0,23.7,15.6,1044,0,0,0,97,97,23.7,5.5,71.1,70.6
24/10/2024 02:12,23.8,18.3,60.5,950,539,950,0,23.7,15.6,1044,0,0,0,97,97,23.7,5.5,71.1,70.6
24/10/2024 02:13,23.8,18.3,60.5,949.9,539,949.9,0,23.7,15.6,1046,0,0,0,96,97,23.7,5.5,71.1,70.6
24/10/2024 02:13,23.8,18.3,60.5,949.9,539,949.9,0,23.7,15.6,1046,0,0,0,96,96,23.7,5.5,71.1,70.6
24/10/2024 02:14,23.8,18.3,60.5,950,539,950,0,23.7,15.6,1044,0,0,0,96,97,23.7,5.5,71.1,70.6
24/10/2024 02:14,23.8,18.3,60.5,950,539,950,0,23.7,15.6,1044,0,0,0,96,96,23.7,5.5,71.1,70.6
24/10/2024 02:15,23.8,18.3,60.5,950,538,950,0,23.7,15.6,1044,0,0,0,96,96,23.7,5.5,71.1,70.6
24/10/2024 02:15,23.8,18.3,60.5,949.9,539,949.9,0,23.7,15.6,1046,0,0,0,97,98,23.7,5.5,71.1,70.6
24/10/2024 02:16,23.8,18.3,60.5,949.9,540,949.9,0,23.7,15.6,1046,0,0,0,97,97,23.7,5.5,71.1,70.6
24/10/2024 02:16,23.8,18.3,60.5,949.7,540,949.8,0,23.7,15.6,1047,0,0,0,96,97,23.7,5.5,71.1,70.6
24/10/2024 02:17,23.8,18.3,60.5,949.9,539,949.9,0,23.7,15.6,1046,0,0,0,96,97,23.7,5.5,71.1,70.6
24/10/2024 02:17,23.8,18.3,60.5,949.9,540,949.9,0,23.7,15.6,1046,0,0,0,97,97,23.7,5.5,71.1,70.6
24/10/2024 02:18,23.8,18.3,60.5,949.9,540,949.9,0,23.7,15.6,1046,0,0,0,96,96,23.7,5.5,71.1,70.6
24/10/2024 02:18,23.8,18.3,60.5,949.7,540,949.8,0,23.7,15.6,1047,0,0,0,96,97,23.7,5.5,71.1,70.6
24/10/2024 02:19,23.8,18.3,60.4,949.9,539,949.9,0,23.7,15.6,1046,0,0,0,96,97,23.7,5.5,71.1,70.6
24/10/2024 02:19,23.7,18.3,60.5,949.7,540,949.8,0,23.7,15.7,1047,0,0,0,96,97,23.7,5.4,71.1,70.6
24/10/2024 02:20,23.8,18.3,60.4,949.7,540,949.8,0,23.7,15.6,1047,0,0,0,97,97,23.7,5.5,71.1,70.6
24/10/2024 02:20,23.7,18.3,60.5,949.9,539,949.9,0,23.7,15.6,1046,0,0,0,97,97,23.7,5.4,71.1,70.6
24/10/2024 02:21,23.7,18.3,60.5,949.7,540,949.8,0,23.7,15.6,1047,0,0,0,96,97,23.7,5.4,71.1,70.6
24/10/2024 02:21,23.7,18.3,60.5,949.9,540,949.9,0,23.7,15.6,1046,0,0,0,96,96,23.7,5.4,71.1,70.6
24/10/2024 02:22,23.7,18.3,60.5,949.9,539,949.9,0,23.7,15.6,1046,0,0,0,96,97,23.7,5.4,71.1,70.6
24/10/2024 02:22,23.7,18.3,60.5,949.7,540,949.8,0,23.7,15.6,1047,0,0,0,96,96,23.7,5.4,71.1,70.6
24/10/2024 02:23,23.7,18.3,60.5,949.7,540,949.7,0,23.7,15.6,1048,0,0,0,96,97,23.7,5.4,71.1,70.6
24/10/2024 02:23,23.7,18.3,60.5,949.9,540,949.9,0,23.7,15.6,1045,0,0,0,97,97,23.7,5.4,71.1,70.6
24/10/2024 02:24,23.7,18.3,60.5,949.7,540,949.8,0,23.7,15.6,1046,0,0,0,97,98,23.7,5.4,71.1,70.6
24/10/2024 02:24,23.7,18.3,60.5,949.7,540,949.8,0,23.7,15.6,1046,0,0,0,96,97,23.7,5.4,71.1,70.6
24/10/2024 02:25,23.7,18.3,60.5,949.7,540,949.8,0,23.7,15.6,1047,0,0,0,97,97,23.7,5.4,71.1,70.6
24/10/2024 02:25,23.7,18.3,60.5,949.7,540,949.8,0,23.7,15.6,1046,0,0,0,96,97,23.7,5.4,71.1,70.6
24/10/2024 02:26,23.7,18.3,60.5,949.7,540,949.8,0,23.7,15.6,1046,0,0,0,96,97,23.7,5.4,71.1,70.6
24/10/2024 02:26,23.7,18.3,60.5,949.7,540,949.8,0,23.7,15.6,1046,0,0,0,97,97,23.7,5.4,71.1,70.6
24/10/2024 02:27,23.7,18.3,60.5,949.7,540,949.8,0,23.7,15.6,1046,0,0,0,97,97,23.7,5.4,71.1,70.6
24/10/2024 02:27,23.7,18.3,60.5,949.7,540,949.8,0,23.7,15.6,1046,0,0,0,96,97,23.7,5.4,71.1,70.6
24/10/2024 02:28,23.7,18.3,60.5,949.7,540,949.8,0,23.7,15.6,1046,0,0,0,96,97,23.7,5.4,71.1,70.6
24/10/2024 02:28,23.7,18.3,60.5,949.7,540,949.7,0,23.7,15.6,1047,0,0,0,97,97,23.7,5.4,71.1,70.6
24/10/2024 02:29,23.7,18.3,60.5,949.7,540,949.8,0,23.7,15.6,1046,0,0,0,96,97,23.7,5.4,71.1,70.6
24/10/2024 02:29,23.7,18.3,60.5,949.7,540,949.8,0,23.7,15.6,1046,0,0,0,96,97,23.7,5.4,71.1,70.6
24/10/2024 02:30,23.7,18.3,60.5,949.7,540,949.8,0,23.7,15.6,1046,0,0,0,96,97,23.7,5.4,71.1,70.6
24/10/2024 02:30,23.7,18.3,60.5,949.7,540,949.8,0,23.7,15.6,1046,0,0,0,97,97,23.7,5.4,71.1,70.6
24/10/2024 02:31,23.7,18.3,60.5,949.7,540,949.8,0,23.7,15.6,1046,0,0,0,96,96,23.7,5.4,71.1,70.6
24/10/2024 02:31,23.7,18.3,60.5,949.7,540,949.8,0,23.7,15.6,1046,0,0,0,96,97,23.7,5.4,71.1,70.6
24/10/2024 02:32,23.7,18.3,60.5,949.7,542,949.7,0,23.7,15.6,1047,0,0,0,97,97,23.7,5.4,71.1,70.6
24/10/2024 02:32,23.7,18.3,60.5,949.7,540,949.7,0,23.7,15.6,1047,0,0,0,97,97,23.7,5.4,71.1,70.6
24/10/2024 02:33,23.7,18.3,60.4,949.7,540,949.8,0,23.7,15.6,1046,0,0,0,96,97,23.7,5.4,71.1,70.6
24/10/2024 02:33,23.7,18.3,60.5,949.7,540,949.8,0,23.7,15.6,1046,0,0,0,96,97,23.7,5.4,71.1,70.5
24/10/2024 02:34,23.7,18.3,60.4,949.7,540,949.8,0,23.7,15.6,1046,0,0,0,96,97,23.7,5.4,71.1,70.6
24/10/2024 02:34,23.7,18.3,60.5,949.9,540,949.9,0,23.7,15.6,1045,0,0,0,96,97,23.7,5.4,71.1,70.5
24/10/2024 02:35,23.7,18.3,60.4,949.7,540,949.8,0,23.7,15.6,1046,0,0,0,97,97,23.7,5.4,71.1,70.6
24/10/2024 02:35,23.7,18.3,60.5,949.7,540,949.8,0,23.7,15.6,1046,0,0,0,96,97,23.7,5.4,71.1,70.5
24/10/2024 02:36,23.7,18.3,60.5,949.7,540,949.8,0,23.7,15.6,1046,0,0,0,96,96,23.7,5.4,71.1,70.5
24/10/2024 02:36,23.7,18.3,60.5,949.7,540,949.8,0,23.7,15.6,1046,0,0,0,96,97,23.7,5.4,71.1,70.5
24/10/2024 02:37,23.7,18.3,60.5,949.7,540,949.8,0,23.7,15.6,1045,0,0,0,97,98,23.7,5.4,71,70.5
24/10/2024 02:37,23.7,18.3,60.5,949.7,540,949.7,0,23.7,15.6,1046,0,0,0,96,97,23.7,5.4,71,70.5
24/10/2024 02:38,23.7,18.3,60.5,949.7,542,949.7,0,23.7,15.6,1046,0,0,0,96,97,23.7,5.4,71,70.5
24/10/2024 02:38,23.7,18.3,60.5,949.7,540,949.7,0,23.7,15.6,1046,0,0,0,97,97,23.7,5.4,71,70.5
24/10/2024 02:39,23.7,18.3,60.5,949.7,540,949.7,0,23.7,15.6,1046,0,0,0,96,96,23.7,5.4,71,70.5
24/10/2024 02:39,23.7,18.3,60.5,949.7,542,949.7,0,23.7,15.6,1046,0,0,0,96,97,23.7,5.4,71,70.5
24/10/2024 02:40,23.7,18.3,60.5,949.7,542,949.7,0,23.7,15.6,1046,0,0,0,96,97,23.7,5.4,71,70.5
24/10/2024 02:40,23.7,18.3,60.5,949.7,542,949.7,0,23.7,15.6,1046,0,0,0,96,97,23.7,5.4,71,70.5
24/10/2024 02:41,23.7,18.3,60.5,949.5,542,949.5,0,23.7,15.6,1048,0,0,0,97,97,23.7,5.4,71,70.5
24/10/2024 02:41,23.7,18.3,60.5,949.5,542,949.6,0,23.7,15.6,1047,0,0,0,96,97,23.7,5.4,71,70.5
24/10/2024 02:42,23.7,18.3,60.5,949.5,542,949.6,0,23.7,15.6,1047,0,0,0,96,97,23.7,5.4,71,70.5
24/10/2024 02:42,23.7,18.3,60.5,949.7,542,949.7,0,23.7,15.6,1046,0,0,0,97,97,23.7,5.4,71,70.5
24/10/2024 02:43,23.7,18.3,60.5,949.5,542,949.6,0,23.7,15.6,1047,0,0,0,96,97,23.7,5.4,71,70.5
24/10/2024 02:43,23.7,18.3,60.5,949.5,542,949.6,0,23.7,15.6,1047,0,0,0,96,97,23.7,5.4,71,70.5
24/10/2024 02:44,23.7,18.3,60.5,949.5,542,949.6,0,23.7,15.6,1047,0,0,0,96,97,23.7,5.4,71,70.5
24/10/2024 02:44,23.7,18.3,60.5,949.5,543,949.5,0,23.7,15.6,1048,0,0,0,96,96,23.7,5.4,71,70.5
24/10/2024 02:45,23.7,18.3,60.5,949.5,543,949.5,0,23.7,15.6,1048,0,0,0,96,97,23.7,5.4,71,70.5
24/10/2024 02:45,23.7,18.3,60.5,949.5,542,949.5,0,23.7,15.6,1048,0,0,0,97,97,23.7,5.4,71,70.5
24/10/2024 02:46,23.7,18.3,60.5,949.5,543,949.5,0,23.7,15.6,1048,0,0,0,97,97,23.7,5.4,71,70.5
24/10/2024 02:46,23.7,18.3,60.5,949.4,543,949.4,0,23.6,15.6,1050,0,0,0,96,97,23.6,5.4,71,70.5
24/10/2024 02:47,23.7,18.3,60.5,949.4,544,949.4,0,23.7,15.6,1049,0,0,0,96,96,23.7,5.4,71,70.5
24/10/2024 02:47,23.7,18.3,60.5,949.4,543,949.4,0,23.6,15.6,1050,0,0,0,97,97,23.6,5.4,71,70.5
24/10/2024 02:48,23.7,18.3,60.5,949.5,542,949.5,0,23.7,15.6,1048,0,0,0,97,97,23.7,5.4,71,70.5
24/10/2024 02:48,23.7,18.3,60.5,949.5,543,949.5,0,23.7,15.6,1048,0,0,0,97,97,23.7,5.4,71,70.5
24/10/2024 02:49,23.7,18.3,60.5,949.4,543,949.4,0,23.6,15.6,1048,0,0,0,96,97,23.6,5.4,71,70.5
24/10/2024 02:49,23.7,18.3,60.5,949.4,543,949.4,0,23.6,15.6,1048,0,0,0,96,96,23.6,5.4,71,70.5
24/10/2024 02:50,23.7,18.3,60.5,949.4,543,949.4,0,23.6,15.6,1050,0,0,0,96,97,23.6,5.4,71,70.5
24/10/2024 02:50,23.7,18.3,60.5,949.4,544,949.4,0,23.6,15.6,1050,0,0,0,96,96,23.6,5.4,71,70.5
24/10/2024 02:51,23.7,18.3,60.5,949.4,543,949.4,0,23.6,15.6,1048,0,0,0,97,97,23.6,5.4,71,70.5
24/10/2024 02:51,23.7,18.3,60.5,949.2,544,949.3,0,23.6,15.6,1050,0,0,0,97,97,23.6,5.4,71,70.5
24/10/2024 02:52,23.7,18.3,60.5,949.4,544,949.4,0,23.6,15.6,1048,0,0,0,97,97,23.6,5.4,71,70.5
24/10/2024 02:52,23.7,18.3,60.5,949.4,544,949.4,0,23.6,15.6,1048,0,0,0,97,97,23.6,5.4,71,70.5
24/10/2024 02:53,23.7,18.3,60.5,949.4,544,949.4,0,23.6,15.6,1048,0,0,0,96,97,23.6,5.4,71,70.5
24/10/2024 02:53,23.7,18.3,60.5,949.2,544,949.3,0,23.6,15.6,1050,0,0,0,97,98,23.6,5.4,71,70.5
24/10/2024 02:54,23.7,18.3,60.5,949.2,545,949.3,0,23.6,15.6,1050,0,0,0,96,97,23.6,5.4,71,70.5
24/10/2024 02:54,23.7,18.3,60.5,949.2,544,949.3,0,23.6,15.6,1050,0,0,0,97,97,23.6,5.4,71,70.5
24/10/2024 02:55,23.7,18.3,60.5,949.2,544,949.3,0,23.6,15.6,1050,0,0,0,97,97,23.6,5.4,71,70.5
24/10/2024 02:55,23.7,18.3,60.5,949.2,544,949.3,0,23.6,15.6,1050,0,0,0,96,97,23.6,5.4,71,70.5
24/10/2024 02:56,23.7,18.3,60.5,949.2,544,949.3,0,23.6,15.6,1050,0,0,0,97,97,23.6,5.4,71,70.5
24/10/2024 02:56,23.7,18.3,60.5,949.2,545,949.2,0,23.6,15.6,1051,0,0,0,97,97,23.6,5.4,71,70.5
24/10/2024 02:57,23.7,18.3,60.5,949.2,545,949.3,0,23.6,15.6,1050,0,0,0,96,97,23.6,5.4,71,70.5
24/10/2024 02:57,23.7,18.3,60.5,949.2,544,949.3,0,23.6,15.6,1050,0,0,0,96,97,23.6,5.4,71,70.5
24/10/2024 02:58,23.7,18.3,60.5,949.2,544,949.3,0,23.6,15.6,1050,0,0,0,96,97,23.6,5.4,71,70.5
24/10/2024 02:58,23.7,18.3,60.5,949.2,545,949.3,0,23.6,15.6,1051,0,0,0,97,98,23.6,5.4,71,70.5
24/10/2024 02:59,23.7,18.3,60.5,949.2,544,949.4,0,23.6,15.6,1048,0,0,0,97,97,23.6,5.4,71,70.5
24/10/2024 02:59,23.7,18.3,60.5,949.2,545,949.3,0,23.6,15.6,1050,0,0,0,97,98,23.6,5.4,71,70.5
24/10/2024 03:00,23.7,18.3,60.5,949.2,545,949.3,0,23.6,15.6,1050,0,0,0,97,97,23.6,5.4,71,70.5
24/10/2024 03:00,23.7,18.3,60.5,949.2,545,949.3,0,23.6,15.6,1050,0,0,0,97,98,23.6,5.4,71,70.5
24/10/2024 03:01,23.7,18.3,60.5,949.2,545,949.3,0,23.6,15.6,1050,0,0,0,97,97,23.6,5.4,71,70.5
24/10/2024 03:01,23.7,18.3,60.5,949.2,545,949.3,0,23.6,15.6,1050,0,0,0,97,97,23.6,5.4,71,70.5
24/10/2024 03:02,23.7,18.3,60.5,949.2,544,949.3,0,23.6,15.6,1050,0,0,0,97,97,23.6,5.4,71,70.5
24/10/2024 03:02,23.7,18.3,60.5,949.2,545,949.2,0,23.6,15.6,1051,0,0,0,97,97,23.6,5.4,71,70.5
24/10/2024 03:03,23.7,18.3,60.5,949.2,545,949.3,0,23.6,15.6,1050,0,0,0,96,97,23.6,5.4,71,70.5
24/10/2024 03:03,23.7,18.3,60.5,949.2,544,949.3,0,23.6,15.6,1050,0,0,0,96,96,23.6,5.4,71,70.5
24/10/2024 03:04,23.7,18.3,60.5,949.2,544,949.3,0,23.6,15.6,1050,0,0,0,96,97,23.6,5.4,71,70.5
24/10/2024 03:04,23.7,18.3,60.5,949.2,545,949.3,0,23.6,15.6,1049,0,0,0,97,97,23.6,5.4,71,70.5
24/10/2024 03:05,23.7,18.3,60.5,949.2,545,949.3,0,23.6,15.6,1049,0,0,0,97,98,23.6,5.4,71,70.5
24/10/2024 03:05,23.7,18.3,60.5,949.2,545,949.3,0,23.6,15.6,1049,0,0,0,97,97,23.6,5.4,71,70.5
24/10/2024 03:06,23.7,18.3,60.5,949.2,545,949.2,0,23.6,15.6,1050,0,0,0,97,97,23.6,5.4,71,70.5
24/10/2024 03:06,23.7,18.3,60.5,949.2,545,949.3,0,23.6,15.6,1049,0,0,0,96,96,23.6,5.4,71,70.5
24/10/2024 03:07,23.7,18.3,60.5,949.2,544,949.3,0,23.6,15.6,1049,0,0,0,97,97,23.6,5.4,71,70.5
24/10/2024 03:07,23.7,18.3,60.5,949.2,545,949.3,0,23.6,15.6,1049,0,0,0,96,97,23.6,5.4,71,70.5
24/10/2024 03:08,23.7,18.3,60.5,949.2,546,949.2,0,23.6,15.6,1050,0,0,0,96,97,23.6,5.4,71,70.5
24/10/2024 03:08,23.7,18.3,60.5,949.2,544,949.3,0,23.6,15.6,1049,0,0,0,96,97,23.6,5.4,71,70.5
24/10/2024 03:09,23.7,18.3,60.5,949.2,545,949.2,0,23.6,15.6,1050,0,0,0,96,97,23.6,5.4,71,70.5
24/10/2024 03:09,23.7,18.3,60.5,949.2,545,949.2,0,23.6,15.6,1050,0,0,0,96,97,23.6,5.4,71,70.5
24/10/2024 03:10,23.7,18.3,60.5,949.2,545,949.3,0,23.6,15.6,1049,0,0,0,97,97,23.6,5.4,71,70.5
24/10/2024 03:10,23.7,18.3,60.5,949.2,546,949.2,0,23.6,15.6,1050,0,0,0,97,97,23.6,5.4,71,70.5
24/10/2024 03:11,23.7,18.3,60.5,949.2,545,949.3,0,23.6,15.6,1049,0,0,0,97,97,23.6,5.4,71,70.5
24/10/2024 03:11,23.7,18.3,60.5,949.2,545,949.3,0,23.6,15.6,1049,0,0,0,96,97,23.6,5.4,71,70.5
24/10/2024 03:12,23.7,18.3,60.5,949.2,545,949.3,0,23.6,15.6,1049,0,0,0,97,97,23.6,5.4,71,70.5
24/10/2024 03:12,23.6,18.2,60.6,949.2,545,949.2,0,23.6,15.6,1050,0,0,0,96,97,23.6,5.4,71,70.5
24/10/2024 03:13,23.7,18.3,60.5,949.2,545,949.3,0,23.6,15.6,1049,0,0,0,96,96,23.6,5.4,71,70.5
24/10/2024 03:13,23.7,18.3,60.5,949.2,545,949.3,0,23.6,15.6,1049,0,0,0,96,97,23.6,5.4,71,70.5
24/10/2024 03:14,23.7,18.3,60.5,949.2,545,949.3,0,23.6,15.6,1049,0,0,0,97,97,23.6,5.4,71,70.5
24/10/2024 03:14,23.6,18.2,60.6,949.2,545,949.3,0,23.6,15.6,1049,0,0,0,97,97,23.6,5.4,71,70.5
24/10/2024 03:15,23.7,18.3,60.5,949.2,545,949.3,0,23.6,15.6,1049,0,0,0,96,97,23.6,5.4,71,70.5
24/10/2024 03:15,23.7,18.3,60.5,949.2,545,949.2,0,23.6,15.6,1050,0,0,0,96,96,23.6,5.4,71,70.5
24/10/2024 03:16,23.6,18.2,60.6,949.2,545,949.2,0,23.6,15.6,1050,0,0,0,97,97,23.6,5.4,71,70.5
24/10/2024 03:16,23.7,18.3,60.5,949.2,545,949.2,0,23.6,15.6,1050,0,0,0,96,97,23.6,5.4,71,70.5
24/10/2024 03:17,23.6,18.2,60.6,949.2,546,949.2,0,23.6,15.6,1050,0,0,0,96,97,23.6,5.4,71,70.5
24/10/2024 03:17,23.6,18.2,60.6,949.2,545,949.3,0,23.6,15.6,1049,0,0,0,97,97,23.6,5.4,71,70.5
24/10/2024 03:18,23.6,18.2,60.6,949.2,544,949.3,0,23.6,15.6,1049,0,0,0,97,97,23.6,5.4,71,70.5
24/10/2024 03:18,23.6,18.2,60.6,949.4,544,949.4,0,23.6,15.6,1047,0,0,0,97,97,23.6,5.4,71,70.5
24/10/2024 03:19,23.6,18.2,60.6,949.2,545,949.3,0,23.6,15.6,1049,0,0,0,97,97,23.6,5.4,71,70.5
24/10/2024 03:19,23.6,18.2,60.6,949.2,546,949.2,0,23.6,15.6,1050,0,0,0,97,97,23.6,5.4,71,70.5
24/10/2024 03:20,23.6,18.2,60.6,949.2,546,949.1,0,23.6,15.6,1051,0,0,0,96,97,23.6,5.4,71,70.5
24/10/2024 03:20,23.6,18.2,60.5,949.2,546,949.2,0,23.6,15.6,1050,0,0,0,96,97,23.6,5.4,71,70.4
24/10/2024 03:21,23.6,18.2,60.5,949.2,546,949.2,0,23.6,15.6,1050,0,0,0,96,97,23.6,5.4,71,70.4
24/10/2024 03:21,23.6,18.2,60.6,949.2,545,949.2,0,23.6,15.6,1050,0,0,0,96,96,23.6,5.4,71,70.5
24/10/2024 03:22,23.6,18.2,60.5,949.2,545,949.2,0,23.6,15.6,1050,0,0,0,96,97,23.6,5.4,71,70.4
24/10/2024 03:22,23.6,18.2,60.5,949.2,546,949.2,0,23.6,15.6,1050,0,0,0,97,98,23.6,5.4,71,70.4
24/10/2024 03:23,23.6,18.2,60.5,949.2,546,949.2,0,23.6,15.6,1050,0,0,0,96,97,23.6,5.4,71,70.4
24/10/2024 03:23,23.6,18.2,60.5,949.2,546,949.1,0,23.6,15.6,1051,0,0,0,97,97,23.6,5.4,71,70.4
24/10/2024 03:24,23.6,18.2,60.5,949,547,949.1,0,23.6,15.6,1051,0,0,0,96,96,23.6,5.4,71,70.4
24/10/2024 03:24,23.6,18.2,60.5,949.2,546,949.2,0,23.6,15.6,1050,0,0,0,97,97,23.6,5.4,71,70.4
24/10/2024 03:25,23.6,18.2,60.5,949,546,949.1,0,23.6,15.6,1051,0,0,0,96,96,23.6,5.4,71,70.4
24/10/2024 03:25,23.6,18.2,60.5,949,547,949.1,0,23.6,15.6,1051,0,0,0,96,97,23.6,5.4,71,70.4
24/10/2024 03:26,23.6,18.2,60.5,949,546,949.1,0,23.6,15.6,1051,0,0,0,97,98,23.6,5.4,71,70.4
24/10/2024 03:26,23.6,18.2,60.5,949,547,949.1,0,23.6,15.6,1051,0,0,0,97,97,23.6,5.4,71,70.4
24/10/2024 03:27,23.6,18.2,60.5,949,547,949.1,0,23.6,15.6,1051,0,0,0,96,97,23.6,5.4,71,70.4
24/10/2024 03:27,23.6,18.2,60.6,949,547,949.1,0,23.6,15.6,1050,0,0,0,96,97,23.6,5.4,70.9,70.4
24/10/2024 03:28,23.6,18.2,60.5,949,547,949.1,0,23.6,15.6,1051,0,0,0,96,97,23.6,5.4,71,70.4
24/10/2024 03:28,23.6,18.2,60.6,949,547,949.1,0,23.6,15.6,1050,0,0,0,96,97,23.6,5.4,70.9,70.4
24/10/2024 03:29,23.6,18.2,60.6,949,547,949,0,23.6,15.6,1051,0,0,0,96,96,23.6,5.4,70.9,70.4
24/10/2024 03:29,23.6,18.2,60.6,949,547,949,0,23.6,15.6,1051,0,0,0,96,96,23.6,5.4,70.9,70.4
24/10/2024 03:30,23.6,18.2,60.6,949,547,949.1,0,23.6,15.6,1050,0,0,0,96,97,23.6,5.4,70.9,70.4
24/10/2024 03:30,23.6,18.2,60.6,949,546,949.1,0,23.6,15.6,1050,0,0,0,96,97,23.6,5.4,70.9,70.4
24/10/2024 03:31,23.6,18.2,60.6,949,547,949,0,23.6,15.6,1051,0,0,0,97,98,23.6,5.4,70.9,70.4
24/10/2024 03:31,23.6,18.2,60.6,949,547,949.1,0,23.6,15.6,1050,0,0,0,96,97,23.6,5.4,70.9,70.4
24/10/2024 03:32,23.6,18.2,60.6,949,547,949,0,23.6,15.6,1051,0,0,0,97,97,23.6,5.4,70.9,70.4
24/10/2024 03:32,23.6,18.2,60.6,949,547,949,0,23.6,15.6,1051,0,0,0,96,97,23.6,5.4,70.9,70.4
24/10/2024 03:33,23.6,18.2,60.6,949,547,949.1,0,23.6,15.6,1050,0,0,0,97,97,23.6,5.4,70.9,70.4
24/10/2024 03:33,23.6,18.2,60.6,949,547,949,0,23.6,15.6,1051,0,0,0,97,98,23.6,5.4,70.9,70.4
24/10/2024 03:34,23.6,18.2,60.6,949,547,949.1,0,23.6,15.6,1050,0,0,0,96,97,23.6,5.4,70.9,70.4
24/10/2024 03:34,23.6,18.2,60.6,949,547,949.1,0,23.6,15.6,1050,0,0,0,96,97,23.6,5.4,70.9,70.4
24/10/2024 03:35,23.6,18.2,60.6,949,547,949.1,0,23.6,15.6,1050,0,0,0,96,96,23.6,5.4,70.9,70.4
24/10/2024 03:35,23.6,18.2,60.6,949,547,949.1,0,23.6,15.6,1050,0,0,0,96,97,23.6,5.4,70.9,70.4
24/10/2024 03:36,23.6,18.2,60.6,949,547,949,0,23.6,15.6,1051,0,0,0,96,97,23.6,5.4,70.9,70.4
24/10/2024 03:36,23.6,18.2,60.6,949,548,949,0,23.6,15.6,1051,0,0,0,96,97,23.6,5.4,70.9,70.4
24/10/2024 03:37,23.6,18.2,60.6,949,548,949,0,23.6,15.6,1051,0,0,0,97,97,23.6,5.4,70.9,70.4
24/10/2024 03:37,23.6,18.2,60.6,949,547,949,0,23.6,15.6,1051,0,0,0,96,96,23.6,5.4,70.9,70.4
24/10/2024 03:38,23.6,18.2,60.6,948.9,548,948.9,0,23.6,15.6,1052,0,0,0,97,97,23.6,5.4,70.9,70.4
24/10/2024 03:38,23.6,18.2,60.6,949,547,949,0,23.6,15.6,1051,0,0,0,96,97,23.6,5.4,70.9,70.4
24/10/2024 03:39,23.6,18.2,60.6,948.9,548,948.9,0,23.6,15.6,1052,0,0,0,97,97,23.6,5.4,70.9,70.4
24/10/2024 03:39,23.6,18.2,60.6,948.9,548,948.9,0,23.6,15.6,1052,0,0,0,96,97,23.6,5.4,70.9,70.4
24/10/2024 03:40,23.6,18.2,60.6,948.9,548,948.9,0,23.6,15.6,1052,0,0,0,97,97,23.6,5.4,70.9,70.4
24/10/2024 03:40,23.6,18.2,60.6,948.9,549,948.9,0,23.6,15.6,1052,0,0,0,97,97,23.6,5.4,70.9,70.4
24/10/2024 03:41,23.6,18.2,60.6,949,548,949,0,23.6,15.6,1051,0,0,0,96,97,23.6,5.4,70.9,70.4
24/10/2024 03:41,23.6,18.2,60.6,948.9,549,948.9,0,23.6,15.6,1051,0,0,0,96,97,23.6,5.4,70.9,70.4
24/10/2024 03:42,23.6,18.2,60.6,948.9,548,948.9,0,23.6,15.6,1052,0,0,0,96,97,23.6,5.4,70.9,70.4
24/10/2024 03:42,23.6,18.2,60.6,948.7,549,948.8,0,23.6,15.6,1053,0,0,0,97,97,23.6,5.4,70.9,70.4
24/10/2024 03:43,23.6,18.2,60.6,948.7,549,948.8,0,23.6,15.6,1053,0,0,0,96,96,23.6,5.4,70.9,70.4
24/10/2024 03:43,23.6,18.2,60.5,948.9,549,948.9,0,23.6,15.5,1052,0,0,0,96,97,23.6,5.4,70.9,70.4
24/10/2024 03:44,23.6,18.2,60.6,948.9,548,948.9,0,23.6,15.5,1051,0,0,0,96,97,23.6,5.4,70.9,70.4
24/10/2024 03:44,23.6,18.2,60.6,948.9,549,948.9,0,23.6,15.5,1051,0,0,0,97,97,23.6,5.4,70.9,70.4
24/10/2024 03:45,23.6,18.2,60.6,948.7,549,948.8,0,23.6,15.5,1053,0,0,0,97,97,23.6,5.4,70.9,70.4
24/10/2024 03:45,23.6,18.2,60.6,948.7,550,948.7,0,23.6,15.5,1054,0,0,0,97,98,23.6,5.4,70.9,70.4
24/10/2024 03:46,23.6,18.2,60.6,948.7,550,948.7,0,23.6,15.5,1053,0,0,0,97,97,23.6,5.4,70.9,70.4
24/10/2024 03:46,23.6,18.2,60.6,948.7,550,948.7,0,23.6,15.5,1054,0,0,0,96,97,23.6,5.4,70.9,70.4
24/10/2024 03:47,23.6,18.2,60.6,948.7,550,948.7,0,23.6,15.5,1054,0,0,0,96,97,23.6,5.4,70.9,70.4
24/10/2024 03:47,23.6,18.2,60.6,948.7,550,948.7,0,23.6,15.5,1054,0,0,0,97,97,23.6,5.4,70.9,70.4
24/10/2024 03:48,23.6,18.2,60.6,948.7,550,948.7,0,23.6,15.5,1054,0,0,0,96,97,23.6,5.4,70.9,70.4
24/10/2024 03:48,23.6,18.2,60.6,948.7,550,948.8,0,23.6,15.5,1053,0,0,0,97,97,23.6,5.4,70.9,70.4
24/10/2024 03:49,23.6,18.2,60.6,948.7,550,948.8,0,23.6,15.5,1053,0,0,0,96,97,23.6,5.4,70.9,70.4
24/10/2024 03:49,23.6,18.2,60.6,948.7,550,948.7,0,23.6,15.5,1054,0,0,0,97,97,23.6,5.4,70.9,70.4
24/10/2024 03:50,23.6,18.2,60.6,948.7,550,948.7,0,23.6,15.5,1054,0,0,0,96,97,23.6,5.4,70.9,70.4
24/10/2024 03:50,23.6,18.2,60.6,948.7,550,948.7,0,23.6,15.5,1054,0,0,0,96,97,23.6,5.4,70.9,70.4
24/10/2024 03:51,23.6,18.2,60.6,948.7,550,948.8,0,23.6,15.5,1053,0,0,0,97,97,23.6,5.4,70.9,70.4
24/10/2024 03:51,23.6,18.2,60.6,948.7,549,948.8,0,23.6,15.5,1053,0,0,0,97,97,23.6,5.4,70.9,70.4
24/10/2024 03:52,23.6,18.2,60.6,948.7,550,948.7,0,23.6,15.5,1054,0,0,0,97,97,23.6,5.4,70.9,70.4
24/10/2024 03:52,23.6,18.2,60.6,948.7,550,948.7,0,23.6,15.5,1054,0,0,0,97,98,23.6,5.4,70.9,70.4
24/10/2024 03:53,23.6,18.2,60.6,948.7,550,948.8,0,23.6,15.5,1053,0,0,0,96,97,23.6,5.4,70.9,70.4
24/10/2024 03:53,23.6,18.2,60.6,948.7,550,948.7,0,23.6,15.5,1054,0,0,0,97,97,23.6,5.4,70.9,70.4
24/10/2024 03:54,23.6,18.2,60.6,948.7,550,948.8,0,23.6,15.5,1053,0,0,0,96,97,23.6,5.4,70.9,70.4
24/10/2024 03:54,23.6,18.2,60.7,948.7,550,948.7,0,23.5,15.5,1053,0,0,0,96,97,23.5,5.4,70.9,70.4
24/10/2024 03:55,23.6,18.2,60.7,948.7,550,948.7,0,23.5,15.5,1053,0,0,0,97,97,23.5,5.4,70.9,70.4
24/10/2024 03:55,23.6,18.2,60.5,948.7,550,948.6,0,23.6,15.5,1055,0,0,0,97,97,23.6,5.4,70.9,70.4
24/10/2024 03:56,23.6,18.2,60.6,948.7,550,948.7,0,23.6,15.5,1054,0,0,0,97,98,23.6,5.4,70.9,70.4
24/10/2024 03:56,23.6,18.2,60.6,948.7,549,948.8,0,23.6,15.5,1053,0,0,0,97,97,23.6,5.4,70.9,70.4
24/10/2024 03:57,23.6,18.2,60.6,948.7,550,948.7,0,23.5,15.5,1053,0,0,0,97,97,23.5,5.4,70.9,70.4
24/10/2024 03:57,23.6,18.2,60.6,948.7,550,948.7,0,23.5,15.5,1053,0,0,0,97,97,23.5,5.4,70.9,70.4
24/10/2024 03:58,23.6,18.2,60.7,948.7,550,948.7,0,23.5,15.5,1053,0,0,0,97,97,23.5,5.4,70.9,70.4
24/10/2024 03:58,23.6,18.2,60.6,948.7,550,948.8,0,23.5,15.5,1051,0,0,0,97,97,23.5,5.4,70.9,70.4
24/10/2024 03:59,23.6,18.2,60.6,948.7,549,948.8,0,23.5,15.5,1051,0,0,0,96,96,23.5,5.4,70.9,70.4
24/10/2024 03:59,23.6,18.2,60.6,948.7,550,948.8,0,23.5,15.5,1051,0,0,0,96,97,23.5,5.4,70.9,70.3
24/10/2024 04:00,23.6,18.2,60.6,948.7,550,948.7,0,23.5,15.5,1053,0,0,0,97,98,23.5,5.4,70.9,70.3
24/10/2024 04:00,23.6,18.2,60.6,948.7,550,948.8,0,23.5,15.5,1051,0,0,0,96,97,23.5,5.4,70.9,70.3
24/10/2024 04:01,23.6,18.2,60.6,948.7,550,948.8,0,23.5,15.5,1051,0,0,0,96,97,23.5,5.4,70.9,70.3
24/10/2024 04:01,23.6,18.2,60.6,948.7,550,948.8,0,23.5,15.5,1051,0,0,0,97,97,23.5,5.4,70.9,70.3
24/10/2024 04:02,23.6,18.2,60.6,948.7,550,948.7,0,23.5,15.5,1053,0,0,0,97,97,23.5,5.4,70.9,70.3
24/10/2024 04:02,23.6,18.2,60.6,948.7,550,948.8,0,23.5,15.5,1051,0,0,0,96,97,23.5,5.4,70.9,70.3
24/10/2024 04:03,23.6,18.2,60.6,948.7,550,948.7,0,23.5,15.5,1053,0,0,0,97,97,23.5,5.4,70.9,70.3
24/10/2024 04:03,23.6,18.2,60.6,948.5,550,948.6,0,23.5,15.5,1054,0,0,0,96,96,23.5,5.4,70.9,70.3
24/10/2024 04:04,23.6,18.2,60.6,948.7,550,948.7,0,23.5,15.5,1053,0,0,0,96,97,23.5,5.4,70.9,70.3
24/10/2024 04:04,23.6,18.2,60.6,948.7,550,948.7,0,23.5,15.5,1053,0,0,0,96,97,23.5,5.4,70.9,70.3
24/10/2024 04:05,23.6,18.2,60.6,948.7,550,948.7,0,23.5,15.5,1053,0,0,0,97,97,23.5,5.4,70.9,70.3
24/10/2024 04:05,23.6,18.2,60.6,948.5,550,948.6,0,23.5,15.5,1054,0,0,0,96,97,23.5,5.4,70.9,70.3
24/10/2024 04:06,23.6,18.2,60.6,948.5,552,948.6,0,23.5,15.5,1054,0,0,0,97,97,23.5,5.4,70.9,70.3
24/10/2024 04:06,23.6,18.2,60.6,948.7,550,948.7,0,23.5,15.5,1053,0,0,0,97,98,23.5,5.4,70.9,70.3
24/10/2024 04:07,23.6,18.2,60.6,948.5,552,948.6,0,23.5,15.5,1054,0,0,0,97,97,23.5,5.4,70.9,70.3
24/10/2024 04:07,23.6,18.2,60.6,948.7,550,948.6,0,23.5,15.5,1054,0,0,0,96,97,23.5,5.4,70.9,70.3
24/10/2024 04:08,23.5,18.2,60.7,948.5,552,948.6,0,23.5,15.5,1053,0,0,0,96,97,23.5,5.3,70.8,70.3
24/10/2024 04:08,23.5,18.2,60.7,948.5,552,948.5,0,23.5,15.5,1054,0,0,0,96,97,23.5,5.3,70.8,70.3
24/10/2024 04:09,23.5,18.2,60.7,948.5,552,948.6,0,23.5,15.5,1053,0,0,0,97,97,23.5,5.3,70.8,70.3
24/10/2024 04:09,23.6,18.2,60.6,948.5,552,948.5,0,23.5,15.5,1055,0,0,0,97,97,23.5,5.4,70.9,70.4
24/10/2024 04:10,23.6,18.2,60.6,948.5,552,948.5,0,23.5,15.5,1055,0,0,0,97,97,23.5,5.4,70.9,70.4
24/10/2024 04:10,23.5,18.2,60.7,948.5,552,948.6,0,23.5,15.5,1053,0,0,0,97,97,23.5,5.3,70.8,70.3
24/10/2024 04:11,23.6,18.2,60.6,948.5,552,948.6,0,23.5,15.5,1054,0,0,0,96,96,23.5,5.4,70.9,70.4
24/10/2024 04:11,23.5,18.2,60.7,948.5,552,948.6,0,23.5,15.5,1053,0,0,0,97,97,23.5,5.3,70.8,70.3
24/10/2024 04:12,23.6,18.2,60.6,948.5,552,948.5,0,23.5,15.5,1055,0,0,0,97,98,23.5,5.4,70.9,70.3
24/10/2024 04:12,23.5,18.2,60.7,948.5,552,948.5,0,23.5,15.5,1054,0,0,0,97,98,23.5,5.3,70.8,70.3
24/10/2024 04:13,23.5,18.2,60.7,948.5,552,948.5,0,23.5,15.5,1054,0,0,0,96,97,23.5,5.3,70.8,70.3
24/10/2024 04:13,23.5,18.2,60.7,948.5,552,948.5,0,23.5,15.5,1054,0,0,0,96,97,23.5,5.3,70.8,70.3
24/10/2024 04:14,23.5,18.2,60.7,948.5,552,948.5,0,23.5,15.5,1054,0,0,0,96,97,23.5,5.3,70.8,70.3
24/10/2024 04:14,23.5,18.2,60.7,948.5,552,948.5,0,23.5,15.5,1054,0,0,0,96,97,23.5,5.3,70.8,70.3
24/10/2024 04:15,23.5,18.2,60.7,948.4,553,948.4,0,23.5,15.5,1055,0,0,0,97,97,23.5,5.3,70.8,70.3
24/10/2024 04:15,23.5,18.2,60.7,948.5,552,948.5,0,23.5,15.5,1054,0,0,0,97,97,23.5,5.3,70.8,70.3
24/10/2024 04:16,23.5,18.2,60.7,948.5,552,948.5,0,23.5,15.5,1054,0,0,0,97,97,23.5,5.3,70.8,70.3
24/10/2024 04:16,23.5,18.2,60.7,948.5,552,948.5,0,23.5,15.5,1054,0,0,0,96,97,23.5,5.3,70.8,70.3
24/10/2024 04:17,23.5,18.2,60.7,948.5,552,948.5,0,23.5,15.5,1054,0,0,0,96,96,23.5,5.3,70.8,70.3
24/10/2024 04:17,23.5,18.2,60.7,948.5,552,948.5,0,23.5,15.5,1054,0,0,0,96,97,23.5,5.3,70.8,70.3
24/10/2024 04:18,23.5,18.2,60.7,948.5,552,948.5,0,23.5,15.5,1054,0,0,0,96,96,23.5,5.3,70.8,70.3
24/10/2024 04:18,23.5,18.2,60.7,948.5,552,948.6,0,23.5,15.5,1053,0,0,0,96,97,23.5,5.3,70.8,70.3
24/10/2024 04:19,23.5,18.2,60.7,948.5,552,948.5,0,23.5,15.5,1054,0,0,0,96,97,23.5,5.3,70.8,70.3
24/10/2024 04:19,23.5,18.2,60.7,948.5,552,948.5,0,23.5,15.5,1054,0,0,0,97,97,23.5,5.3,70.8,70.3
24/10/2024 04:20,23.5,18.2,60.7,948.5,552,948.5,0,23.5,15.5,1054,0,0,0,97,97,23.5,5.3,70.8,70.3
24/10/2024 04:20,23.5,18.2,60.7,948.5,552,948.5,0,23.5,15.5,1054,0,0,0,96,97,23.5,5.3,70.8,70.3
24/10/2024 04:21,23.5,18.2,60.6,948.5,552,948.5,0,23.5,15.5,1054,0,0,0,97,97,23.5,5.3,70.8,70.3
24/10/2024 04:21,23.5,18.2,60.7,948.5,552,948.5,0,23.5,15.5,1054,0,0,0,97,97,23.5,5.3,70.8,70.3
24/10/2024 04:22,23.5,18.2,60.7,948.5,552,948.5,0,23.5,15.5,1054,0,0,0,97,98,23.5,5.3,70.8,70.3
24/10/2024 04:22,23.5,18.1,60.7,948.5,552,948.6,0,23.5,15.5,1052,0,0,0,96,96,23.5,5.4,70.8,70.3
24/10/2024 04:23,23.5,18.2,60.6,948.5,552,948.5,0,23.5,15.5,1054,0,0,0,96,97,23.5,5.3,70.8,70.3
24/10/2024 04:23,23.5,18.2,60.6,948.5,552,948.5,0,23.5,15.5,1054,0,0,0,96,97,23.5,5.3,70.8,70.3
24/10/2024 04:24,23.5,18.2,60.6,948.5,552,948.6,0,23.5,15.5,1053,0,0,0,97,97,23.5,5.3,70.8,70.3
24/10/2024 04:24,23.5,18.1,60.7,948.5,552,948.6,0,23.5,15.5,1052,0,0,0,97,97,23.5,5.4,70.8,70.3
24/10/2024 04:25,23.5,18.1,60.7,948.5,552,948.5,0,23.5,15.5,1053,0,0,0,97,97,23.5,5.4,70.8,70.3
24/10/2024 04:25,23.5,18.2,60.6,948.5,552,948.5,0,23.5,15.5,1054,0,0,0,97,97,23.5,5.3,70.8,70.3
24/10/2024 04:26,23.5,18.1,60.7,948.5,552,948.5,0,23.5,15.5,1053,0,0,0,96,97,23.5,5.4,70.8,70.3
24/10/2024 04:26,23.5,18.1,60.7,948.5,550,948.6,0,23.5,15.5,1052,0,0,0,97,97,23.5,5.4,70.8,70.3
24/10/2024 04:27,23.5,18.2,60.6,948.5,552,948.6,0,23.5,15.5,1053,0,0,0,97,97,23.5,5.3,70.8,70.3
24/10/2024 04:27,23.5,18.1,60.7,948.5,552,948.5,0,23.5,15.5,1053,0,0,0,96,97,23.5,5.4,70.8,70.3
24/10/2024 04:28,23.5,18.1,60.7,948.5,552,948.6,0,23.5,15.5,1052,0,0,0,97,97,23.5,5.4,70.8,70.3
24/10/2024 04:28,23.5,18.1,60.7,948.5,552,948.5,0,23.5,15.5,1053,0,0,0,96,97,23.5,5.4,70.8,70.3
24/10/2024 04:29,23.5,18.1,60.7,948.5,552,948.5,0,23.5,15.5,1053,0,0,0,97,97,23.5,5.4,70.8,70.3
24/10/2024 04:29,23.5,18.1,60.7,948.5,552,948.5,0,23.5,15.5,1053,0,0,0,97,97,23.5,5.4,70.8,70.3
24/10/2024 04:30,23.5,18.1,60.7,948.5,552,948.6,0,23.5,15.5,1052,0,0,0,97,97,23.5,5.4,70.8,70.3
24/10/2024 04:30,23.5,18.1,60.7,948.5,552,948.5,0,23.5,15.5,1053,0,0,0,96,97,23.5,5.4,70.8,70.3
24/10/2024 04:31,23.5,18.1,60.7,948.5,552,948.5,0,23.5,15.5,1053,0,0,0,96,97,23.5,5.4,70.8,70.3
24/10/2024 04:31,23.5,18.1,60.7,948.5,552,948.5,0,23.5,15.5,1053,0,0,0,96,97,23.5,5.4,70.8,70.3
24/10/2024 04:32,23.5,18.1,60.7,948.5,552,948.5,0,23.5,15.5,1053,0,0,0,96,97,23.5,5.4,70.8,70.3
24/10/2024 04:32,23.5,18.1,60.7,948.5,552,948.5,0,23.5,15.5,1053,0,0,0,97,98,23.5,5.4,70.8,70.3
24/10/2024 04:33,23.5,18.1,60.7,948.5,552,948.5,0,23.5,15.5,1053,0,0,0,96,96,23.5,5.4,70.8,70.3
24/10/2024 04:33,23.5,18.1,60.7,948.5,552,948.6,0,23.5,15.5,1052,0,0,0,97,97,23.5,5.4,70.8,70.3
24/10/2024 04:34,23.5,18.1,60.7,948.4,552,948.4,0,23.5,15.5,1055,0,0,0,97,97,23.5,5.4,70.8,70.3
24/10/2024 04:34,23.5,18.1,60.7,948.5,552,948.5,0,23.5,15.5,1053,0,0,0,97,97,23.5,5.4,70.8,70.3
24/10/2024 04:35,23.5,18.1,60.6,948.2,553,948.3,0,23.5,15.5,1055,0,0,0,96,97,23.5,5.4,70.8,70.3
24/10/2024 04:35,23.5,18.1,60.6,948.5,552,948.5,0,23.5,15.5,1053,0,0,0,96,96,23.5,5.4,70.8,70.3
24/10/2024 04:36,23.5,18.1,60.6,948.2,554,948.3,0,23.5,15.5,1055,0,0,0,96,97,23.5,5.4,70.8,70.3
24/10/2024 04:36,23.5,18.1,60.6,948.2,553,948.3,0,23.5,15.5,1055,0,0,0,96,96,23.5,5.4,70.8,70.3
24/10/2024 04:37,23.5,18.1,60.6,948.2,553,948.3,0,23.5,15.5,1055,0,0,0,96,97,23.5,5.4,70.8,70.3
24/10/2024 04:37,23.5,18.1,60.7,948.4,552,948.4,0,23.5,15.5,1054,0,0,0,96,97,23.5,5.4,70.8,70.3
24/10/2024 04:38,23.5,18.1,60.7,948.2,554,948.3,0,23.5,15.5,1055,0,0,0,96,97,23.5,5.4,70.8,70.3
24/10/2024 04:38,23.5,18.1,60.6,948.2,554,948.3,0,23.5,15.5,1055,0,0,0,97,98,23.5,5.4,70.8,70.3
24/10/2024 04:39,23.5,18.1,60.6,948.2,553,948.3,0,23.5,15.5,1055,0,0,0,97,97,23.5,5.4,70.8,70.3
24/10/2024 04:39,23.5,18.1,60.7,948.4,553,948.4,0,23.5,15.5,1054,0,0,0,96,97,23.5,5.4,70.8,70.3
24/10/2024 04:40,23.5,18.1,60.6,948.2,553,948.3,0,23.5,15.5,1055,0,0,0,96,96,23.5,5.4,70.8,70.3
24/10/2024 04:40,23.5,18.1,60.7,948.2,554,948.3,0,23.5,15.5,1055,0,0,0,96,97,23.5,5.4,70.8,70.3
24/10/2024 04:41,23.5,18.1,60.6,948.2,554,948.2,0,23.5,15.5,1057,0,0,0,97,97,23.5,5.4,70.8,70.3
24/10/2024 04:41,23.5,18.1,60.7,948.2,554,948.2,0,23.5,15.5,1055,0,0,0,97,97,23.5,5.4,70.8,70.3
24/10/2024 04:42,23.5,18.1,60.7,948.2,554,948.2,0,23.5,15.5,1055,0,0,0,96,97,23.5,5.4,70.8,70.3
24/10/2024 04:42,23.5,18.1,60.6,948.2,553,948.3,0,23.5,15.5,1055,0,0,0,96,96,23.5,5.4,70.8,70.3
24/10/2024 04:43,23.5,18.1,60.7,948.2,553,948.3,0,23.5,15.5,1055,0,0,0,96,97,23.5,5.4,70.8,70.3
24/10/2024 04:43,23.5,18.1,60.7,948.2,553,948.3,0,23.5,15.5,1055,0,0,0,96,97,23.5,5.4,70.8,70.3
24/10/2024 04:44,23.5,18.1,60.7,948.2,553,948.3,0,23.5,15.5,1055,0,0,0,97,97,23.5,5.4,70.8,70.3
24/10/2024 04:44,23.5,18.1,60.7,948.2,554,948.2,0,23.5,15.5,1055,0,0,0,96,97,23.5,5.4,70.8,70.3
24/10/2024 04:45,23.5,18.1,60.7,948.2,554,948.2,0,23.5,15.5,1055,0,0,0,96,97,23.5,5.4,70.8,70.3
24/10/2024 04:45,23.5,18.1,60.7,948.2,555,948.2,0,23.5,15.5,1055,0,0,0,97,97,23.5,5.4,70.8,70.3
24/10/2024 04:46,23.5,18.1,60.6,948.2,554,948.2,0,23.5,15.4,1055,0,0,0,96,97,23.5,5.4,70.8,70.3
24/10/2024 04:46,23.5,18.1,60.7,948.2,554,948.2,0,23.5,15.5,1055,0,0,0,96,97,23.5,5.4,70.8,70.3
24/10/2024 04:47,23.5,18.1,60.6,948.2,553,948.3,0,23.5,15.4,1055,0,0,0,96,97,23.5,5.4,70.8,70.3
24/10/2024 04:47,23.5,18.1,60.6,948.2,554,948.2,0,23.5,15.4,1055,0,0,0,97,98,23.5,5.4,70.8,70.3
24/10/2024 04:48,23.5,18.1,60.6,948.2,554,948.3,0,23.5,15.4,1055,0,0,0,96,97,23.5,5.4,70.8,70.3
24/10/2024 04:48,23.5,18.1,60.6,948.2,554,948.3,0,23.5,15.4,1055,0,0,0,96,96,23.5,5.4,70.8,70.3
24/10/2024 04:49,23.5,18.1,60.6,948.2,554,948.3,0,23.5,15.4,1055,0,0,0,96,97,23.5,5.4,70.8,70.3
24/10/2024 04:49,23.5,18.1,60.6,948.2,554,948.3,0,23.5,15.4,1055,0,0,0,96,97,23.5,5.4,70.8,70.3
24/10/2024 04:50,23.5,18.1,60.6,948.2,554,948.2,0,23.5,15.4,1055,0,0,0,96,97,23.5,5.4,70.8,70.3
24/10/2024 04:50,23.5,18.1,60.6,948.2,553,948.3,0,23.5,15.4,1055,0,0,0,96,97,23.5,5.4,70.8,70.3
24/10/2024 04:51,23.5,18.1,60.6,948.2,553,948.3,0,23.5,15.4,1055,0,0,0,97,97,23.5,5.4,70.8,70.3
24/10/2024 04:51,23.5,18.1,60.7,948.2,554,948.2,0,23.4,15.4,1055,0,0,0,97,97,23.4,5.4,70.7,70.2
24/10/2024 04:52,23.5,18.1,60.6,948.2,554,948.2,0,23.5,15.4,1055,0,0,0,96,96,23.5,5.4,70.8,70.3
24/10/2024 04:52,23.5,18.1,60.6,948.2,554,948.3,0,23.5,15.4,1055,0,0,0,96,97,23.5,5.4,70.8,70.3
24/10/2024 04:53,23.5,18.1,60.6,948.2,554,948.3,0,23.5,15.4,1055,0,0,0,97,97,23.5,5.4,70.8,70.3
24/10/2024 04:53,23.5,18.1,60.7,948.2,553,948.3,0,23.4,15.4,1054,0,0,0,96,97,23.4,5.4,70.7,70.2
24/10/2024 04:54,23.5,18.1,60.6,948.2,555,948.1,0,23.5,15.4,1057,0,0,0,96,97,23.5,5.4,70.8,70.3
24/10/2024 04:54,23.5,18.1,60.7,948.2,554,948.2,0,23.4,15.5,1055,0,0,0,96,97,23.4,5.4,70.8,70.2
24/10/2024 04:55,23.5,18.1,60.5,948,556,948.1,0,23.5,15.4,1057,0,0,0,97,97,23.5,5.4,70.8,70.3
24/10/2024 04:55,23.5,18.1,60.6,948,555,948.1,0,23.5,15.4,1057,0,0,0,96,96,23.5,5.4,70.8,70.3
24/10/2024 04:56,23.5,18.1,60.7,948,556,948.1,0,23.4,15.4,1055,0,0,0,96,96,23.4,5.4,70.7,70.2
24/10/2024 04:56,23.5,18.1,60.7,948,556,948.1,0,23.4,15.5,1055,0,0,0,96,97,23.4,5.4,70.8,70.2
24/10/2024 04:57,23.5,18.1,60.7,948,556,948.1,0,23.4,15.4,1055,0,0,0,96,97,23.4,5.4,70.7,70.2
24/10/2024 04:57,23.5,18.1,60.7,948,556,948,0,23.4,15.5,1057,0,0,0,97,97,23.4,5.4,70.8,70.2
24/10/2024 04:58,23.5,18.1,60.7,948.2,555,948.2,0,23.4,15.5,1055,0,0,0,97,97,23.4,5.4,70.8,70.2
24/10/2024 04:58,23.5,18.1,60.7,948,555,948.1,0,23.4,15.4,1055,0,0,0,97,97,23.4,5.4,70.7,70.2
24/10/2024 04:59,23.5,18.1,60.7,948,557,948,0,23.4,15.4,1057,0,0,0,96,96,23.4,5.4,70.7,70.2
24/10/2024 04:59,23.5,18.1,60.7,948,556,948.1,0,23.4,15.4,1055,0,0,0,96,97,23.4,5.4,70.7,70.2
24/10/2024 05:00,23.5,18.1,60.6,948,556,948.1,0,23.4,15.4,1055,0,0,0,97,97,23.4,5.4,70.7,70.2
24/10/2024 05:00,23.5,18.1,60.6,948,556,948,0,23.4,15.4,1057,0,0,0,97,98,23.4,5.4,70.7,70.2
24/10/2024 05:01,23.5,18.1,60.6,948,556,948,0,23.4,15.4,1057,0,0,0,96,97,23.4,5.4,70.7,70.2
24/10/2024 05:01,23.5,18.1,60.6,948,556,948.1,0,23.4,15.4,1055,0,0,0,97,97,23.4,5.4,70.7,70.2
24/10/2024 05:02,23.5,18.1,60.6,948,557,948,0,23.4,15.4,1057,0,0,0,96,97,23.4,5.4,70.7,70.2
24/10/2024 05:02,23.5,18.1,60.6,948,556,948,0,23.4,15.4,1057,0,0,0,96,97,23.4,5.4,70.7,70.2
24/10/2024 05:03,23.5,18.1,60.6,948,556,948,0,23.4,15.4,1057,0,0,0,96,96,23.4,5.4,70.7,70.2
24/10/2024 05:03,23.5,18.1,60.6,948,556,948,0,23.4,15.4,1057,0,0,0,97,97,23.4,5.4,70.7,70.2
24/10/2024 05:04,23.5,18.1,60.6,948,557,948,0,23.4,15.4,1057,0,0,0,96,97,23.4,5.4,70.7,70.2
24/10/2024 05:04,23.5,18.1,60.6,948,556,948.1,0,23.4,15.4,1055,0,0,0,97,97,23.4,5.4,70.7,70.2
24/10/2024 05:05,23.5,18.1,60.7,948,556,948,0,23.4,15.4,1056,0,0,0,97,97,23.4,5.4,70.7,70.2
24/10/2024 05:05,23.5,18.1,60.6,948,557,948,0,23.4,15.4,1057,0,0,0,96,97,23.4,5.4,70.7,70.2
24/10/2024 05:06,23.5,18.1,60.6,948,556,948,0,23.4,15.4,1057,0,0,0,96,97,23.4,5.4,70.7,70.2
24/10/2024 05:06,23.5,18.1,60.6,948,556,948,0,23.4,15.4,1057,0,0,0,97,97,23.4,5.4,70.7,70.2
24/10/2024 05:07,23.5,18.1,60.6,948,556,948.1,0,23.4,15.4,1055,0,0,0,96,97,23.4,5.4,70.7,70.2
24/10/2024 05:07,23.5,18.1,60.7,948,556,948,0,23.4,15.4,1056,0,0,0,96,96,23.4,5.4,70.7,70.2
24/10/2024 05:08,23.5,18.1,60.6,948,555,948.1,0,23.4,15.4,1055,0,0,0,96,97,23.4,5.4,70.7,70.2
24/10/2024 05:08,23.5,18.1,60.7,948,556,948,0,23.4,15.4,1056,0,0,0,97,97,23.4,5.4,70.7,70.2
24/10/2024 05:09,23.5,18.1,60.6,948,556,948.1,0,23.4,15.4,1055,0,0,0,97,98,23.4,5.4,70.7,70.2
24/10/2024 05:09,23.5,18.1,60.7,948,556,948,0,23.4,15.4,1056,0,0,0,96,96,23.4,5.4,70.7,70.2
24/10/2024 05:10,23.5,18.1,60.7,948,556,948,0,23.4,15.4,1056,0,0,0,96,97,23.4,5.4,70.7,70.2
24/10/2024 05:10,23.5,18.1,60.6,947.9,557,947.9,0,23.4,15.4,1058,0,0,0,97,97,23.4,5.4,70.7,70.2
24/10/2024 05:11,23.5,18.1,60.7,948,557,948,0,23.4,15.4,1056,0,0,0,96,97,23.4,5.4,70.7,70.2
24/10/2024 05:11,23.5,18.1,60.7,948,556,948,0,23.4,15.4,1056,0,0,0,96,96,23.4,5.4,70.7,70.2
24/10/2024 05:12,23.5,18.1,60.7,948,557,948,0,23.4,15.4,1056,0,0,0,97,97,23.4,5.4,70.7,70.2
24/10/2024 05:12,23.5,18.1,60.7,948,557,948,0,23.4,15.4,1056,0,0,0,96,97,23.4,5.4,70.7,70.2
24/10/2024 05:13,23.5,18.1,60.7,947.9,557,947.9,0,23.4,15.4,1057,0,0,0,96,97,23.4,5.4,70.7,70.2
24/10/2024 05:13,23.5,18.1,60.7,947.9,557,947.9,0,23.4,15.4,1057,0,0,0,97,97,23.4,5.4,70.7,70.2
24/10/2024 05:14,23.5,18.1,60.7,947.9,557,947.9,0,23.4,15.4,1057,0,0,0,97,97,23.4,5.4,70.7,70.2
24/10/2024 05:14,23.5,18.1,60.7,948,557,948,0,23.4,15.4,1056,0,0,0,96,96,23.4,5.4,70.7,70.2
24/10/2024 05:15,23.5,18.1,60.7,947.9,557,947.9,0,23.4,15.4,1057,0,0,0,97,97,23.4,5.4,70.7,70.2
24/10/2024 05:15,23.5,18.1,60.7,947.9,557,947.9,0,23.4,15.4,1057,0,0,0,96,97,23.4,5.4,70.7,70.2
24/10/2024 05:16,23.5,18.1,60.7,947.9,557,947.9,0,23.4,15.4,1057,0,0,0,97,97,23.4,5.4,70.7,70.2
24/10/2024 05:16,23.5,18.1,60.7,947.9,557,947.9,0,23.4,15.4,1057,0,0,0,96,97,23.4,5.4,70.7,70.2
24/10/2024 05:17,23.5,18.1,60.7,947.9,557,947.9,0,23.4,15.4,1057,0,0,0,96,97,23.4,5.4,70.7,70.2
24/10/2024 05:17,23.5,18.1,60.7,947.9,557,947.9,0,23.4,15.4,1057,0,0,0,97,97,23.4,5.4,70.7,70.2
24/10/2024 05:18,23.5,18.1,60.7,947.9,557,947.9,0,23.4,15.4,1057,0,0,0,96,97,23.4,5.4,70.7,70.2
24/10/2024 05:18,23.5,18.1,60.7,947.9,557,947.9,0,23.4,15.4,1057,0,0,0,97,97,23.4,5.4,70.7,70.2
24/10/2024 05:19,23.5,18.1,60.7,947.9,557,947.9,0,23.4,15.4,1057,0,0,0,96,97,23.4,5.4,70.7,70.2
24/10/2024 05:19,23.5,18.1,60.7,947.9,557,947.9,0,23.4,15.4,1057,0,0,0,96,97,23.4,5.4,70.7,70.2
24/10/2024 05:20,23.5,18.1,60.7,947.7,557,947.8,0,23.4,15.4,1058,0,0,0,96,97,23.4,5.4,70.7,70.2
24/10/2024 05:20,23.5,18.1,60.7,947.7,557,947.8,0,23.4,15.4,1058,0,0,0,96,96,23.4,5.4,70.7,70.2
24/10/2024 05:21,23.5,18.1,60.7,947.9,557,947.9,0,23.4,15.4,1057,0,0,0,97,97,23.4,5.4,70.7,70.2
24/10/2024 05:21,23.5,18.1,60.7,947.9,557,947.9,0,23.4,15.4,1057,0,0,0,96,97,23.4,5.4,70.7,70.2
24/10/2024 05:22,23.5,18.1,60.7,947.7,557,947.8,0,23.4,15.4,1058,0,0,0,96,97,23.4,5.4,70.7,70.2
24/10/2024 05:22,23.5,18.1,60.7,947.9,557,947.9,0,23.4,15.4,1057,0,0,0,96,97,23.4,5.4,70.7,70.2
24/10/2024 05:23,23.5,18.1,60.7,947.9,557,947.9,0,23.4,15.4,1057,0,0,0,96,97,23.4,5.4,70.7,70.2
24/10/2024 05:23,23.5,18.1,60.7,947.9,557,947.9,0,23.4,15.4,1057,0,0,0,96,96,23.4,5.4,70.7,70.2
24/10/2024 05:24,23.5,18.1,60.7,948,557,948,0,23.4,15.4,1056,0,0,0,98,98,23.4,5.4,70.7,70.2
24/10/2024 05:24,23.5,18.1,60.7,948,557,948,0,23.4,15.4,1056,0,0,0,96,96,23.4,5.4,70.7,70.2
24/10/2024 05:25,23.4,18.1,60.8,948,556,948,0,23.4,15.4,1055,0,0,0,96,97,23.4,5.3,70.7,70.2
24/10/2024 05:25,23.5,18.1,60.8,948,557,948,0,23.4,15.4,1056,0,0,0,96,97,23.4,5.4,70.7,70.2
24/10/2024 05:26,23.4,18.1,60.8,948,556,948,0,23.4,15.4,1055,0,0,0,97,97,23.4,5.3,70.7,70.2
24/10/2024 05:26,23.4,18.1,60.8,947.9,557,947.9,0,23.4,15.4,1056,0,0,0,96,97,23.4,5.3,70.7,70.2
24/10/2024 05:27,23.5,18.1,60.8,948,556,948,0,23.4,15.4,1056,0,0,0,97,97,23.4,5.4,70.7,70.2
24/10/2024 05:27,23.4,18.1,60.8,948,557,948,0,23.4,15.4,1055,0,0,0,96,96,23.4,5.3,70.7,70.2
24/10/2024 05:28,23.4,18.1,60.8,948,556,948,0,23.4,15.4,1055,0,0,0,96,97,23.4,5.3,70.7,70.2
24/10/2024 05:28,23.4,18.1,60.8,948,556,948,0,23.4,15.4,1055,0,0,0,97,98,23.4,5.3,70.7,70.2
24/10/2024 05:29,23.4,18.1,60.8,948,556,948,0,23.4,15.4,1055,0,0,0,97,97,23.4,5.3,70.7,70.2
24/10/2024 05:29,23.4,18.1,60.8,948,556,948.1,0,23.4,15.4,1054,0,0,0,97,97,23.4,5.3,70.7,70.2
24/10/2024 05:30,23.4,18.1,60.8,948,556,948,0,23.4,15.4,1055,0,0,0,97,97,23.4,5.3,70.7,70.2
24/10/2024 05:30,23.4,18.1,60.8,948,556,948.1,0,23.4,15.4,1054,0,0,0,96,96,23.4,5.3,70.7,70.2
24/10/2024 05:31,23.4,18.1,60.8,948,555,948.1,0,23.4,15.4,1054,0,0,0,97,97,23.4,5.3,70.7,70.2
24/10/2024 05:31,23.4,18.1,60.8,948,557,948,0,23.4,15.4,1055,0,0,0,96,96,23.4,5.3,70.7,70.2
24/10/2024 05:32,23.4,18.1,60.8,948,555,948.1,0,23.4,15.4,1054,0,0,0,96,97,23.4,5.3,70.7,70.2
24/10/2024 05:32,23.4,18.1,60.8,948,556,948,0,23.4,15.4,1055,0,0,0,96,97,23.4,5.3,70.7,70.2
24/10/2024 05:33,23.4,18.1,60.8,948,556,948.1,0,23.4,15.4,1054,0,0,0,96,97,23.4,5.3,70.7,70.2
24/10/2024 05:33,23.4,18.1,60.8,948,556,948.1,0,23.4,15.4,1054,0,0,0,97,97,23.4,5.3,70.7,70.2
24/10/2024 05:34,23.4,18.1,60.8,948,556,948.1,0,23.4,15.4,1054,0,0,0,97,98,23.4,5.3,70.7,70.2
24/10/2024 05:34,23.4,18.1,60.8,948,556,948,0,23.4,15.4,1055,0,0,0,96,97,23.4,5.3,70.7,70.2
24/10/2024 05:35,23.4,18.1,60.8,948,555,948.1,0,23.4,15.4,1054,0,0,0,96,97,23.4,5.3,70.7,70.2
24/10/2024 05:35,23.4,18.1,60.8,948,556,948.1,0,23.4,15.4,1054,0,0,0,96,96,23.4,5.3,70.7,70.2
24/10/2024 05:36,23.4,18.1,60.8,948,555,948.1,0,23.4,15.4,1054,0,0,0,97,98,23.4,5.3,70.7,70.2
24/10/2024 05:36,23.4,18.1,60.8,948.2,555,948.2,0,23.4,15.4,1053,0,0,0,96,97,23.4,5.3,70.7,70.2
24/10/2024 05:37,23.4,18.1,60.8,948.2,555,948.2,0,23.4,15.4,1053,0,0,0,96,97,23.4,5.3,70.7,70.2
24/10/2024 05:37,23.4,18.1,60.8,948.2,555,948.2,0,23.4,15.4,1053,0,0,0,97,97,23.4,5.3,70.7,70.2
24/10/2024 05:38,23.4,18.1,60.8,948,555,948.1,0,23.4,15.4,1054,0,0,0,96,97,23.4,5.3,70.7,70.2
24/10/2024 05:38,23.4,18.1,60.8,948.2,555,948.2,0,23.4,15.4,1053,0,0,0,96,97,23.4,5.3,70.7,70.2
24/10/2024 05:39,23.4,18.1,60.8,948.2,555,948.1,0,23.4,15.4,1054,0,0,0,96,96,23.4,5.3,70.7,70.2
24/10/2024 05:39,23.4,18.1,60.8,948,556,948.1,0,23.4,15.4,1054,0,0,0,96,97,23.4,5.3,70.7,70.2
24/10/2024 05:40,23.4,18.1,60.9,948.2,555,948.2,0,23.4,15.4,1053,0,0,0,96,97,23.4,5.3,70.7,70.2
24/10/2024 05:40,23.4,18.1,60.9,948.2,555,948.2,0,23.4,15.4,1053,0,0,0,97,97,23.4,5.3,70.7,70.2
24/10/2024 05:41,23.4,18.1,60.9,948,555,948.1,0,23.4,15.4,1053,0,0,0,96,97,23.4,5.3,70.7,70.2
24/10/2024 05:41,23.4,18.1,60.9,948.2,555,948.2,0,23.4,15.4,1053,0,0,0,97,97,23.4,5.3,70.7,70.2
24/10/2024 05:42,23.4,18.1,60.9,948,556,948.1,0,23.4,15.4,1054,0,0,0,96,97,23.4,5.3,70.7,70.2
24/10/2024 05:42,23.4,18.1,60.9,948,555,948.1,0,23.4,15.4,1053,0,0,0,96,97,23.4,5.3,70.7,70.2
24/10/2024 05:43,23.4,18.1,60.9,948.2,555,948.2,0,23.4,15.4,1052,0,0,0,96,97,23.4,5.3,70.7,70.2
24/10/2024 05:43,23.4,18.1,60.9,948,556,948,0,23.4,15.4,1054,0,0,0,97,97,23.4,5.3,70.7,70.2
24/10/2024 05:44,23.4,18.1,60.9,948.2,555,948.2,0,23.4,15.4,1052,0,0,0,97,97,23.4,5.3,70.7,70.2
24/10/2024 05:44,23.4,18.1,60.9,948.2,555,948.2,0,23.4,15.4,1052,0,0,0,97,97,23.4,5.3,70.7,70.2
24/10/2024 05:45,23.4,18.1,60.9,948,555,948.1,0,23.4,15.4,1053,0,0,0,96,97,23.4,5.3,70.7,70.2
24/10/2024 05:45,23.4,18.1,60.9,948.2,555,948.2,0,23.4,15.4,1052,0,0,0,96,97,23.4,5.3,70.7,70.2
24/10/2024 05:46,23.4,18.1,60.9,948.2,554,948.2,0,23.4,15.4,1052,0,0,0,96,97,23.4,5.3,70.7,70.2
24/10/2024 05:46,23.4,18.1,60.9,948,556,948.1,0,23.4,15.4,1053,0,0,0,97,97,23.4,5.3,70.7,70.2
24/10/2024 05:47,23.4,18.1,60.9,948,555,948.1,0,23.4,15.4,1053,0,0,0,95,96,23.4,5.3,70.7,70.2
24/10/2024 05:47,23.4,18.1,60.9,948.2,555,948.2,0,23.4,15.4,1052,0,0,0,96,97,23.4,5.3,70.7,70.2
24/10/2024 05:48,23.4,18.1,60.9,948.2,555,948.2,0,23.4,15.4,1052,0,0,0,97,98,23.4,5.3,70.7,70.2
24/10/2024 05:48,23.4,18.1,60.9,948.2,555,948.2,0,23.4,15.4,1052,0,0,0,97,97,23.4,5.3,70.7,70.2
24/10/2024 05:49,23.4,18.1,60.9,948,556,948.1,0,23.4,15.4,1053,0,0,0,96,96,23.4,5.3,70.7,70.2
24/10/2024 05:49,23.4,18.1,60.9,948,556,948,0,23.4,15.4,1054,0,0,0,96,97,23.4,5.3,70.7,70.2
24/10/2024 05:50,23.4,18.1,60.9,948.2,555,948.2,0,23.4,15.4,1052,0,0,0,97,97,23.4,5.3,70.7,70.2
24/10/2024 05:50,23.4,18.1,60.9,948.2,555,948.2,0,23.4,15.4,1052,0,0,0,97,97,23.4,5.3,70.7,70.2
24/10/2024 05:51,23.4,18.1,60.9,948,556,948.1,0,23.4,15.4,1053,0,0,0,97,97,23.4,5.3,70.7,70.2
24/10/2024 05:51,23.4,18.1,60.9,948,556,948,0,23.4,15.4,1054,0,0,0,97,97,23.4,5.3,70.7,70.2
24/10/2024 05:52,23.4,18.1,60.9,948,555,948.1,0,23.4,15.4,1053,0,0,0,96,97,23.4,5.3,70.7,70.2
24/10/2024 05:52,23.4,18.1,60.8,948.2,555,948.1,0,23.4,15.4,1053,0,0,0,96,97,23.4,5.3,70.7,70.2
24/10/2024 05:53,23.4,18.1,60.9,948,556,948,0,23.4,15.4,1054,0,0,0,97,97,23.4,5.3,70.7,70.2
24/10/2024 05:53,23.4,18.1,60.9,948,556,948,0,23.4,15.4,1054,0,0,0,96,97,23.4,5.3,70.7,70.2
24/10/2024 05:54,23.4,18.1,60.9,948,555,948.1,0,23.4,15.4,1053,0,0,0,97,98,23.4,5.3,70.7,70.2
24/10/2024 05:54,23.4,18.1,60.8,948,556,948.1,0,23.4,15.4,1053,0,0,0,96,97,23.4,5.3,70.7,70.2
24/10/2024 05:55,23.4,18.1,60.8,948,556,948.1,0,23.4,15.4,1053,0,0,0,96,97,23.4,5.3,70.7,70.2
24/10/2024 05:55,23.4,18.1,60.8,948,556,948.1,0,23.4,15.4,1053,0,0,0,96,96,23.4,5.3,70.7,70.2
24/10/2024 05:56,23.4,18.1,60.8,948,556,948,0,23.4,15.4,1054,0,0,0,97,97,23.4,5.3,70.7,70.2
24/10/2024 05:56,23.4,18.1,60.8,948,556,948.1,0,23.4,15.4,1053,0,0,0,97,97,23.4,5.3,70.7,70.2
24/10/2024 05:57,23.4,18.1,60.9,948,555,948.1,0,23.3,15.4,1052,0,0,0,97,97,23.3,5.3,70.6,70.1
24/10/2024 05:57,23.4,18.1,60.8,948,556,948,0,23.4,15.4,1054,0,0,0,97,97,23.4,5.3,70.7,70.2
24/10/2024 05:58,23.4,18.1,60.9,948,556,948,0,23.3,15.4,1053,0,0,0,96,96,23.3,5.3,70.6,70.1
24/10/2024 05:58,23.4,18.1,60.9,948,556,948,0,23.3,15.4,1053,0,0,0,96,97,23.3,5.3,70.6,70.1
24/10/2024 05:59,23.4,18.1,60.9,948,556,948,0,23.3,15.4,1053,0,0,0,96,97,23.3,5.3,70.6,70.1
24/10/2024 05:59,23.4,18.1,60.8,948,556,948.1,0,23.4,15.4,1053,0,0,0,97,97,23.4,5.3,70.7,70.2
24/10/2024 06:00,23.4,18.1,60.9,948,557,948,0,23.3,15.4,1053,0,0,0,96,97,23.3,5.3,70.6,70.1
24/10/2024 06:00,23.4,18.1,60.9,948,557,948,0,23.3,15.4,1053,0,0,0,97,97,23.3,5.3,70.6,70.1
24/10/2024 06:01,23.4,18.1,60.9,948,556,948,0,23.3,15.4,1053,0,0,0,97,98,23.3,5.3,70.6,70.1
24/10/2024 06:01,23.4,18.1,60.9,947.9,557,947.9,0,23.3,15.4,1055,0,0,0,96,97,23.3,5.3,70.6,70.1
24/10/2024 06:02,23.4,18.1,60.9,948,557,948,0,23.3,15.4,1053,0,0,0,97,97,23.3,5.3,70.6,70.1
24/10/2024 06:02,23.4,18.1,60.9,947.9,557,947.9,0,23.3,15.4,1055,0,0,0,97,97,23.3,5.3,70.6,70.1
24/10/2024 06:03,23.4,18.1,60.9,947.9,557,947.9,0,23.3,15.4,1055,0,0,0,96,97,23.3,5.3,70.6,70.1
24/10/2024 06:03,23.4,18.1,60.9,948,557,948,0,23.3,15.4,1053,0,0,0,97,97,23.3,5.3,70.6,70.1
24/10/2024 06:04,23.4,18.1,60.9,947.9,557,947.9,0,23.3,15.4,1055,0,0,0,97,97,23.3,5.3,70.6,70.1
24/10/2024 06:04,23.4,18.1,60.9,947.7,557,947.8,0,23.3,15.4,1055,0,0,0,96,97,23.3,5.3,70.6,70.1
24/10/2024 06:05,23.4,18.1,60.9,947.9,557,947.9,0,23.3,15.4,1055,0,0,0,96,97,23.3,5.3,70.6,70.1
24/10/2024 06:05,23.4,18.1,60.9,947.7,557,947.9,0,23.3,15.4,1055,0,0,0,96,97,23.3,5.3,70.6,70.1
24/10/2024 06:06,23.4,18.1,60.9,947.9,557,947.9,0,23.3,15.4,1055,0,0,0,97,97,23.3,5.3,70.6,70.1
24/10/2024 06:06,23.4,18.1,60.9,947.9,557,947.9,0,23.3,15.4,1055,0,0,0,97,97,23.3,5.3,70.6,70.1
24/10/2024 06:07,23.4,18.1,60.9,947.7,558,947.8,0,23.3,15.4,1055,0,0,0,96,97,23.3,5.3,70.6,70.1
24/10/2024 06:07,23.4,18.1,60.9,947.9,557,947.9,0,23.3,15.4,1055,0,0,0,96,97,23.3,5.3,70.6,70.1
24/10/2024 06:08,23.4,18.1,60.9,947.9,557,947.9,0,23.3,15.4,1055,0,0,0,96,97,23.3,5.3,70.6,70.1
24/10/2024 06:08,23.4,18.1,60.9,947.9,557,947.9,0,23.3,15.4,1055,0,0,0,97,97,23.3,5.3,70.6,70.1
24/10/2024 06:09,23.4,18.1,60.9,947.9,557,947.9,0,23.3,15.4,1055,0,0,0,96,97,23.3,5.3,70.6,70.1
24/10/2024 06:09,23.4,18.1,60.9,947.9,557,947.9,0,23.3,15.4,1055,0,0,0,97,97,23.3,5.3,70.6,70.1
24/10/2024 06:10,23.4,18.1,60.9,947.7,558,947.8,0,23.3,15.4,1055,0,0,0,97,97,23.3,5.3,70.6,70.1
24/10/2024 06:10,23.4,18.1,60.9,947.9,557,947.9,0,23.3,15.4,1055,0,0,0,96,97,23.3,5.3,70.6,70.1
24/10/2024 06:11,23.4,18.1,60.9,947.9,557,947.9,0,23.3,15.4,1055,0,0,0,97,97,23.3,5.3,70.6,70.1
24/10/2024 06:11,23.4,18.1,60.9,947.7,558,947.7,0,23.3,15.4,1056,0,0,0,96,97,23.3,5.3,70.6,70.1
24/10/2024 06:12,23.4,18.1,60.9,947.7,557,947.8,0,23.3,15.4,1055,0,0,0,96,97,23.3,5.3,70.6,70.1
24/10/2024 06:12,23.4,18.1,60.9,947.7,557,947.8,0,23.3,15.4,1055,0,0,0,96,96,23.3,5.3,70.6,70.1
24/10/2024 06:13,23.4,18.1,60.8,947.7,558,947.8,0,23.3,15.4,1055,0,0,0,97,97,23.3,5.3,70.6,70.1
24/10/2024 06:13,23.4,18.1,60.8,947.7,558,947.7,0,23.3,15.4,1056,0,0,0,96,96,23.3,5.3,70.6,70.1
24/10/2024 06:14,23.4,18.1,60.9,947.7,559,947.7,0,23.3,15.4,1055,0,0,0,97,97,23.3,5.3,70.6,70.1
24/10/2024 06:14,23.4,18.1,60.9,947.7,558,947.8,0,23.3,15.4,1055,0,0,0,97,97,23.3,5.3,70.6,70.1
24/10/2024 06:15,23.4,18.1,60.8,947.7,558,947.7,0,23.3,15.4,1056,0,0,0,97,97,23.3,5.3,70.6,70.1
24/10/2024 06:15,23.4,18.1,60.9,947.7,559,947.6,0,23.3,15.4,1056,0,0,0,97,97,23.3,5.3,70.6,70.1
24/10/2024 06:16,23.4,18.1,60.9,947.5,559,947.6,0,23.3,15.4,1056,0,0,0,96,97,23.3,5.3,70.6,70.1
24/10/2024 06:16,23.4,18.1,60.9,947.5,559,947.6,0,23.3,15.4,1056,0,0,0,97,97,23.3,5.3,70.6,70.1
24/10/2024 06:17,23.4,18.1,60.9,947.7,558,947.7,0,23.3,15.4,1055,0,0,0,97,97,23.3,5.3,70.6,70.1
24/10/2024 06:17,23.4,18.1,60.9,947.7,559,947.7,0,23.3,15.4,1055,0,0,0,97,97,23.3,5.3,70.6,70.1
24/10/2024 06:18,23.4,18.1,60.9,947.7,559,947.6,0,23.3,15.4,1056,0,0,0,97,97,23.3,5.3,70.6,70.1
24/10/2024 06:18,23.4,18.1,60.9,947.5,559,947.6,0,23.3,15.4,1056,0,0,0,97,97,23.3,5.3,70.6,70.1
24/10/2024 06:19,23.4,18.1,60.9,947.7,559,947.7,0,23.3,15.4,1055,0,0,0,97,97,23.3,5.3,70.6,70.1
24/10/2024 06:19,23.4,18.1,60.9,947.5,560,947.6,0,23.3,15.4,1056,0,0,0,97,97,23.3,5.3,70.6,70.1
24/10/2024 06:20,23.4,18.1,60.9,947.5,559,947.6,0,23.3,15.4,1056,0,0,0,96,97,23.3,5.3,70.6,70.1
24/10/2024 06:20,23.4,18.1,60.9,947.5,559,947.6,0,23.3,15.4,1056,0,0,0,96,97,23.3,5.3,70.6,70.1
24/10/2024 06:21,23.4,18.1,60.9,947.5,560,947.6,0,23.3,15.4,1056,0,0,0,96,97,23.3,5.3,70.6,70.1
24/10/2024 06:21,23.4,18.1,60.9,947.5,560,947.6,0,23.3,15.4,1056,0,0,0,96,96,23.3,5.3,70.6,70.1
24/10/2024 06:22,23.4,18.1,60.9,947.5,559,947.6,0,23.3,15.4,1056,0,0,0,97,98,23.3,5.3,70.6,70.1
24/10/2024 06:22,23.4,18.1,60.9,947.5,560,947.5,0,23.3,15.4,1058,0,0,0,97,98,23.3,5.3,70.6,70.1
24/10/2024 06:23,23.4,18.1,60.9,947.5,560,947.5,0,23.3,15.4,1058,0,0,0,96,96,23.3,5.3,70.6,70.1
24/10/2024 06:23,23.4,18.1,60.9,947.5,560,947.5,0,23.3,15.4,1058,0,0,0,96,96,23.3,5.3,70.6,70.1
24/10/2024 06:24,23.4,18.1,60.9,947.5,560,947.5,0,23.3,15.4,1058,0,0,0,97,97,23.3,5.3,70.6,70.1
24/10/2024 06:24,23.4,18.1,60.9,947.4,561,947.4,0,23.3,15.4,1058,0,0,0,97,97,23.3,5.3,70.6,70.1
24/10/2024 06:25,23.4,18.1,60.9,947.5,560,947.5,0,23.3,15.4,1058,0,0,0,97,97,23.3,5.3,70.6,70.1
24/10/2024 06:25,23.4,18.1,60.9,947.5,560,947.6,0,23.3,15.4,1056,0,0,0,96,97,23.3,5.3,70.6,70.1
24/10/2024 06:26,23.4,18.1,60.9,947.5,560,947.6,0,23.3,15.4,1056,0,0,0,96,97,23.3,5.3,70.6,70.1
24/10/2024 06:26,23.4,18.1,60.9,947.5,561,947.5,0,23.3,15.4,1058,0,0,0,96,97,23.3,5.3,70.6,70.1
24/10/2024 06:27,23.4,18.1,60.9,947.5,560,947.6,0,23.3,15.4,1056,0,0,0,97,97,23.3,5.3,70.6,70.1
24/10/2024 06:27,23.4,18.1,60.9,947.5,560,947.5,0,23.3,15.4,1058,0,0,0,96,97,23.3,5.3,70.6,70.1
24/10/2024 06:28,23.4,18.1,60.9,947.5,560,947.6,0,23.3,15.4,1056,0,0,0,96,97,23.3,5.3,70.6,70.1
24/10/2024 06:28,23.4,18.1,60.9,947.5,560,947.5,0,23.3,15.4,1058,0,0,0,96,97,23.3,5.3,70.6,70.1
24/10/2024 06:29,23.4,18.1,60.9,947.5,560,947.6,0,23.3,15.4,1056,0,0,0,96,97,23.3,5.3,70.6,70.1
24/10/2024 06:29,23.4,18.1,60.9,947.5,560,947.5,0,23.3,15.4,1058,0,0,0,97,97,23.3,5.3,70.6,70.1
24/10/2024 06:30,23.4,18.1,60.9,947.5,559,947.6,0,23.3,15.4,1056,0,0,0,96,97,23.3,5.2,70.6,70.1
24/10/2024 06:30,23.4,18.1,60.9,947.5,559,947.6,0,23.3,15.4,1056,0,0,0,97,97,23.3,5.3,70.6,70.1
24/10/2024 06:31,23.4,18.1,60.9,947.5,560,947.6,0,23.3,15.4,1056,0,0,0,97,97,23.3,5.2,70.6,70.1
24/10/2024 06:31,23.4,18.1,60.9,947.5,560,947.5,0,23.3,15.4,1058,0,0,0,96,96,23.3,5.3,70.6,70.1
24/10/2024 06:32,23.4,18.1,60.9,947.5,559,947.6,0,23.3,15.4,1056,0,0,0,97,97,23.3,5.2,70.6,70.1
24/10/2024 06:32,23.4,18.1,60.9,947.5,560,947.5,0,23.3,15.4,1057,0,0,0,96,97,23.3,5.2,70.6,70.1
24/10/2024 06:33,23.4,18.1,60.9,947.5,560,947.6,0,23.3,15.4,1056,0,0,0,97,97,23.3,5.3,70.6,70.1
24/10/2024 06:33,23.4,18.1,60.9,947.5,559,947.6,0,23.3,15.4,1056,0,0,0,97,97,23.3,5.2,70.6,70.1
24/10/2024 06:34,23.4,18.1,60.9,947.5,560,947.5,0,23.3,15.4,1057,0,0,0,96,97,23.3,5.2,70.6,70.1
24/10/2024 06:34,23.4,18.1,60.9,947.5,560,947.5,0,23.3,15.4,1057,0,0,0,97,97,23.3,5.2,70.6,70.1
24/10/2024 06:35,23.4,18.1,60.9,947.5,561,947.5,0,23.3,15.4,1057,0,0,0,97,98,23.3,5.2,70.6,70.1
24/10/2024 06:35,23.4,18.1,60.9,947.5,561,947.5,0,23.3,15.4,1057,0,0,0,96,96,23.3,5.2,70.6,70.1
24/10/2024 06:36,23.4,18.1,60.9,947.4,561,947.4,0,23.3,15.4,1058,0,0,0,97,97,23.3,5.2,70.6,70.1
24/10/2024 06:36,23.4,18.1,60.9,947.5,561,947.5,0,23.3,15.4,1057,0,0,0,97,97,23.3,5.2,70.6,70.1
24/10/2024 06:37,23.4,18.1,60.9,947.5,560,947.5,0,23.3,15.4,1057,0,0,0,97,97,23.3,5.2,70.6,70.1
24/10/2024 06:37,23.4,18.1,60.9,947.4,561,947.4,0,23.3,15.4,1058,0,0,0,97,98,23.3,5.2,70.6,70.1
24/10/2024 06:38,23.4,18.1,60.9,947.4,561,947.4,0,23.3,15.4,1058,0,0,0,97,97,23.3,5.2,70.6,70.1
24/10/2024 06:38,23.4,18.1,60.9,947.4,561,947.4,0,23.3,15.4,1058,0,0,0,96,96,23.3,5.2,70.6,70.1
24/10/2024 06:39,23.4,18.1,60.9,947.5,561,947.5,0,23.3,15.4,1057,0,0,0,96,97,23.3,5.2,70.6,70.1
24/10/2024 06:39,23.4,18.1,60.9,947.2,562,947.3,0,23.3,15.4,1059,0,0,0,97,97,23.3,5.2,70.6,70.1
24/10/2024 06:40,23.4,18.1,60.8,947.4,561,947.4,0,23.3,15.4,1058,0,0,0,97,97,23.3,5.2,70.6,70.1
24/10/2024 06:40,23.4,18.1,60.9,947.2,562,947.3,0,23.3,15.4,1059,0,0,0,97,97,23.3,5.2,70.6,70.1
24/10/2024 06:41,23.4,18.1,60.9,947.2,562,947.3,0,23.3,15.4,1059,0,0,0,96,97,23.3,5.2,70.6,70.1
24/10/2024 06:41,23.4,18.1,60.9,947.4,561,947.4,0,23.3,15.4,1058,0,0,0,97,97,23.3,5.2,70.6,70.1
24/10/2024 06:42,23.4,18.1,60.9,947.4,561,947.4,0,23.3,15.4,1058,0,0,0,96,97,23.3,5.2,70.6,70.1
24/10/2024 06:42,23.4,18.1,60.9,947.4,561,947.4,0,23.3,15.4,1058,0,0,0,96,97,23.3,5.2,70.6,70.1
24/10/2024 06:43,23.4,18.1,60.8,947.4,561,947.4,0,23.3,15.4,1058,0,0,0,96,97,23.3,5.2,70.6,70.1
24/10/2024 06:43,23.4,18.1,60.8,947.2,562,947.3,0,23.3,15.4,1059,0,0,0,97,97,23.3,5.2,70.6,70.1
24/10/2024 06:44,23.4,18.1,60.8,947.2,562,947.3,0,23.3,15.4,1059,0,0,0,97,97,23.3,5.2,70.6,70.1
24/10/2024 06:44,23.4,18.1,60.8,947.2,562,947.3,0,23.3,15.4,1059,0,0,0,97,98,23.3,5.2,70.6,70.1
24/10/2024 06:45,23.4,18.1,60.8,947.2,562,947.4,0,23.3,15.4,1058,0,0,0,97,97,23.3,5.2,70.6,70.1
24/10/2024 06:45,23.4,18.1,60.8,947.2,562,947.3,0,23.3,15.4,1059,0,0,0,96,97,23.3,5.2,70.6,70.1
24/10/2024 06:46,23.4,18.1,60.8,947.2,562,947.3,0,23.3,15.4,1059,0,0,0,96,97,23.3,5.2,70.6,70.1
24/10/2024 06:46,23.4,18.1,60.8,947.4,561,947.4,0,23.3,15.4,1058,0,0,0,96,97,23.3,5.2,70.6,70.1
24/10/2024 06:47,23.4,18.1,60.8,947.4,561,947.4,0,23.3,15.4,1058,0,0,0,97,97,23.3,5.2,70.6,70.1
24/10/2024 06:47,23.3,18,60.9,947.4,561,947.4,0,23.3,15.4,1058,0,0,0,96,96,23.3,5.3,70.5,70
24/10/2024 06:48,23.4,18.1,60.8,947.2,562,947.3,0,23.3,15.4,1059,0,0,0,96,97,23.3,5.2,70.6,70.1
24/10/2024 06:48,23.4,18.1,60.8,947.4,562,947.4,0,23.3,15.4,1058,0,0,0,97,97,23.3,5.2,70.6,70.1
24/10/2024 06:49,23.4,18.1,60.8,947.4,561,947.4,0,23.3,15.4,1058,0,0,0,96,97,23.3,5.2,70.6,70.1
24/10/2024 06:49,23.3,18,60.9,947.5,561,947.5,0,23.3,15.3,1056,0,0,0,96,97,23.3,5.3,70.5,70
24/10/2024 06:50,23.3,18,60.9,947.4,562,947.4,0,23.3,15.3,1058,0,0,0,97,97,23.3,5.3,70.5,70
24/10/2024 06:50,23.3,18,60.9,947.2,562,947.3,0,23.3,15.4,1058,0,0,0,96,97,23.3,5.3,70.5,70
24/10/2024 06:51,23.3,18,60.9,947.4,562,947.4,0,23.3,15.3,1058,0,0,0,97,97,23.3,5.3,70.5,70
24/10/2024 06:51,23.3,18,60.9,947.2,563,947.2,0,23.3,15.3,1059,0,0,0,96,96,23.3,5.3,70.5,70
24/10/2024 06:52,23.3,18,60.9,947.2,563,947.2,0,23.3,15.4,1059,0,0,0,97,98,23.3,5.3,70.5,70
24/10/2024 06:52,23.3,18,60.9,947.2,562,947.3,0,23.3,15.4,1058,0,0,0,96,97,23.3,5.3,70.5,70
24/10/2024 06:53,23.3,18,60.9,947.2,563,947.2,0,23.3,15.4,1058,0,0,0,97,97,23.3,5.3,70.5,70
24/10/2024 06:53,23.3,18,60.9,947.2,562,947.3,0,23.3,15.4,1058,0,0,0,97,97,23.3,5.3,70.5,70
24/10/2024 06:54,23.3,18,60.9,947.2,562,947.3,0,23.3,15.4,1058,0,0,0,96,97,23.3,5.3,70.5,70
24/10/2024 06:54,23.3,18,60.9,947.2,562,947.3,0,23.3,15.4,1058,0,0,0,97,97,23.3,5.3,70.5,70
24/10/2024 06:55,23.3,18,60.9,947.2,562,947.3,0,23.3,15.4,1058,0,0,0,96,97,23.3,5.3,70.5,70
24/10/2024 06:55,23.3,18,60.9,947.2,562,947.3,0,23.3,15.4,1058,0,0,0,97,97,23.3,5.3,70.5,70
24/10/2024 06:56,23.3,18,60.9,947.2,563,947.3,0,23.3,15.3,1058,0,0,0,96,97,23.3,5.3,70.5,70
24/10/2024 06:56,23.3,18,60.9,947.2,563,947.3,0,23.3,15.4,1058,0,0,0,96,97,23.3,5.3,70.5,70
24/10/2024 06:57,23.3,18,60.9,947.2,562,947.3,0,23.3,15.3,1058,0,0,0,97,97,23.3,5.3,70.5,70
24/10/2024 06:57,23.3,18,60.9,947.2,562,947.3,0,23.3,15.3,1058,0,0,0,96,97,23.3,5.3,70.5,70
24/10/2024 06:58,23.3,18,60.9,947.4,562,947.4,0,23.3,15.3,1058,0,0,0,97,97,23.3,5.3,70.5,70
24/10/2024 06:58,23.3,18,60.9,947.2,563,947.2,0,23.3,15.3,1059,0,0,0,97,97,23.3,5.3,70.5,70
24/10/2024 06:59,23.3,18,60.9,947.2,562,947.4,0,23.3,15.3,1058,0,0,0,96,97,23.3,5.3,70.5,70
24/10/2024 06:59,23.3,18,60.9,947.2,562,947.3,0,23.3,15.3,1058,0,0,0,96,96,23.3,5.3,70.5,70
24/10/2024 07:00,23.3,18,60.9,947.2,562,947.4,0,23.3,15.3,1058,0,0,0,96,97,23.3,5.3,70.5,70
24/10/2024 07:00,23.3,18,60.9,947.2,564,947.2,0,23.3,15.3,1059,0,0,0,96,96,23.3,5.3,70.5,70
24/10/2024 07:01,23.3,18,60.9,947.2,563,947.2,0,23.3,15.3,1059,0,0,0,96,96,23.3,5.3,70.5,70
24/10/2024 07:01,23.3,18,61,947.2,563,947.2,0,23.3,15.3,1058,0,0,0,97,97,23.3,5.3,70.5,70
24/10/2024 07:02,23.3,18,61,947.2,563,947.3,0,23.3,15.3,1058,0,0,0,96,97,23.3,5.3,70.5,70
24/10/2024 07:02,23.3,18,60.9,947.2,562,947.3,0,23.3,15.3,1058,0,0,0,96,97,23.3,5.3,70.5,70
24/10/2024 07:03,23.3,18,60.9,947.2,564,947.2,0,23.3,15.3,1058,0,0,0,96,97,23.3,5.3,70.5,70
24/10/2024 07:03,23.3,18,60.9,947.2,563,947.2,0,23.3,15.3,1059,0,0,0,97,98,23.3,5.3,70.5,70
24/10/2024 07:04,23.3,18,61,947.2,564,947.2,0,23.3,15.3,1058,0,0,0,97,97,23.3,5.3,70.5,70
24/10/2024 07:04,23.3,18,61,947.2,563,947.2,0,23.3,15.3,1058,0,0,0,97,97,23.3,5.3,70.5,70
24/10/2024 07:05,23.3,18,61,947.2,563,947.3,0,23.3,15.3,1058,0,0,0,97,97,23.3,5.3,70.5,70
24/10/2024 07:05,23.3,18,60.9,947.2,563,947.2,0,23.3,15.3,1058,0,0,0,96,97,23.3,5.3,70.5,70
24/10/2024 07:06,23.3,18,61,947.2,564,947.2,0,23.3,15.3,1058,0,0,0,97,97,23.3,5.3,70.5,70
24/10/2024 07:06,23.3,18,60.9,947,564,947.1,0,23.3,15.3,1059,0,0,0,96,97,23.3,5.3,70.5,70
24/10/2024 07:07,23.3,18,61,947.2,564,947.2,0,23.3,15.3,1058,0,0,0,96,97,23.3,5.3,70.5,70
24/10/2024 07:07,23.3,18,60.9,947.2,564,947.2,0,23.3,15.3,1058,0,0,0,96,97,23.3,5.3,70.5,70
24/10/2024 07:08,23.3,18,60.9,947.2,564,947.2,0,23.3,15.3,1058,0,0,0,96,97,23.3,5.3,70.5,70
24/10/2024 07:08,23.3,18,60.9,947.2,564,947.2,0,23.3,15.3,1058,0,0,0,96,96,23.3,5.3,70.5,70
24/10/2024 07:09,23.3,18,60.9,947.2,564,947.2,0,23.3,15.3,1058,0,0,0,97,97,23.3,5.3,70.5,70
24/10/2024 07:09,23.3,18,60.9,947.2,563,947.2,0,23.3,15.3,1058,0,0,0,97,97,23.3,5.3,70.5,70
24/10/2024 07:10,23.3,18,60.9,947.2,564,947.1,0,23.3,15.3,1059,0,0,0,97,97,23.3,5.3,70.5,70
24/10/2024 07:10,23.3,18,60.9,947.2,563,947.2,0,23.3,15.3,1058,0,0,0,97,97,23.3,5.3,70.5,70
24/10/2024 07:11,23.3,18,60.9,947.2,564,947.2,0,23.3,15.3,1058,0,0,0,97,97,23.3,5.3,70.5,70
24/10/2024 07:11,23.3,18,60.9,947.2,564,947.2,0,23.3,15.3,1058,0,0,0,96,97,23.3,5.3,70.5,70
24/10/2024 07:12,23.3,18,60.9,947,564,947.1,0,23.3,15.3,1059,0,0,0,96,97,23.3,5.3,70.5,70
24/10/2024 07:12,23.3,18,60.9,947.2,564,947.2,0,23.3,15.3,1058,0,0,0,96,97,23.3,5.3,70.5,70
24/10/2024 07:13,23.3,18,60.9,947.2,564,947.2,0,23.3,15.3,1058,0,0,0,97,97,23.3,5.3,70.5,70
24/10/2024 07:13,23.3,18,60.9,947.2,564,947.2,0,23.3,15.3,1058,0,0,0,96,97,23.3,5.3,70.5,70
24/10/2024 07:14,23.3,18,60.9,947.2,563,947.2,0,23.3,15.3,1058,0,0,0,96,96,23.3,5.3,70.5,70
24/10/2024 07:14,23.3,18,60.9,947.2,563,947.2,0,23.3,15.3,1058,0,0,0,96,97,23.3,5.3,70.5,70
24/10/2024 07:15,23.3,18,60.9,947,564,947.1,0,23.3,15.3,1059,0,0,0,97,97,23.3,5.3,70.5,70
24/10/2024 07:15,23.3,18,60.9,947.2,564,947.2,0,23.3,15.3,1058,0,0,0,96,97,23.3,5.3,70.5,70
24/10/2024 07:16,23.3,18,60.9,947.2,564,947.1,0,23.3,15.3,1059,0,0,0,97,97,23.3,5.3,70.5,70
24/10/2024 07:16,23.3,18,60.9,947.2,563,947.2,0,23.3,15.3,1058,0,0,0,96,96,23.3,5.3,70.5,70
24/10/2024 07:17,23.3,18,60.9,947.2,564,947.2,0,23.3,15.3,1058,0,0,0,97,97,23.3,5.3,70.5,70
24/10/2024 07:17,23.3,18,60.9,947.2,564,947.2,0,23.3,15.3,1058,0,0,0,97,97,23.3,5.3,70.5,70
24/10/2024 07:18,23.3,18,60.9,947.2,564,947.2,0,23.2,15.3,1058,0,0,0,97,97,23.2,5.3,70.5,70
24/10/2024 07:18,23.3,18,60.9,947.2,564,947.2,0,23.3,15.3,1058,0,0,0,96,96,23.3,5.3,70.5,70
24/10/2024 07:19,23.3,18,60.9,947.2,563,947.2,0,23.2,15.3,1058,0,0,0,96,97,23.2,5.3,70.5,70
24/10/2024 07:19,23.3,18,60.9,947,564,947.1,0,23.2,15.3,1059,0,0,0,97,97,23.2,5.3,70.5,70
24/10/2024 07:20,23.3,18,60.9,947.2,563,947.3,0,23.2,15.3,1057,0,0,0,97,97,23.2,5.3,70.5,70
24/10/2024 07:20,23.3,18,60.9,947.2,564,947.2,0,23.2,15.3,1058,0,0,0,96,97,23.2,5.3,70.5,70
24/10/2024 07:21,23.3,18,60.9,947.2,564,947.2,0,23.2,15.3,1058,0,0,0,97,97,23.2,5.3,70.5,70
24/10/2024 07:21,23.3,18,60.9,947.2,564,947.2,0,23.2,15.3,1058,0,0,0,97,97,23.2,5.3,70.5,70
24/10/2024 07:22,23.3,18,60.9,947.2,563,947.3,0,23.2,15.3,1057,0,0,0,97,97,23.2,5.3,70.5,70
24/10/2024 07:22,23.3,18,60.9,947.2,563,947.2,0,23.2,15.3,1058,0,0,0,96,96,23.2,5.3,70.5,70
24/10/2024 07:23,23.3,18,60.9,947.2,564,947.2,0,23.2,15.3,1058,0,0,0,97,97,23.2,5.3,70.5,70
24/10/2024 07:23,23.3,18,60.9,947.2,563,947.2,0,23.2,15.3,1058,0,0,0,96,97,23.2,5.3,70.5,70
24/10/2024 07:24,23.3,18,60.9,947.2,562,947.3,0,23.2,15.3,1057,0,0,0,97,97,23.2,5.3,70.5,70
24/10/2024 07:24,23.3,18,60.9,947,564,947.1,0,23.2,15.3,1059,0,0,0,97,97,23.2,5.3,70.5,70
24/10/2024 07:25,23.3,18,60.9,947,564,947.1,0,23.2,15.3,1059,0,0,0,96,97,23.2,5.3,70.5,70
24/10/2024 07:25,23.3,18,60.9,947,564,947.1,0,23.2,15.3,1059,0,0,0,96,97,23.2,5.3,70.5,70
24/10/2024 07:26,23.3,18,60.9,947.2,564,947.2,0,23.2,15.3,1058,0,0,0,96,97,23.2,5.3,70.5,70
24/10/2024 07:26,23.3,18,60.9,947.2,564,947.2,0,23.2,15.3,1058,0,0,0,97,97,23.2,5.3,70.5,70
24/10/2024 07:27,23.3,18,60.9,947,564,947,0,23.2,15.3,1060,0,0,0,97,97,23.2,5.3,70.5,70
24/10/2024 07:27,23.3,18,60.9,947.2,564,947.1,0,23.2,15.3,1059,0,0,0,96,97,23.2,5.3,70.5,70
24/10/2024 07:28,23.3,18,60.9,947.2,563,947.2,0,23.2,15.3,1058,0,0,0,96,97,23.2,5.3,70.5,70
24/10/2024 07:28,23.3,18,60.9,947.2,564,947.2,0,23.2,15.3,1058,0,0,0,97,98,23.2,5.3,70.5,70
24/10/2024 07:29,23.3,18,60.9,947,564,947.1,0,23.2,15.3,1059,0,0,0,97,97,23.2,5.3,70.5,70
24/10/2024 07:29,23.3,18,60.9,947,564,947.1,0,23.2,15.3,1059,0,0,0,97,97,23.2,5.3,70.5,70
24/10/2024 07:30,23.3,18,60.9,947,564,947.1,0,23.2,15.3,1059,0,0,0,96,96,23.2,5.3,70.5,70
24/10/2024 07:30,23.3,18,60.9,947,564,947.1,0,23.2,15.3,1059,0,0,0,97,97,23.2,5.3,70.5,70
24/10/2024 07:31,23.3,18,60.9,947,564,947.1,0,23.2,15.3,1059,0,0,0,96,97,23.2,5.3,70.5,70
24/10/2024 07:31,23.3,18,60.9,947.2,564,947.2,0,23.2,15.3,1058,0,0,0,96,97,23.2,5.3,70.5,70
24/10/2024 07:32,23.3,18,60.9,947,564,947.1,0,23.2,15.3,1059,0,0,0,96,97,23.2,5.3,70.5,70
24/10/2024 07:32,23.3,18,60.9,947.2,564,947.2,0,23.2,15.3,1058,0,0,0,97,97,23.2,5.3,70.5,70
24/10/2024 07:33,23.3,18,60.9,947.2,563,947.3,0,23.2,15.3,1057,0,0,0,97,97,23.2,5.3,70.5,70
24/10/2024 07:33,23.3,18,60.9,947.2,563,947.2,0,23.2,15.3,1058,0,0,0,96,97,23.2,5.3,70.5,70
24/10/2024 07:34,23.3,18,60.9,947,564,947.1,0,23.2,15.3,1059,0,0,0,97,97,23.2,5.3,70.5,70
24/10/2024 07:34,23.3,18,60.9,947,564,947.1,0,23.2,15.3,1059,0,0,0,97,97,23.2,5.3,70.5,70
24/10/2024 07:35,23.3,18,60.9,947.2,564,947.2,0,23.2,15.3,1058,0,0,0,96,97,23.2,5.3,70.5,70
24/10/2024 07:35,23.3,18,61,947,564,947.1,0,23.2,15.3,1058,0,0,0,97,98,23.2,5.3,70.5,70
24/10/2024 07:36,23.3,18,61,947.2,564,947.2,0,23.2,15.3,1057,0,0,0,96,97,23.2,5.3,70.5,70
24/10/2024 07:36,23.3,18,61,947.2,564,947.2,0,23.2,15.3,1057,0,0,0,96,97,23.2,5.3,70.5,70
24/10/2024 07:37,23.3,18,61,947.2,564,947.2,0,23.2,15.3,1057,0,0,0,97,98,23.2,5.3,70.5,70
24/10/2024 07:37,23.3,18,60.9,947.2,564,947.1,0,23.2,15.3,1058,0,0,0,97,97,23.2,5.3,70.5,70
24/10/2024 07:38,23.3,18,61,947,564,947.1,0,23.2,15.3,1058,0,0,0,97,97,23.2,5.3,70.5,70
24/10/2024 07:38,23.3,18,61,947,564,947.1,0,23.2,15.3,1058,0,0,0,97,97,23.2,5.3,70.5,70
24/10/2024 07:39,23.3,18,61,947,564,947.1,0,23.2,15.3,1058,0,0,0,96,97,23.2,5.3,70.5,70
24/10/2024 07:39,23.3,18,61,947,564,947.1,0,23.2,15.3,1058,0,0,0,96,97,23.2,5.3,70.5,70
24/10/2024 07:40,23.3,18,61,947.2,564,947.1,0,23.2,15.3,1058,0,0,0,97,97,23.2,5.3,70.5,70
24/10/2024 07:40,23.3,18,61,947.2,564,947.1,0,23.2,15.3,1058,0,0,0,96,97,23.2,5.3,70.5,70
24/10/2024 07:41,23.3,18,61,947,564,947.1,0,23.2,15.3,1058,0,0,0,97,97,23.2,5.3,70.5,70
24/10/2024 07:41,23.3,18,61,947,564,947.1,0,23.2,15.3,1058,0,0,0,97,97,23.2,5.3,70.5,70
24/10/2024 07:42,23.3,18,61,947,564,947.1,0,23.2,15.3,1058,0,0,0,97,97,23.2,5.3,70.5,70
24/10/2024 07:42,23.3,18,60.9,947,564,947.1,0,23.2,15.3,1058,0,0,0,96,97,23.2,5.3,70.5,70
24/10/2024 07:43,23.3,18,61,947.2,563,947.2,0,23.2,15.3,1057,0,0,0,97,97,23.2,5.3,70.5,70
24/10/2024 07:43,23.3,18,60.9,947,564,947.1,0,23.2,15.3,1058,0,0,0,96,96,23.2,5.3,70.5,70
24/10/2024 07:44,23.3,18,60.9,947.2,564,947.2,0,23.2,15.3,1057,0,0,0,97,97,23.2,5.3,70.5,70
24/10/2024 07:44,23.3,18,60.9,947.2,563,947.2,0,23.2,15.3,1057,0,0,0,96,96,23.2,5.3,70.5,70
24/10/2024 07:45,23.3,18,60.9,947.2,564,947.2,0,23.2,15.3,1057,0,0,0,96,97,23.2,5.3,70.5,70
24/10/2024 07:45,23.3,18,60.9,947,564,947.1,0,23.2,15.3,1058,0,0,0,96,97,23.2,5.3,70.5,70
24/10/2024 07:46,23.3,18,60.9,947.2,564,947.2,0,23.2,15.3,1057,0,0,0,96,97,23.2,5.3,70.5,70
24/10/2024 07:46,23.3,18,60.9,947.2,564,947.1,0,23.2,15.3,1058,0,0,0,97,97,23.2,5.3,70.5,70
24/10/2024 07:47,23.3,18,60.9,947.2,564,947.2,0,23.2,15.3,1057,0,0,0,97,97,23.2,5.3,70.5,70
24/10/2024 07:47,23.3,18,60.9,947.2,564,947.2,0,23.2,15.3,1057,0,0,0,97,97,23.2,5.3,70.5,70
24/10/2024 07:48,23.3,18,60.9,947.2,564,947.2,0,23.2,15.3,1057,0,0,0,97,98,23.2,5.3,70.5,70
24/10/2024 07:48,23.2,17.9,61,947,564,947.1,0,23.2,15.3,1057,0,0,0,96,97,23.2,5.3,70.4,70
24/10/2024 07:49,23.3,18,61,947.2,564,947.2,0,23.2,15.3,1057,0,0,0,96,97,23.2,5.3,70.5,70
24/10/2024 07:49,23.3,18,60.9,947.2,564,947.1,0,23.2,15.3,1058,0,0,0,96,96,23.2,5.3,70.5,70
24/10/2024 07:50,23.3,18,61,947,564,947.1,0,23.2,15.3,1058,0,0,0,97,97,23.2,5.3,70.5,70
24/10/2024 07:50,23.3,18,61,947.2,563,947.2,0,23.2,15.3,1057,0,0,0,97,97,23.2,5.3,70.5,70
24/10/2024 07:51,23.2,17.9,61,947,564,947.1,0,23.2,15.3,1057,0,0,0,96,97,23.2,5.3,70.4,70
24/10/2024 07:51,23.2,17.9,61,947,564,947.1,0,23.2,15.3,1057,0,0,0,96,96,23.2,5.3,70.4,70
24/10/2024 07:52,23.2,17.9,61,947.2,564,947.1,0,23.2,15.3,1057,0,0,0,97,98,23.2,5.3,70.4,70
24/10/2024 07:52,23.3,18,61,947.2,564,947.2,0,23.2,15.3,1057,0,0,0,97,97,23.2,5.3,70.5,70
24/10/2024 07:53,23.2,17.9,61,947.2,564,947.2,0,23.2,15.3,1056,0,0,0,96,97,23.2,5.3,70.4,70
24/10/2024 07:53,23.2,17.9,61,947.2,563,947.3,0,23.2,15.3,1055,0,0,0,96,97,23.2,5.3,70.4,70
24/10/2024 07:54,23.2,17.9,61,947,564,947.1,0,23.2,15.3,1057,0,0,0,97,97,23.2,5.3,70.4,70
24/10/2024 07:54,23.2,17.9,61,947.2,564,947.2,0,23.2,15.3,1056,0,0,0,96,97,23.2,5.3,70.4,70
24/10/2024 07:55,23.2,17.9,61,947,564,947.1,0,23.2,15.3,1057,0,0,0,96,97,23.2,5.3,70.4,70
24/10/2024 07:55,23.2,17.9,61,947,564,947.1,0,23.2,15.3,1057,0,0,0,97,97,23.2,5.3,70.4,70
24/10/2024 07:56,23.2,17.9,61,947,564,947.1,0,23.2,15.3,1057,0,0,0,96,97,23.2,5.3,70.4,70
24/10/2024 07:56,23.2,17.9,61,947,564,947.1,0,23.2,15.3,1057,0,0,0,97,97,23.2,5.3,70.4,70
24/10/2024 07:57,23.2,17.9,61,947,564,947.1,0,23.2,15.3,1057,0,0,0,97,97,23.2,5.3,70.4,69.9
24/10/2024 07:57,23.2,17.9,61,947,564,947,0,23.2,15.3,1058,0,0,0,96,97,23.2,5.3,70.4,70
24/10/2024 07:58,23.2,17.9,61,947,564,947,0,23.2,15.3,1058,0,0,0,96,97,23.2,5.3,70.4,69.9
24/10/2024 07:58,23.2,17.9,61,947,564,947.1,0,23.2,15.3,1057,0,0,0,96,97,23.2,5.3,70.4,69.9
24/10/2024 07:59,23.2,17.9,60.9,947,564,947.1,0,23.2,15.3,1057,0,0,0,97,97,23.2,5.3,70.4,69.9
24/10/2024 07:59,23.2,17.9,61,947,565,947,0,23.2,15.3,1058,0,0,0,96,97,23.2,5.3,70.4,69.9
24/10/2024 08:00,23.2,17.9,60.9,947,564,947,0,23.2,15.3,1058,0,0,0,97,97,23.2,5.3,70.4,69.9
24/10/2024 08:00,23.2,17.9,61,947,565,947,0,23.2,15.3,1058,0,0,0,97,97,23.2,5.3,70.4,69.9
24/10/2024 08:01,23.2,17.9,61,947,564,947,0,23.2,15.3,1058,0,0,0,97,97,23.2,5.3,70.4,69.9
24/10/2024 08:01,23.2,17.9,60.9,947,564,947.1,0,23.2,15.3,1057,0,0,0,96,97,23.2,5.3,70.4,69.9
24/10/2024 08:02,23.2,17.9,61,947,564,947,0,23.2,15.3,1058,0,0,0,97,97,23.2,5.3,70.4,69.9
24/10/2024 08:02,23.2,17.9,60.9,947,564,947,0,23.2,15.3,1058,0,0,0,97,97,23.2,5.3,70.4,69.9
24/10/2024 08:03,23.2,17.9,60.9,947.2,564,947.1,0,23.2,15.3,1057,0,0,0,96,97,23.2,5.3,70.4,69.9
24/10/2024 08:03,23.2,17.9,60.9,947,564,947.1,0,23.2,15.3,1057,0,0,0,97,98,23.2,5.3,70.4,69.9
24/10/2024 08:04,23.2,17.9,61,947,564,947.1,0,23.2,15.3,1056,0,0,0,96,96,23.2,5.3,70.4,69.9
24/10/2024 08:04,23.2,17.9,60.9,947,564,947.1,0,23.2,15.3,1057,0,0,0,96,96,23.2,5.3,70.4,69.9
24/10/2024 08:05,23.2,17.9,61,947,564,947,0,23.2,15.3,1058,0,0,0,96,97,23.2,5.3,70.4,69.9
24/10/2024 08:05,23.2,17.9,60.9,947,564,947.1,0,23.2,15.3,1057,0,0,0,97,97,23.2,5.3,70.4,69.9
24/10/2024 08:06,23.2,17.9,60.9,947,564,947.1,0,23.2,15.3,1057,0,0,0,96,97,23.2,5.3,70.4,69.9
24/10/2024 08:06,23.2,17.9,60.9,947,564,947.1,0,23.2,15.3,1056,0,0,0,96,97,23.2,5.3,70.4,69.9
24/10/2024 08:07,23.2,17.9,61,947.2,564,947.1,0,23.2,15.3,1056,0,0,0,97,97,23.2,5.3,70.4,69.9
24/10/2024 08:07,23.2,17.9,61,947,564,947.1,0,23.2,15.3,1056,0,0,0,97,97,23.2,5.3,70.4,69.9
24/10/2024 08:08,23.2,17.9,60.9,947,564,947.1,0,23.2,15.3,1056,0,0,0,97,97,23.2,5.3,70.4,69.9
24/10/2024 08:08,23.2,17.9,61,947,564,947.1,0,23.2,15.3,1056,0,0,0,97,97,23.2,5.3,70.4,69.9
24/10/2024 08:09,23.2,17.9,60.9,947.2,564,947.1,0,23.2,15.3,1056,0,0,0,97,97,23.2,5.3,70.4,69.9
24/10/2024 08:09,23.2,17.9,61,947,564,947.1,0,23.2,15.3,1056,0,0,0,96,96,23.2,5.3,70.4,69.9
24/10/2024 08:10,23.2,17.9,60.9,947,565,947,0,23.2,15.3,1058,0,0,0,97,97,23.2,5.3,70.4,69.9
24/10/2024 08:10,23.2,17.9,60.9,947,564,947.1,0,23.2,15.3,1056,0,0,0,97,97,23.2,5.3,70.4,69.9
24/10/2024 08:11,23.2,17.9,61,947,565,947,0,23.2,15.3,1058,0,0,0,96,97,23.2,5.3,70.4,69.9
24/10/2024 08:11,23.2,17.9,60.9,947,564,947,0,23.2,15.3,1058,0,0,0,96,97,23.2,5.3,70.4,69.9
24/10/2024 08:12,23.2,17.9,60.9,947,564,947,0,23.2,15.3,1058,0,0,0,96,97,23.2,5.3,70.4,69.9
24/10/2024 08:12,23.2,17.9,60.9,947,564,947.1,0,23.2,15.3,1056,0,0,0,96,97,23.2,5.3,70.4,69.9
24/10/2024 08:13,23.2,17.9,60.9,947,564,947.1,0,23.2,15.3,1056,0,0,0,96,97,23.2,5.3,70.4,69.9
24/10/2024 08:13,23.2,17.9,60.9,947,564,947.1,0,23.2,15.3,1056,0,0,0,96,97,23.2,5.3,70.4,69.9
24/10/2024 08:14,23.2,17.9,60.9,947,564,947.1,0,23.2,15.3,1056,0,0,0,97,97,23.2,5.3,70.4,69.9
24/10/2024 08:14,23.2,17.9,60.9,947,564,947.1,0,23.2,15.3,1056,0,0,0,96,97,23.2,5.3,70.4,69.9
24/10/2024 08:15,23.2,17.9,60.9,947,564,947.1,0,23.2,15.3,1056,0,0,0,97,97,23.2,5.3,70.4,69.9
24/10/2024 08:15,23.2,17.9,60.9,947,564,947.1,0,23.2,15.3,1056,0,0,0,97,97,23.2,5.3,70.4,69.9
24/10/2024 08:16,23.2,17.9,60.9,947,564,947.1,0,23.2,15.3,1056,0,0,0,96,97,23.2,5.3,70.4,69.9
24/10/2024 08:16,23.2,17.9,60.9,947,564,947.1,0,23.2,15.3,1056,0,0,0,97,97,23.2,5.3,70.4,69.9
24/10/2024 08:17,23.2,17.9,60.9,947,564,947.1,0,23.2,15.3,1056,0,0,0,97,98,23.2,5.3,70.4,69.9
24/10/2024 08:17,23.2,17.9,60.9,947.2,564,947.1,0,23.2,15.3,1056,0,0,0,96,97,23.2,5.3,70.4,69.9
24/10/2024 08:18,23.2,17.9,61,947.2,564,947.2,0,23.2,15.3,1055,0,0,0,97,97,23.2,5.3,70.4,69.9
24/10/2024 08:18,23.2,17.9,60.9,947,564,947.1,0,23.2,15.3,1056,0,0,0,96,97,23.2,5.3,70.4,69.9
24/10/2024 08:19,23.2,17.9,61,947.2,564,947.2,0,23.2,15.3,1055,0,0,0,96,96,23.2,5.3,70.4,69.9
24/10/2024 08:19,23.2,17.9,60.9,947,564,947.1,0,23.2,15.3,1056,0,0,0,96,97,23.2,5.3,70.4,69.9
24/10/2024 08:20,23.2,17.9,60.9,947,564,947.1,0,23.2,15.3,1056,0,0,0,96,97,23.2,5.3,70.4,69.9
24/10/2024 08:20,23.2,17.9,61,947.2,564,947.2,0,23.2,15.2,1055,0,0,0,97,97,23.2,5.3,70.4,69.9
24/10/2024 08:21,23.2,17.9,61,947.2,564,947.2,0,23.2,15.3,1055,0,0,0,97,97,23.2,5.3,70.4,69.9
24/10/2024 08:21,23.2,17.9,61,947,564,947.1,0,23.2,15.3,1055,0,0,0,96,97,23.2,5.3,70.4,69.9
24/10/2024 08:22,23.2,17.9,61,947,564,947.1,0,23.2,15.3,1055,0,0,0,97,97,23.2,5.3,70.4,69.9
24/10/2024 08:22,23.2,17.9,61,947,564,947.1,0,23.2,15.3,1055,0,0,0,97,98,23.2,5.3,70.4,69.9
24/10/2024 08:23,23.2,17.9,61,947.2,564,947.2,0,23.2,15.3,1055,0,0,0,96,97,23.2,5.3,70.4,69.9
24/10/2024 08:23,23.2,17.9,61,947,564,947.1,0,23.2,15.3,1055,0,0,0,97,97,23.2,5.3,70.4,69.9
24/10/2024 08:24,23.2,17.9,61,947,564,947.1,0,23.2,15.3,1055,0,0,0,97,97,23.2,5.3,70.4,69.9
24/10/2024 08:24,23.2,17.9,61,947,564,947.1,0,23.2,15.3,1055,0,0,0,97,97,23.2,5.3,70.4,69.9
24/10/2024 08:25,23.2,17.9,61,947,564,947.1,0,23.2,15.3,1055,0,0,0,97,97,23.2,5.3,70.4,69.9
24/10/2024 08:25,23.2,17.9,61,947.2,564,947.2,0,23.2,15.3,1055,0,0,0,97,98,23.2,5.3,70.4,69.9
24/10/2024 08:26,23.2,17.9,61,947.2,564,947.1,0,23.2,15.3,1055,0,0,0,97,97,23.2,5.3,70.4,69.9
24/10/2024 08:26,23.2,17.9,61,947,564,947.1,0,23.2,15.3,1055,0,0,0,96,96,23.2,5.3,70.4,69.9
24/10/2024 08:27,23.2,17.9,60.9,947,564,947.1,0,23.2,15.2,1055,0,0,0,96,96,23.2,5.3,70.4,69.9
24/10/2024 08:27,23.2,17.9,60.9,947,564,947.1,0,23.2,15.2,1055,0,0,0,96,97,23.2,5.3,70.4,69.9
24/10/2024 08:28,23.2,17.9,60.9,947,564,947,0,23.2,15.2,1057,0,0,0,97,97,23.2,5.3,70.4,69.9
24/10/2024 08:28,23.2,17.9,60.9,947,564,947,0,23.2,15.2,1057,0,0,0,97,97,23.2,5.3,70.4,69.9
24/10/2024 08:29,23.2,17.9,60.9,947,564,947.1,0,23.2,15.2,1055,0,0,0,97,97,23.2,5.3,70.4,69.9
24/10/2024 08:29,23.2,17.9,60.9,947,564,947,0,23.2,15.2,1057,0,0,0,96,97,23.2,5.3,70.4,69.9
24/10/2024 08:30,23.2,17.9,60.9,947,564,947,0,23.2,15.2,1057,0,0,0,97,97,23.2,5.3,70.4,69.9
24/10/2024 08:30,23.2,17.9,60.9,947,564,947.1,0,23.2,15.2,1055,0,0,0,97,97,23.2,5.3,70.4,69.9
24/10/2024 08:31,23.2,17.9,60.9,947,564,947.1,0,23.2,15.2,1055,0,0,0,97,97,23.2,5.3,70.4,69.9
24/10/2024 08:31,23.2,17.9,60.9,947,564,947.1,0,23.2,15.2,1055,0,0,0,97,97,23.2,5.3,70.4,69.9
24/10/2024 08:32,23.2,17.9,60.9,947,564,947.1,0,23.2,15.2,1055,0,0,0,96,96,23.2,5.3,70.4,69.9
24/10/2024 08:32,23.2,17.9,60.9,947.2,564,947.2,0,23.2,15.2,1055,0,0,0,97,98,23.2,5.3,70.4,69.9
24/10/2024 08:33,23.2,17.9,60.9,947,564,947.1,0,23.2,15.2,1055,0,0,0,97,97,23.2,5.3,70.4,69.9
24/10/2024 08:33,23.2,17.9,60.9,947,564,947,0,23.2,15.2,1057,0,0,0,97,97,23.2,5.3,70.4,69.9
24/10/2024 08:34,23.2,17.9,60.9,947,564,947.1,0,23.2,15.2,1055,0,0,0,97,97,23.2,5.3,70.4,69.9
24/10/2024 08:34,23.2,17.9,60.9,947,565,947,0,23.2,15.2,1057,0,0,0,97,97,23.2,5.3,70.4,69.9
24/10/2024 08:35,23.2,17.9,60.9,947.2,564,947.1,0,23.2,15.2,1055,0,0,0,97,98,23.2,5.3,70.4,69.9
24/10/2024 08:35,23.2,17.9,60.9,947.2,564,947.1,0,23.2,15.2,1055,0,0,0,97,97,23.2,5.3,70.4,69.9
24/10/2024 08:36,23.2,17.9,61,947.2,564,947.1,0,23.1,15.2,1055,0,0,0,96,97,23.1,5.3,70.3,69.9
24/10/2024 08:36,23.2,17.9,61,947.2,564,947.1,0,23.1,15.2,1055,0,0,0,96,97,23.1,5.3,70.3,69.9
24/10/2024 08:37,23.2,17.9,60.9,947.2,563,947.2,0,23.2,15.2,1055,0,0,0,97,97,23.2,5.3,70.4,69.9
24/10/2024 08:37,23.2,17.9,61,947,564,947.1,0,23.1,15.2,1055,0,0,0,96,97,23.1,5.3,70.3,69.9
24/10/2024 08:38,23.2,17.9,60.9,947.2,563,947.2,0,23.2,15.2,1055,0,0,0,96,97,23.2,5.3,70.4,69.9
24/10/2024 08:38,23.2,17.9,60.9,947,564,947.1,0,23.2,15.2,1055,0,0,0,96,96,23.2,5.3,70.4,69.9
24/10/2024 08:39,23.2,17.9,60.9,947.2,564,947.2,0,23.2,15.2,1055,0,0,0,96,97,23.2,5.3,70.4,69.9
24/10/2024 08:39,23.2,17.9,61,947.2,563,947.2,0,23.1,15.2,1054,0,0,0,96,97,23.1,5.3,70.3,69.9
24/10/2024 08:40,23.2,17.9,61,947.2,564,947.2,0,23.2,15.2,1055,0,0,0,97,97,23.2,5.3,70.4,69.9
24/10/2024 08:40,23.2,17.9,61,947,564,947.1,0,23.1,15.2,1055,0,0,0,96,97,23.1,5.3,70.3,69.9
24/10/2024 08:41,23.2,17.9,60.9,947.2,564,947.2,0,23.2,15.2,1055,0,0,0,97,97,23.2,5.3,70.4,69.9
24/10/2024 08:41,23.2,17.9,60.9,947.2,563,947.3,0,23.2,15.2,1054,0,0,0,97,97,23.2,5.3,70.4,69.9
24/10/2024 08:42,23.2,17.9,60.9,947,564,947.1,0,23.2,15.2,1055,0,0,0,97,97,23.2,5.3,70.4,69.9
24/10/2024 08:42,23.2,17.9,61.1,947.2,563,947.2,0,23.1,15.2,1054,0,0,0,96,96,23.1,5.3,70.3,69.9
24/10/2024 08:43,23.2,17.9,60.9,947.2,564,947.2,0,23.2,15.2,1055,0,0,0,96,97,23.2,5.3,70.4,69.9
24/10/2024 08:43,23.2,17.9,61,947.2,563,947.3,0,23.2,15.3,1054,0,0,0,97,97,23.2,5.3,70.4,69.9
24/10/2024 08:44,23.2,17.9,61,947,564,947.1,0,23.2,15.3,1055,0,0,0,96,97,23.2,5.3,70.4,69.9
24/10/2024 08:44,23.2,17.9,61,947.2,563,947.2,0,23.2,15.3,1055,0,0,0,97,97,23.2,5.3,70.4,69.9
24/10/2024 08:45,23.2,17.9,61,947.2,564,947.2,0,23.2,15.3,1055,0,0,0,97,97,23.2,5.3,70.4,69.9
24/10/2024 08:45,23.2,17.9,61,947.4,562,947.4,0,23.2,15.3,1052,0,0,0,97,98,23.2,5.3,70.4,69.9
24/10/2024 08:46,23.2,17.9,61,947.2,563,947.2,0,23.2,15.3,1055,0,0,0,96,97,23.2,5.3,70.4,69.9
24/10/2024 08:46,23.2,17.9,61,947.2,563,947.2,0,23.2,15.3,1055,0,0,0,97,97,23.2,5.3,70.4,69.9
24/10/2024 08:47,23.2,17.9,61,947.2,563,947.2,0,23.2,15.3,1055,0,0,0,97,97,23.2,5.3,70.4,69.9
24/10/2024 08:47,23.2,17.9,61,947.2,563,947.3,0,23.2,15.3,1054,0,0,0,97,98,23.2,5.3,70.4,69.9
24/10/2024 08:48,23.2,17.9,61,947.2,564,947.2,0,23.2,15.3,1055,0,0,0,96,97,23.2,5.3,70.4,69.9
24/10/2024 08:48,23.2,17.9,61,947.2,564,947.2,0,23.2,15.3,1055,0,0,0,97,97,23.2,5.3,70.4,69.9
24/10/2024 08:49,23.2,17.9,61,947.2,563,947.2,0,23.2,15.3,1055,0,0,0,97,97,23.2,5.3,70.4,69.9
24/10/2024 08:49,23.2,17.9,61,947.2,564,947.1,0,23.2,15.3,1055,0,0,0,97,97,23.2,5.3,70.4,69.9
24/10/2024 08:50,23.2,17.9,61,947.2,563,947.2,0,23.2,15.3,1055,0,0,0,96,96,23.2,5.3,70.4,69.9
24/10/2024 08:50,23.2,17.9,61,947.2,564,947.1,0,23.2,15.3,1055,0,0,0,97,97,23.2,5.3,70.4,69.9
24/10/2024 08:51,23.2,17.9,61,947,564,947.1,0,23.2,15.3,1055,0,0,0,97,97,23.2,5.3,70.4,69.9
24/10/2024 08:51,23.2,17.9,61.1,947.2,563,947.2,0,23.2,15.3,1055,0,0,0,96,97,23.2,5.3,70.4,69.9
24/10/2024 08:52,23.2,17.9,61,947.2,564,947.2,0,23.2,15.3,1055,0,0,0,97,97,23.2,5.3,70.4,69.9
24/10/2024 08:52,23.2,17.9,61,947.2,564,947.2,0,23.2,15.3,1055,0,0,0,97,98,23.2,5.3,70.4,69.9
24/10/2024 08:53,23.2,17.9,61.1,947.2,563,947.3,0,23.2,15.3,1054,0,0,0,97,97,23.2,5.3,70.4,69.9
24/10/2024 08:53,23.2,17.9,61.1,947.2,563,947.2,0,23.2,15.3,1055,0,0,0,97,97,23.2,5.3,70.4,69.9
24/10/2024 08:54,23.2,17.9,61.1,947.2,563,947.3,0,23.2,15.3,1054,0,0,0,97,97,23.2,5.3,70.4,69.9
24/10/2024 08:54,23.2,17.9,61,947.2,563,947.3,0,23.2,15.3,1055,0,0,0,97,97,23.2,5.3,70.4,69.9
24/10/2024 08:55,23.2,17.9,61,947.2,562,947.3,0,23.2,15.3,1055,0,0,0,97,97,23.2,5.3,70.4,69.9
24/10/2024 08:55,23.2,17.9,61,947.4,562,947.4,0,23.2,15.3,1053,0,0,0,96,96,23.2,5.3,70.4,69.9
24/10/2024 08:56,23.2,17.9,61,947.4,562,947.4,0,23.2,15.3,1053,0,0,0,97,97,23.2,5.3,70.4,69.9
24/10/2024 08:56,23.2,17.9,61,947.2,562,947.3,0,23.2,15.3,1055,0,0,0,96,97,23.2,5.3,70.4,69.9
24/10/2024 08:57,23.2,17.9,61,947.2,563,947.3,0,23.2,15.3,1055,0,0,0,97,97,23.2,5.3,70.4,69.9
24/10/2024 08:57,23.2,17.9,61,947.2,562,947.3,0,23.2,15.3,1055,0,0,0,97,98,23.2,5.3,70.4,69.9
24/10/2024 08:58,23.2,17.9,61,947.2,563,947.3,0,23.2,15.3,1055,0,0,0,96,97,23.2,5.3,70.4,69.9
24/10/2024 08:58,23.2,17.9,61,947.4,562,947.4,0,23.2,15.3,1053,0,0,0,98,98,23.2,5.3,70.4,69.9
24/10/2024 08:59,23.2,17.9,61.1,947.4,561,947.4,0,23.2,15.3,1053,0,0,0,97,97,23.2,5.3,70.4,69.9
24/10/2024 08:59,23.2,17.9,61.1,947.4,562,947.4,0,23.2,15.3,1053,0,0,0,97,97,23.2,5.3,70.4,69.9
24/10/2024 09:00,23.2,17.9,61.1,947.4,561,947.4,0,23.2,15.3,1053,0,0,0,96,96,23.2,5.3,70.4,69.9
24/10/2024 09:00,23.2,17.9,61.1,947.4,561,947.4,0,23.2,15.3,1053,0,0,0,96,97,23.2,5.3,70.4,69.9
24/10/2024 09:01,23.2,17.9,61.1,947.4,561,947.4,0,23.2,15.3,1053,0,0,0,96,96,23.2,5.3,70.4,69.9
24/10/2024 09:01,23.2,17.9,61,947.4,561,947.4,0,23.2,15.3,1054,0,0,0,96,97,23.2,5.3,70.4,70
24/10/2024 09:02,23.2,17.9,61.1,947.4,561,947.4,0,23.2,15.3,1053,0,0,0,96,97,23.2,5.3,70.4,69.9
24/10/2024 09:02,23.2,17.9,61.1,947.5,561,947.5,0,23.2,15.3,1052,0,0,0,97,97,23.2,5.3,70.4,69.9
24/10/2024 09:03,23.2,17.9,61.1,947.4,561,947.4,0,23.2,15.3,1053,0,0,0,97,97,23.2,5.3,70.4,69.9
24/10/2024 09:03,23.2,17.9,61,947.5,561,947.5,0,23.2,15.3,1053,0,0,0,97,98,23.2,5.3,70.4,70
24/10/2024 09:04,23.2,17.9,61.1,947.5,560,947.6,0,23.2,15.3,1051,0,0,0,96,97,23.2,5.3,70.4,69.9
24/10/2024 09:04,23.2,17.9,61.2,947.4,561,947.4,0,23.2,15.3,1053,0,0,0,97,97,23.2,5.3,70.4,69.9
24/10/2024 09:05,23.2,17.9,61.1,947.5,560,947.5,0,23.2,15.3,1053,0,0,0,97,98,23.2,5.3,70.4,70
24/10/2024 09:05,23.2,17.9,61.1,947.5,560,947.5,0,23.2,15.3,1053,0,0,0,97,97,23.2,5.3,70.4,70
24/10/2024 09:06,23.2,17.9,61.1,947.5,560,947.5,0,23.2,15.3,1053,0,0,0,96,97,23.2,5.3,70.5,70
24/10/2024 09:06,23.2,17.9,61.1,947.5,560,947.6,0,23.2,15.3,1051,0,0,0,96,97,23.2,5.3,70.5,70
24/10/2024 09:07,23.2,17.9,61.1,947.5,559,947.6,0,23.2,15.3,1051,0,0,0,96,97,23.2,5.3,70.5,70
24/10/2024 09:07,23.2,17.9,61.1,947.5,560,947.6,0,23.2,15.3,1051,0,0,0,97,97,23.2,5.3,70.5,70
24/10/2024 09:08,23.2,17.9,61.1,947.5,559,947.6,0,23.2,15.3,1051,0,0,0,97,97,23.2,5.3,70.5,70
24/10/2024 09:08,23.2,17.9,61.1,947.7,559,947.7,0,23.2,15.3,1051,0,0,0,96,97,23.2,5.3,70.5,70
24/10/2024 09:09,23.2,17.9,61.1,947.5,560,947.5,0,23.2,15.3,1053,0,0,0,96,97,23.2,5.3,70.5,70
24/10/2024 09:09,23.2,17.9,61.1,947.5,560,947.6,0,23.2,15.3,1051,0,0,0,96,97,23.2,5.3,70.5,70
24/10/2024 09:10,23.2,17.9,61.1,947.7,559,947.6,0,23.2,15.3,1051,0,0,0,97,97,23.2,5.3,70.5,70
24/10/2024 09:10,23.2,17.9,61.1,947.7,559,947.6,0,23.2,15.3,1051,0,0,0,96,97,23.2,5.3,70.5,70
24/10/2024 09:11,23.2,17.9,61.1,947.7,558,947.8,0,23.2,15.3,1050,0,0,0,97,97,23.2,5.3,70.5,70
24/10/2024 09:11,23.2,17.9,61.1,947.7,559,947.7,0,23.2,15.3,1051,0,0,0,96,97,23.2,5.3,70.5,70
24/10/2024 09:12,23.3,18,61,947.7,559,947.7,0,23.2,15.3,1051,0,0,0,96,97,23.2,5.3,70.5,70
24/10/2024 09:12,23.2,17.9,61.1,947.7,558,947.8,0,23.2,15.3,1050,0,0,0,97,97,23.2,5.3,70.5,70
24/10/2024 09:13,23.3,18,61.1,947.7,559,947.7,0,23.2,15.3,1051,0,0,0,96,97,23.2,5.3,70.5,70
24/10/2024 09:13,23.3,18,61.1,947.7,559,947.7,0,23.2,15.3,1051,0,0,0,96,97,23.2,5.3,70.5,70
24/10/2024 09:14,23.3,18,61.1,947.7,558,947.7,0,23.2,15.3,1051,0,0,0,97,97,23.2,5.3,70.5,70
24/10/2024 09:14,23.3,18,61.1,947.7,558,947.7,0,23.2,15.3,1051,0,0,0,96,97,23.2,5.3,70.5,70
24/10/2024 09:15,23.3,18,61.1,947.7,558,947.7,0,23.2,15.3,1051,0,0,0,96,97,23.2,5.3,70.5,70
24/10/2024 09:15,23.3,18,61.1,947.7,558,947.7,0,23.2,15.3,1051,0,0,0,96,97,23.2,5.3,70.5,70
24/10/2024 09:16,23.3,18,61.1,947.7,558,947.8,0,23.2,15.3,1051,0,0,0,96,97,23.2,5.3,70.5,70
24/10/2024 09:16,23.3,18,61.1,947.7,558,947.8,0,23.2,15.4,1051,0,0,0,97,97,23.2,5.3,70.5,70
24/10/2024 09:17,23.3,18,61.1,947.7,558,947.7,0,23.2,15.3,1051,0,0,0,97,97,23.2,5.3,70.5,70
24/10/2024 09:17,23.3,18,61.1,947.7,558,947.7,0,23.2,15.4,1051,0,0,0,97,97,23.2,5.3,70.5,70
24/10/2024 09:18,23.3,18,61.1,947.5,559,947.6,0,23.2,15.4,1053,0,0,0,96,97,23.2,5.3,70.5,70
24/10/2024 09:18,23.3,18,61.1,947.7,558,947.7,0,23.2,15.4,1051,0,0,0,96,96,23.2,5.3,70.5,70
24/10/2024 09:19,23.3,18,61.2,947.7,559,947.7,0,23.2,15.4,1051,0,0,0,96,97,23.2,5.3,70.5,70
24/10/2024 09:19,23.3,18,61.1,947.5,559,947.6,0,23.2,15.4,1054,0,0,0,96,97,23.2,5.3,70.5,70
24/10/2024 09:20,23.3,18,61.2,947.7,559,947.7,0,23.2,15.4,1051,0,0,0,96,97,23.2,5.3,70.5,70
24/10/2024 09:20,23.3,18,61.2,947.5,559,947.6,0,23.2,15.4,1053,0,0,0,97,97,23.2,5.3,70.5,70
24/10/2024 09:21,23.3,18,61.1,947.7,559,947.7,0,23.2,15.4,1052,0,0,0,96,97,23.2,5.3,70.5,70
24/10/2024 09:21,23.3,18,61.1,947.7,559,947.7,0,23.2,15.4,1052,0,0,0,96,97,23.2,5.3,70.5,70
24/10/2024 09:22,23.3,18,61.1,947.7,558,947.8,0,23.2,15.4,1051,0,0,0,97,97,23.2,5.3,70.5,70
24/10/2024 09:22,23.3,18,61.1,947.7,557,947.8,0,23.2,15.4,1051,0,0,0,96,97,23.2,5.3,70.5,70
24/10/2024 09:23,23.3,18,61.1,947.7,558,947.8,0,23.2,15.4,1051,0,0,0,97,97,23.2,5.3,70.5,70
24/10/2024 09:23,23.3,18,61.2,947.7,558,947.8,0,23.2,15.4,1051,0,0,0,96,97,23.2,5.3,70.5,70
24/10/2024 09:24,23.3,18,61.2,947.7,558,947.8,0,23.2,15.4,1051,0,0,0,97,97,23.2,5.3,70.5,70
24/10/2024 09:24,23.3,18,61.2,947.7,559,947.7,0,23.2,15.4,1052,0,0,0,97,97,23.2,5.3,70.5,70
24/10/2024 09:25,23.3,18,61.2,947.7,559,947.7,0,23.2,15.4,1052,0,0,0,96,97,23.2,5.3,70.5,70
24/10/2024 09:25,23.3,18,61.2,947.7,559,947.7,0,23.2,15.4,1052,0,0,0,97,97,23.2,5.3,70.5,70
24/10/2024 09:26,23.3,18,61.2,947.7,558,947.7,0,23.2,15.4,1052,0,0,0,96,97,23.2,5.3,70.5,70
24/10/2024 09:26,23.3,18,61.2,947.7,559,947.7,0,23.2,15.4,1052,0,0,0,96,96,23.2,5.3,70.5,70
24/10/2024 09:27,23.3,18,61.2,947.7,559,947.7,0,23.2,15.4,1052,0,0,0,97,97,23.2,5.3,70.5,70
24/10/2024 09:27,23.3,18,61.2,947.7,558,947.7,0,23.2,15.4,1052,0,0,0,96,97,23.2,5.3,70.5,70
24/10/2024 09:28,23.3,18,61.2,947.7,559,947.7,0,23.3,15.4,1053,0,0,0,96,97,23.3,5.3,70.5,70
24/10/2024 09:28,23.3,18,61.2,947.7,559,947.7,0,23.3,15.4,1053,0,0,0,97,97,23.3,5.3,70.5,70
24/10/2024 09:29,23.3,18,61.2,947.7,559,947.7,0,23.3,15.4,1053,0,0,0,96,97,23.3,5.3,70.5,70
24/10/2024 09:29,23.3,18,61.2,947.7,558,947.8,0,23.2,15.4,1051,0,0,0,96,97,23.2,5.3,70.5,70
24/10/2024 09:30,23.3,18,61.2,947.7,559,947.7,0,23.3,15.4,1053,0,0,0,97,98,23.3,5.3,70.5,70
24/10/2024 09:30,23.3,18,61.2,947.7,559,947.7,0,23.3,15.4,1053,0,0,0,96,97,23.3,5.3,70.5,70
24/10/2024 09:31,23.3,18,61.2,947.7,558,947.7,0,23.3,15.4,1053,0,0,0,96,97,23.3,5.3,70.5,70
24/10/2024 09:31,23.3,18,61.2,947.7,559,947.7,0,23.3,15.4,1053,0,0,0,96,97,23.3,5.3,70.5,70
24/10/2024 09:32,23.3,18,61.2,947.7,558,947.8,0,23.3,15.4,1052,0,0,0,96,97,23.3,5.3,70.5,70
24/10/2024 09:32,23.3,18,61.2,947.7,558,947.7,0,23.3,15.4,1053,0,0,0,97,98,23.3,5.3,70.5,70
24/10/2024 09:33,23.3,18,61.2,947.7,559,947.7,0,23.3,15.4,1053,0,0,0,96,97,23.3,5.3,70.5,70
24/10/2024 09:33,23.3,18,61.2,947.7,559,947.7,0,23.3,15.4,1053,0,0,0,97,98,23.3,5.3,70.5,70
24/10/2024 09:34,23.3,18,61.2,947.5,559,947.6,0,23.3,15.4,1054,0,0,0,98,98,23.3,5.3,70.5,70
24/10/2024 09:34,23.3,18,61.2,947.7,559,947.7,0,23.3,15.4,1053,0,0,0,96,97,23.3,5.3,70.5,70
24/10/2024 09:35,23.3,18,61.2,947.7,558,947.8,0,23.3,15.4,1052,0,0,0,96,97,23.3,5.3,70.5,70
24/10/2024 09:35,23.3,18,61.2,947.7,558,947.8,0,23.3,15.4,1052,0,0,0,96,97,23.3,5.3,70.5,70
24/10/2024 09:36,23.3,18,61.2,947.7,558,947.7,0,23.3,15.4,1053,0,0,0,96,97,23.3,5.3,70.5,70
24/10/2024 09:36,23.3,18,61.1,947.7,558,947.8,0,23.3,15.4,1053,0,0,0,96,97,23.3,5.3,70.6,70.1
24/10/2024 09:37,23.3,18,61.1,947.7,558,947.7,0,23.3,15.4,1054,0,0,0,97,97,23.3,5.3,70.6,70.1
24/10/2024 09:37,23.3,18,61.2,947.7,558,947.7,0,23.3,15.4,1054,0,0,0,96,97,23.3,5.3,70.6,70.1
24/10/2024 09:38,23.3,18,61.1,947.7,558,947.8,0,23.3,15.4,1053,0,0,0,97,97,23.3,5.3,70.6,70.1
24/10/2024 09:38,23.3,18,61.2,947.7,558,947.7,0,23.3,15.4,1054,0,0,0,97,98,23.3,5.3,70.6,70.1
24/10/2024 09:39,23.3,18,61.2,947.9,557,947.9,0,23.3,15.4,1052,0,0,0,97,97,23.3,5.3,70.6,70.1
24/10/2024 09:39,23.3,18,61.2,947.7,557,947.8,0,23.3,15.4,1053,0,0,0,97,97,23.3,5.3,70.6,70.1
24/10/2024 09:40,23.3,18,61.2,947.9,557,947.9,0,23.3,15.4,1052,0,0,0,97,97,23.3,5.3,70.6,70.1
24/10/2024 09:40,23.3,18,61.2,947.7,557,947.8,0,23.3,15.4,1053,0,0,0,96,96,23.3,5.3,70.6,70.1
24/10/2024 09:41,23.3,18,61.2,947.7,558,947.8,0,23.3,15.4,1053,0,0,0,97,97,23.3,5.3,70.6,70.1
24/10/2024 09:41,23.3,18,61.2,947.9,557,947.9,0,23.3,15.4,1052,0,0,0,96,97,23.3,5.3,70.6,70.1
24/10/2024 09:42,23.3,18,61.2,947.9,557,947.9,0,23.3,15.4,1052,0,0,0,97,97,23.3,5.3,70.6,70.1
24/10/2024 09:42,23.3,18,61.2,947.9,557,947.9,0,23.3,15.4,1052,0,0,0,96,97,23.3,5.3,70.6,70.1
24/10/2024 09:43,23.4,18.1,61.1,947.9,557,947.9,0,23.3,15.4,1053,0,0,0,97,97,23.3,5.2,70.6,70.1
24/10/2024 09:43,23.4,18.1,61.1,948,557,948,0,23.3,15.4,1051,0,0,0,97,97,23.3,5.2,70.6,70.1
24/10/2024 09:44,23.3,18,61.2,948,557,948,0,23.3,15.4,1051,0,0,0,96,97,23.3,5.3,70.6,70.1
24/10/2024 09:44,23.3,18,61.2,947.9,557,947.9,0,23.3,15.4,1052,0,0,0,96,97,23.3,5.3,70.6,70.1
24/10/2024 09:45,23.4,18.1,61.1,947.9,557,947.9,0,23.3,15.4,1053,0,0,0,97,97,23.3,5.2,70.6,70.1
24/10/2024 09:45,23.4,18.1,61.1,948,557,948,0,23.3,15.4,1051,0,0,0,96,97,23.3,5.2,70.6,70.1
24/10/2024 09:46,23.4,18.1,61.1,947.9,557,947.9,0,23.3,15.4,1053,0,0,0,96,97,23.3,5.2,70.6,70.1
24/10/2024 09:46,23.4,18.1,61.2,947.9,557,947.9,0,23.3,15.4,1053,0,0,0,97,97,23.3,5.2,70.6,70.1
24/10/2024 09:47,23.4,18.1,61.2,948,557,948,0,23.3,15.4,1051,0,0,0,96,97,23.3,5.2,70.6,70.1
24/10/2024 09:47,23.4,18.1,61.2,947.9,557,947.9,0,23.3,15.4,1053,0,0,0,97,97,23.3,5.2,70.6,70.1
24/10/2024 09:48,23.4,18.1,61.2,948,557,948,0,23.3,15.4,1051,0,0,0,97,97,23.3,5.2,70.6,70.1
24/10/2024 09:48,23.4,18.1,61.2,948,557,948,0,23.3,15.4,1051,0,0,0,97,97,23.3,5.2,70.6,70.1
24/10/2024 09:49,23.4,18.1,61.2,948,557,948,0,23.3,15.4,1051,0,0,0,96,97,23.3,5.2,70.6,70.1
24/10/2024 09:49,23.4,18.1,61.2,948,557,948,0,23.3,15.4,1051,0,0,0,97,97,23.3,5.2,70.6,70.1
24/10/2024 09:50,23.4,18.1,61.2,948,557,948,0,23.3,15.4,1051,0,0,0,96,97,23.3,5.2,70.6,70.1
24/10/2024 09:50,23.4,18.1,61.2,948,555,948.1,0,23.3,15.4,1051,0,0,0,96,97,23.3,5.2,70.6,70.1
24/10/2024 09:51,23.4,18.1,61.2,948,557,948,0,23.3,15.4,1051,0,0,0,96,97,23.3,5.2,70.6,70.1
24/10/2024 09:51,23.4,18.1,61.2,948,556,948,0,23.3,15.4,1051,0,0,0,96,97,23.3,5.2,70.6,70.1
24/10/2024 09:52,23.4,18.1,61.2,948,556,948.1,0,23.3,15.4,1051,0,0,0,96,97,23.3,5.2,70.6,70.1
24/10/2024 09:52,23.4,18.1,61.2,948,556,948,0,23.3,15.5,1051,0,0,0,97,97,23.3,5.2,70.6,70.1
24/10/2024 09:53,23.4,18.1,61.2,948,556,948,0,23.3,15.5,1052,0,0,0,97,97,23.3,5.3,70.6,70.1
24/10/2024 09:53,23.4,18.1,61.1,948,556,948.1,0,23.3,15.4,1051,0,0,0,97,97,23.3,5.3,70.6,70.1
24/10/2024 09:54,23.4,18.1,61.2,948,555,948.1,0,23.3,15.5,1051,0,0,0,97,97,23.3,5.3,70.6,70.1
24/10/2024 09:54,23.4,18.1,61.2,948,557,948,0,23.3,15.5,1052,0,0,0,97,98,23.3,5.3,70.6,70.1
24/10/2024 09:55,23.4,18.1,61.2,948,556,948,0,23.3,15.5,1052,0,0,0,96,96,23.3,5.3,70.6,70.1
24/10/2024 09:55,23.4,18.1,61.2,948,557,948,0,23.3,15.5,1052,0,0,0,97,97,23.3,5.3,70.6,70.1
24/10/2024 09:56,23.4,18.1,61.2,948,556,948.1,0,23.3,15.5,1051,0,0,0,97,97,23.3,5.3,70.6,70.1
24/10/2024 09:56,23.4,18.1,61.2,948,556,948.1,0,23.3,15.5,1051,0,0,0,97,97,23.3,5.3,70.6,70.1
24/10/2024 09:57,23.4,18.1,61.2,948.2,555,948.2,0,23.3,15.5,1050,0,0,0,97,97,23.3,5.3,70.6,70.1
24/10/2024 09:57,23.4,18.1,61.2,948,557,948,0,23.3,15.5,1052,0,0,0,96,97,23.3,5.3,70.6,70.1
24/10/2024 09:58,23.4,18.1,61.2,948,556,948,0,23.3,15.5,1052,0,0,0,96,96,23.3,5.3,70.6,70.1
24/10/2024 09:58,23.4,18.1,61.2,948,555,948.1,0,23.3,15.5,1051,0,0,0,96,97,23.3,5.3,70.6,70.1
24/10/2024 09:59,23.4,18.1,61.2,948,557,948,0,23.3,15.5,1052,0,0,0,97,97,23.3,5.3,70.6,70.1
24/10/2024 09:59,23.4,18.1,61.2,948,556,948.1,0,23.3,15.5,1051,0,0,0,96,97,23.3,5.3,70.6,70.1
24/10/2024 10:00,23.4,18.1,61.2,948,555,948.1,0,23.3,15.5,1051,0,0,0,97,97,23.3,5.3,70.6,70.1
24/10/2024 10:00,23.4,18.1,61.2,948.2,555,948.2,0,23.3,15.5,1050,0,0,0,96,97,23.3,5.3,70.6,70.1
24/10/2024 10:01,23.4,18.1,61.2,948,556,948.1,0,23.3,15.5,1051,0,0,0,96,97,23.3,5.3,70.6,70.1
24/10/2024 10:01,23.4,18.1,61.2,948,556,948.1,0,23.3,15.5,1052,0,0,0,96,97,23.3,5.3,70.7,70.2
24/10/2024 10:02,23.4,18.1,61.2,948,556,948.1,0,23.3,15.5,1051,0,0,0,97,97,23.3,5.3,70.6,70.1
24/10/2024 10:02,23.4,18.1,61.2,948,556,948.1,0,23.3,15.5,1052,0,0,0,96,97,23.3,5.3,70.7,70.2
24/10/2024 10:03,23.4,18.1,61.2,948,555,948.1,0,23.3,15.5,1052,0,0,0,96,97,23.3,5.3,70.7,70.2
24/10/2024 10:03,23.4,18.1,61.2,948.2,554,948.2,0,23.3,15.5,1051,0,0,0,97,97,23.3,5.3,70.7,70.2
24/10/2024 10:04,23.4,18.1,61.2,948,555,948.1,0,23.3,15.5,1052,0,0,0,97,97,23.3,5.3,70.7,70.2
24/10/2024 10:04,23.4,18.1,61.2,948.2,554,948.2,0,23.3,15.5,1051,0,0,0,97,97,23.3,5.3,70.7,70.2
24/10/2024 10:05,23.4,18.1,61.2,948.2,555,948.2,0,23.3,15.5,1051,0,0,0,96,97,23.3,5.3,70.7,70.2
24/10/2024 10:05,23.4,18.1,61.2,948.2,554,948.2,0,23.3,15.5,1051,0,0,0,95,96,23.3,5.3,70.7,70.2
24/10/2024 10:06,23.4,18.1,61.2,948.2,555,948.2,0,23.3,15.5,1051,0,0,0,97,98,23.3,5.3,70.7,70.2
24/10/2024 10:06,23.4,18.1,61.2,948.2,554,948.3,0,23.3,15.5,1050,0,0,0,97,97,23.3,5.3,70.7,70.2
24/10/2024 10:07,23.4,18.1,61.2,948.2,555,948.2,0,23.3,15.5,1051,0,0,0,97,97,23.3,5.3,70.7,70.2
24/10/2024 10:07,23.4,18.1,61.2,948.2,554,948.3,0,23.3,15.5,1050,0,0,0,97,97,23.3,5.3,70.7,70.2
24/10/2024 10:08,23.4,18.1,61.2,948.2,555,948.2,0,23.3,15.5,1051,0,0,0,96,97,23.3,5.3,70.7,70.2
24/10/2024 10:08,23.4,18.1,61.2,948,555,948.1,0,23.4,15.5,1053,0,0,0,97,97,23.4,5.3,70.7,70.2
24/10/2024 10:09,23.4,18.1,61.2,948.2,554,948.2,0,23.3,15.5,1051,0,0,0,97,97,23.3,5.3,70.7,70.2
24/10/2024 10:09,23.4,18.1,61.2,948,556,948,0,23.3,15.5,1053,0,0,0,96,97,23.3,5.3,70.7,70.2
24/10/2024 10:10,23.4,18.1,61.2,948.2,555,948.2,0,23.4,15.5,1052,0,0,0,96,97,23.4,5.3,70.7,70.2
24/10/2024 10:10,23.4,18.1,61.2,948.2,554,948.3,0,23.4,15.5,1051,0,0,0,97,97,23.4,5.3,70.7,70.2
24/10/2024 10:11,23.4,18.1,61.2,948.2,554,948.2,0,23.4,15.5,1052,0,0,0,96,96,23.4,5.3,70.7,70.2
24/10/2024 10:11,23.4,18.1,61.2,948.2,555,948.2,0,23.4,15.5,1052,0,0,0,96,96,23.4,5.3,70.7,70.2
24/10/2024 10:12,23.4,18.1,61.2,948.2,555,948.2,0,23.4,15.5,1052,0,0,0,97,97,23.4,5.3,70.7,70.2
24/10/2024 10:12,23.4,18.1,61.1,948.2,555,948.2,0,23.4,15.5,1052,0,0,0,97,97,23.4,5.3,70.7,70.2
24/10/2024 10:13,23.4,18.1,61.1,948.2,555,948.2,0,23.4,15.5,1052,0,0,0,96,97,23.4,5.3,70.7,70.2
24/10/2024 10:13,23.4,18.1,61.1,948.2,553,948.3,0,23.4,15.5,1051,0,0,0,97,97,23.4,5.3,70.7,70.2
24/10/2024 10:14,23.4,18.1,61.1,948.2,554,948.3,0,23.4,15.5,1051,0,0,0,97,97,23.4,5.3,70.7,70.2
24/10/2024 10:14,23.4,18.1,61.2,948.2,554,948.2,0,23.4,15.5,1052,0,0,0,97,98,23.4,5.3,70.7,70.2
24/10/2024 10:15,23.4,18.1,61.1,948.2,554,948.3,0,23.4,15.5,1051,0,0,0,97,97,23.4,5.3,70.7,70.2
24/10/2024 10:15,23.4,18.1,61.2,948.2,553,948.3,0,23.4,15.5,1051,0,0,0,97,97,23.4,5.3,70.7,70.2
24/10/2024 10:16,23.4,18.1,61.2,948.4,552,948.4,0,23.4,15.5,1050,0,0,0,97,97,23.4,5.3,70.7,70.2
24/10/2024 10:16,23.4,18.1,61.2,948.5,552,948.5,0,23.3,15.5,1047,0,0,0,96,97,23.3,5.3,70.7,70.2
24/10/2024 10:17,23.4,18.1,61.2,948.5,552,948.5,0,23.3,15.5,1047,0,0,0,96,97,23.3,5.3,70.7,70.2
24/10/2024 10:17,23.4,18.1,61.2,948.4,552,948.4,0,23.3,15.5,1049,0,0,0,96,97,23.3,5.3,70.7,70.2
24/10/2024 10:18,23.4,18.1,61.2,948.5,552,948.5,0,23.3,15.5,1047,0,0,0,96,97,23.3,5.3,70.7,70.2
24/10/2024 10:18,23.4,18.1,61.2,948.5,552,948.5,0,23.3,15.5,1047,0,0,0,96,97,23.3,5.3,70.7,70.2
24/10/2024 10:19,23.4,18.1,61.2,948.4,552,948.4,0,23.3,15.5,1049,0,0,0,96,97,23.3,5.3,70.7,70.2
24/10/2024 10:19,23.4,18.1,61.1,948.5,552,948.5,0,23.3,15.5,1047,0,0,0,96,97,23.3,5.3,70.7,70.2
24/10/2024 10:20,23.4,18.1,61,948.5,552,948.5,0,23.3,15.4,1047,0,0,0,96,97,23.3,5.3,70.7,70.2
24/10/2024 10:20,23.4,18.1,61.1,948.5,552,948.6,0,23.3,15.4,1046,0,0,0,97,97,23.3,5.3,70.6,70.1
24/10/2024 10:21,23.4,18.1,61.1,948.5,552,948.6,0,23.3,15.4,1046,0,0,0,96,97,23.3,5.3,70.6,70.1
24/10/2024 10:21,23.4,18.1,61.1,948.5,552,948.6,0,23.3,15.4,1046,0,0,0,97,97,23.3,5.3,70.6,70.1
24/10/2024 10:22,23.4,18.1,61.1,948.5,552,948.6,0,23.3,15.4,1046,0,0,0,97,97,23.3,5.3,70.6,70.1
24/10/2024 10:22,23.4,18.1,61,948.5,552,948.6,0,23.3,15.4,1046,0,0,0,96,97,23.3,5.3,70.6,70.1
24/10/2024 10:23,23.4,18.1,61.1,948.5,552,948.6,0,23.3,15.4,1045,0,0,0,97,97,23.3,5.2,70.6,70.1
24/10/2024 10:23,23.4,18.1,61,948.5,550,948.6,0,23.3,15.4,1045,0,0,0,96,96,23.3,5.2,70.6,70.1
24/10/2024 10:24,23.4,18.1,61,948.5,550,948.6,0,23.3,15.4,1045,0,0,0,96,97,23.3,5.2,70.6,70.1
24/10/2024 10:24,23.4,18.1,61,948.5,550,948.6,0,23.3,15.4,1045,0,0,0,97,97,23.3,5.2,70.6,70.1
24/10/2024 10:25,23.4,18.1,60.9,948.5,550,948.6,0,23.3,15.4,1045,0,0,0,96,97,23.3,5.2,70.6,70.1
24/10/2024 10:25,23.3,18,61,948.5,552,948.6,0,23.3,15.4,1044,0,0,0,96,97,23.3,5.3,70.5,70.1
24/10/2024 10:26,23.3,18,61,948.7,550,948.6,0,23.3,15.4,1044,0,0,0,97,97,23.3,5.3,70.5,70.1
24/10/2024 10:26,23.3,18,61,948.5,550,948.6,0,23.3,15.4,1044,0,0,0,97,97,23.3,5.3,70.5,70.1
24/10/2024 10:27,23.3,18,61,948.5,552,948.5,0,23.3,15.4,1045,0,0,0,97,98,23.3,5.3,70.5,70.1
24/10/2024 10:27,23.3,18,61,948.5,550,948.6,0,23.3,15.4,1044,0,0,0,97,97,23.3,5.3,70.5,70.1
24/10/2024 10:28,23.3,18,60.9,948.5,552,948.6,0,23.3,15.4,1044,0,0,0,97,97,23.3,5.3,70.5,70
24/10/2024 10:28,23.3,18,61,948.5,550,948.6,0,23.3,15.3,1044,0,0,0,97,97,23.3,5.3,70.5,70
24/10/2024 10:29,23.3,18,61,948.7,550,948.7,0,23.3,15.3,1042,0,0,0,96,97,23.3,5.3,70.5,70
24/10/2024 10:29,23.3,18,61,948.7,550,948.7,0,23.3,15.3,1042,0,0,0,97,97,23.3,5.3,70.5,70
24/10/2024 10:30,23.3,18,60.9,948.7,550,948.7,0,23.3,15.3,1042,0,0,0,97,97,23.3,5.3,70.5,70
24/10/2024 10:30,23.3,18,60.9,948.7,549,948.8,0,23.3,15.3,1041,0,0,0,96,97,23.3,5.3,70.5,70
24/10/2024 10:31,23.3,18,61,948.7,550,948.7,0,23.2,15.4,1042,0,0,0,96,97,23.2,5.3,70.5,70
24/10/2024 10:31,23.3,18,61,948.7,550,948.8,0,23.2,15.3,1040,0,0,0,97,97,23.2,5.3,70.5,70
24/10/2024 10:32,23.3,18,61,948.7,550,948.8,0,23.2,15.3,1040,0,0,0,97,97,23.2,5.3,70.5,70
24/10/2024 10:32,23.3,18,61,948.7,550,948.7,0,23.2,15.3,1042,0,0,0,97,97,23.2,5.3,70.5,70
24/10/2024 10:33,23.3,18,61,948.7,550,948.8,0,23.2,15.3,1040,0,0,0,97,97,23.2,5.3,70.5,70
24/10/2024 10:33,23.3,18,61,948.7,550,948.8,0,23.2,15.3,1040,0,0,0,97,97,23.2,5.3,70.5,70
24/10/2024 10:34,23.3,18,61,948.7,550,948.7,0,23.2,15.3,1042,0,0,0,97,97,23.2,5.3,70.5,70
24/10/2024 10:34,23.3,18,61,948.7,549,948.8,0,23.2,15.3,1040,0,0,0,97,97,23.2,5.3,70.5,70
24/10/2024 10:35,23.3,18,60.9,948.7,549,948.8,0,23.2,15.3,1040,0,0,0,96,97,23.2,5.3,70.5,70
24/10/2024 10:35,23.3,18,60.9,948.7,549,948.8,0,23.2,15.3,1040,0,0,0,97,98,23.2,5.3,70.5,70
24/10/2024 10:36,23.3,18,60.9,948.7,550,948.8,0,23.2,15.3,1040,0,0,0,97,98,23.2,5.3,70.5,70
24/10/2024 10:36,23.3,18,60.9,948.7,549,948.8,0,23.2,15.3,1040,0,0,0,97,97,23.2,5.3,70.5,70
24/10/2024 10:37,23.3,18,60.9,948.7,549,948.8,0,23.2,15.3,1040,0,0,0,96,97,23.2,5.3,70.5,70
24/10/2024 10:37,23.3,18,61,948.7,549,948.8,0,23.2,15.3,1040,0,0,0,96,97,23.2,5.3,70.5,70
24/10/2024 10:38,23.3,18,61,948.9,548,948.9,0,23.2,15.3,1039,0,0,0,96,97,23.2,5.3,70.5,70
24/10/2024 10:38,23.3,18,61,948.9,548,948.9,0,23.2,15.3,1039,0,0,0,96,97,23.2,5.3,70.5,70
24/10/2024 10:39,23.3,18,61,948.7,549,948.8,0,23.2,15.3,1040,0,0,0,97,97,23.2,5.3,70.5,70
24/10/2024 10:39,23.3,18,61,948.9,549,948.9,0,23.2,15.3,1039,0,0,0,97,97,23.2,5.3,70.5,70
24/10/2024 10:40,23.3,18,61,948.9,549,948.9,0,23.2,15.3,1039,0,0,0,96,97,23.2,5.3,70.5,70
24/10/2024 10:40,23.3,18,61,948.9,548,948.9,0,23.2,15.3,1039,0,0,0,96,97,23.2,5.3,70.5,70
24/10/2024 10:41,23.3,18,61,948.9,548,948.9,0,23.2,15.3,1039,0,0,0,96,97,23.2,5.3,70.5,70
24/10/2024 10:41,23.3,18,61,949,548,949,0,23.2,15.3,1037,0,0,0,97,97,23.2,5.3,70.5,70
24/10/2024 10:42,23.3,18,61,949,547,949,0,23.2,15.3,1036,0,0,0,97,97,23.2,5.3,70.5,70
24/10/2024 10:42,23.3,18,61,949,547,949,0,23.2,15.3,1037,0,0,0,97,97,23.2,5.3,70.5,70
24/10/2024 10:43,23.3,18,61,949,547,949,0,23.2,15.3,1037,0,0,0,97,97,23.2,5.3,70.5,70
24/10/2024 10:43,23.3,18,61,949,547,949,0,23.2,15.3,1037,0,0,0,96,97,23.2,5.3,70.5,70
24/10/2024 10:44,23.3,18,61,949,546,949.1,0,23.2,15.3,1036,0,0,0,97,97,23.2,5.3,70.5,70
24/10/2024 10:44,23.3,18,61,949,547,949.1,0,23.2,15.3,1036,0,0,0,97,97,23.2,5.3,70.5,70
24/10/2024 10:45,23.3,18,61,949,547,949,0,23.2,15.3,1037,0,0,0,97,97,23.2,5.3,70.5,70
24/10/2024 10:45,23.3,18,61,949,546,949.1,0,23.2,15.3,1036,0,0,0,97,98,23.2,5.3,70.5,70
24/10/2024 10:46,23.3,18,61,949,548,949,0,23.2,15.3,1037,0,0,0,97,97,23.2,5.3,70.5,70
24/10/2024 10:46,23.3,18,61,949,546,949.1,0,23.2,15.3,1036,0,0,0,97,97,23.2,5.3,70.5,70
24/10/2024 10:47,23.3,18,61,949,548,949,0,23.2,15.3,1037,0,0,0,97,97,23.2,5.3,70.5,70
24/10/2024 10:47,23.3,18,61,949,547,949,0,23.2,15.3,1037,0,0,0,97,97,23.2,5.3,70.5,70
24/10/2024 10:48,23.3,18,61,949,547,949.1,0,23.2,15.3,1036,0,0,0,97,97,23.2,5.3,70.5,70
24/10/2024 10:48,23.3,18,61,949,547,949.1,0,23.2,15.3,1036,0,0,0,97,97,23.2,5.3,70.5,70
24/10/2024 10:49,23.3,18,61,949.2,546,949.2,0,23.2,15.3,1036,0,0,0,97,97,23.2,5.3,70.5,70
24/10/2024 10:49,23.3,18,61,949,547,949.1,0,23.2,15.3,1036,0,0,0,96,97,23.2,5.3,70.5,70
24/10/2024 10:50,23.3,18,61,949.2,546,949.2,0,23.2,15.3,1036,0,0,0,97,97,23.2,5.3,70.5,70
24/10/2024 10:50,23.3,18,61,949.2,545,949.2,0,23.2,15.3,1036,0,0,0,97,97,23.2,5.3,70.5,70
24/10/2024 10:51,23.3,18,61,949,546,949.1,0,23.2,15.3,1036,0,0,0,96,97,23.2,5.3,70.5,70
24/10/2024 10:51,23.2,18,61.1,949.2,545,949.2,0,23.2,15.3,1034,0,0,0,97,97,23.2,5.2,70.5,70
24/10/2024 10:52,23.3,18,61,949,546,949.1,0,23.2,15.3,1036,0,0,0,96,96,23.2,5.3,70.5,70
24/10/2024 10:52,23.2,18,61.1,949.2,546,949.2,0,23.2,15.3,1034,0,0,0,96,97,23.2,5.2,70.4,70
24/10/2024 10:53,23.2,18,61.1,949,546,949.1,0,23.2,15.3,1036,0,0,0,96,97,23.2,5.2,70.4,70
24/10/2024 10:53,23.2,18,61.1,949.2,546,949.2,0,23.2,15.3,1034,0,0,0,96,97,23.2,5.2,70.4,70
24/10/2024 10:54,23.2,18,61.1,949.2,546,949.1,0,23.2,15.3,1036,0,0,0,96,97,23.2,5.2,70.4,70
24/10/2024 10:54,23.2,18,61.1,949.2,545,949.2,0,23.2,15.3,1034,0,0,0,96,97,23.2,5.2,70.4,70
24/10/2024 10:55,23.2,18,61.1,949.2,544,949.3,0,23.2,15.3,1033,0,0,0,96,97,23.2,5.2,70.4,70
24/10/2024 10:55,23.2,18,61,949.2,544,949.3,0,23.2,15.3,1033,0,0,0,97,97,23.2,5.2,70.4,70
24/10/2024 10:56,23.2,18,61.1,949.2,545,949.3,0,23.2,15.3,1033,0,0,0,96,97,23.2,5.2,70.4,69.9
24/10/2024 10:56,23.2,18,61.1,949.2,545,949.2,0,23.2,15.3,1033,0,0,0,97,97,23.2,5.2,70.4,69.9
24/10/2024 10:57,23.2,18,61,949.2,545,949.2,0,23.2,15.3,1033,0,0,0,96,97,23.2,5.2,70.4,69.9
24/10/2024 10:57,23.2,18,61,949.2,545,949.3,0,23.2,15.3,1033,0,0,0,96,97,23.2,5.2,70.4,69.9
24/10/2024 10:58,23.2,18,60.9,949.2,545,949.2,0,23.2,15.3,1033,0,0,0,97,97,23.2,5.2,70.4,69.9
24/10/2024 10:58,23.2,18,61,949.2,545,949.2,0,23.2,15.3,1033,0,0,0,96,97,23.2,5.2,70.4,69.9
24/10/2024 10:59,23.2,18,61,949.2,545,949.3,0,23.2,15.3,1032,0,0,0,97,97,23.2,5.2,70.4,69.9
24/10/2024 10:59,23.2,18,60.9,949.4,544,949.4,0,23.2,15.2,1030,0,0,0,97,97,23.2,5.2,70.4,69.9
24/10/2024 11:00,23.2,18,60.9,949.2,545,949.3,0,23.2,15.2,1032,0,0,0,97,97,23.2,5.2,70.4,69.9
24/10/2024 11:00,23.2,17.9,60.9,949.4,544,949.4,0,23.2,15.2,1030,0,0,0,97,97,23.2,5.3,70.4,69.9
24/10/2024 11:01,23.2,17.9,61,949.2,544,949.3,0,23.1,15.2,1030,0,0,0,96,96,23.1,5.3,70.3,69.9
24/10/2024 11:01,23.2,17.9,61,949.4,544,949.4,0,23.1,15.2,1029,0,0,0,96,97,23.1,5.3,70.3,69.9
24/10/2024 11:02,23.2,17.9,60.9,949.2,545,949.3,0,23.1,15.2,1030,0,0,0,96,97,23.1,5.3,70.3,69.8
24/10/2024 11:02,23.2,17.9,60.9,949.2,545,949.3,0,23.1,15.2,1030,0,0,0,96,97,23.1,5.3,70.3,69.8
24/10/2024 11:03,23.1,17.9,60.9,949.2,544,949.3,0,23.1,15.2,1030,0,0,0,97,97,23.1,5.2,70.3,69.8
24/10/2024 11:03,23.1,17.9,60.9,949.2,545,949.2,0,23.1,15.2,1031,0,0,0,96,96,23.1,5.2,70.3,69.8
24/10/2024 11:04,23.1,17.9,60.9,949.2,545,949.3,0,23.1,15.2,1030,0,0,0,96,96,23.1,5.2,70.3,69.8
24/10/2024 11:04,23.1,17.9,60.9,949.2,546,949.2,0,23.1,15.2,1031,0,0,0,96,96,23.1,5.2,70.3,69.8
24/10/2024 11:05,23.1,17.9,60.9,949.2,545,949.2,0,23.1,15.2,1031,0,0,0,96,96,23.1,5.2,70.3,69.8
24/10/2024 11:05,23.1,17.9,60.8,949.2,546,949.2,0,23.1,15.2,1031,0,0,0,96,96,23.1,5.2,70.3,69.8
24/10/2024 11:06,23.1,17.9,60.9,949.2,545,949.2,0,23.1,15.2,1030,0,0,0,97,97,23.1,5.2,70.3,69.8
24/10/2024 11:06,23.1,17.9,60.9,949.2,545,949.3,0,23.1,15.2,1029,0,0,0,96,97,23.1,5.2,70.3,69.8
24/10/2024 11:07,23.1,17.9,60.9,949.2,545,949.2,0,23.1,15.2,1030,0,0,0,96,97,23.1,5.2,70.3,69.8
24/10/2024 11:07,23.1,17.9,60.9,949.2,545,949.3,0,23.1,15.2,1029,0,0,0,95,96,23.1,5.2,70.3,69.8
24/10/2024 11:08,23.1,17.9,60.9,949.2,545,949.3,0,23.1,15.2,1029,0,0,0,96,96,23.1,5.2,70.3,69.8
24/10/2024 11:08,23.1,17.9,60.9,949.2,546,949.1,0,23.1,15.2,1031,0,0,0,96,97,23.1,5.2,70.3,69.8
24/10/2024 11:09,23.1,17.9,60.9,949.2,544,949.3,0,23.1,15.2,1029,0,0,0,96,97,23.1,5.2,70.3,69.8
24/10/2024 11:09,23.1,17.9,60.9,949.2,546,949.2,0,23.1,15.2,1030,0,0,0,95,96,23.1,5.2,70.3,69.8
24/10/2024 11:10,23.1,17.9,61,949.2,546,949.2,0,23.1,15.2,1029,0,0,0,96,97,23.1,5.2,70.2,69.8
24/10/2024 11:10,23.1,17.9,60.9,949.2,545,949.2,0,23.1,15.2,1029,0,0,0,96,96,23.1,5.2,70.2,69.8
24/10/2024 11:11,23.1,17.9,60.9,949.2,545,949.3,0,23.1,15.2,1028,0,0,0,96,97,23.1,5.2,70.2,69.8
24/10/2024 11:11,23.1,17.9,60.9,949.2,545,949.2,0,23.1,15.2,1029,0,0,0,96,97,23.1,5.2,70.2,69.8
24/10/2024 11:12,23.1,17.9,61,949.2,544,949.3,0,23.1,15.2,1028,0,0,0,96,96,23.1,5.2,70.2,69.8
24/10/2024 11:12,23.1,17.9,61,949.2,545,949.3,0,23.1,15.2,1028,0,0,0,97,97,23.1,5.2,70.2,69.8
24/10/2024 11:13,23.1,17.9,60.9,949.2,545,949.3,0,23.1,15.2,1028,0,0,0,96,97,23.1,5.2,70.2,69.8
24/10/2024 11:13,23.1,17.9,61,949.2,544,949.3,0,23.1,15.2,1028,0,0,0,96,97,23.1,5.2,70.2,69.8
24/10/2024 11:14,23.1,17.9,61,949.2,544,949.3,0,23.1,15.2,1028,0,0,0,97,97,23.1,5.2,70.2,69.8
24/10/2024 11:14,23.1,17.9,61,949.2,545,949.3,0,23.1,15.2,1028,0,0,0,96,97,23.1,5.2,70.2,69.8
24/10/2024 11:15,23.1,17.9,61,949.2,545,949.3,0,23.1,15.2,1028,0,0,0,97,97,23.1,5.2,70.2,69.8
24/10/2024 11:15,23.1,17.9,61,949.2,544,949.3,0,23.1,15.2,1028,0,0,0,95,96,23.1,5.2,70.2,69.8
24/10/2024 11:16,23.1,17.9,61,949.4,544,949.4,0,23.1,15.2,1027,0,0,0,96,96,23.1,5.2,70.2,69.8
24/10/2024 11:16,23.1,17.9,61,949.4,544,949.4,0,23.1,15.2,1027,0,0,0,96,97,23.1,5.2,70.2,69.8
24/10/2024 11:17,23.1,17.9,61,949.4,544,949.4,0,23.1,15.2,1027,0,0,0,96,97,23.1,5.2,70.2,69.8
24/10/2024 11:17,23.1,17.9,61,949.5,543,949.5,0,23.1,15.2,1026,0,0,0,96,97,23.1,5.2,70.2,69.8
24/10/2024 11:18,23.1,17.9,61,949.4,543,949.4,0,23.1,15.2,1027,0,0,0,96,96,23.1,5.2,70.2,69.8
24/10/2024 11:18,23.1,17.9,61,949.2,544,949.3,0,23.1,15.2,1028,0,0,0,96,97,23.1,5.2,70.2,69.8
24/10/2024 11:19,23.1,17.9,61,949.5,542,949.5,0,23.1,15.2,1026,0,0,0,96,96,23.1,5.2,70.2,69.8
24/10/2024 11:19,23.1,17.9,61,949.5,542,949.6,0,23.1,15.2,1025,0,0,0,97,97,23.1,5.2,70.2,69.8
24/10/2024 11:20,23.1,17.9,61,949.5,542,949.6,0,23.1,15.2,1025,0,0,0,96,97,23.1,5.2,70.2,69.8
24/10/2024 11:20,23.1,17.9,61,949.5,542,949.5,0,23.1,15.2,1026,0,0,0,97,97,23.1,5.2,70.2,69.8
24/10/2024 11:21,23.1,17.9,61.1,949.5,542,949.6,0,23.1,15.2,1025,0,0,0,97,97,23.1,5.2,70.3,69.8
24/10/2024 11:21,23.1,17.9,60.9,949.7,542,949.7,0,23.1,15.2,1025,0,0,0,96,96,23.1,5.2,70.3,69.8
24/10/2024 11:22,23.1,17.9,61.1,949.5,542,949.6,0,23.1,15.2,1025,0,0,0,96,97,23.1,5.2,70.3,69.8
24/10/2024 11:22,23.1,17.9,61.1,949.7,540,949.7,0,23.1,15.2,1024,0,0,0,96,97,23.1,5.2,70.3,69.8
24/10/2024 11:23,23.1,17.9,61.1,949.7,540,949.7,0,23.1,15.2,1024,0,0,0,96,97,23.1,5.2,70.3,69.8
24/10/2024 11:23,23.1,17.9,61.1,949.7,542,949.7,0,23.1,15.2,1024,0,0,0,96,96,23.1,5.2,70.3,69.8
24/10/2024 11:24,23.1,17.9,61.1,949.7,540,949.7,0,23.1,15.2,1024,0,0,0,96,97,23.1,5.2,70.3,69.8
24/10/2024 11:24,23.1,17.9,61.1,949.7,540,949.7,0,23.1,15.2,1024,0,0,0,96,97,23.1,5.2,70.3,69.8
24/10/2024 11:25,23.1,17.9,61.1,949.7,540,949.8,0,23.1,15.2,1023,0,0,0,97,97,23.1,5.2,70.3,69.8
24/10/2024 11:25,23.1,17.9,61,949.7,542,949.6,0,23.1,15.2,1025,0,0,0,96,96,23.1,5.2,70.2,69.8
24/10/2024 11:26,23.1,17.9,61,949.7,540,949.7,0,23.1,15.2,1024,0,0,0,96,96,23.1,5.2,70.2,69.8
24/10/2024 11:26,23.1,17.9,61,949.7,540,949.8,0,23.1,15.2,1023,0,0,0,97,97,23.1,5.2,70.2,69.8
24/10/2024 11:27,23.1,17.9,61,949.7,540,949.8,0,23.1,15.2,1023,0,0,0,97,97,23.1,5.2,70.2,69.8
24/10/2024 11:27,23.1,17.9,61,949.7,540,949.8,0,23.1,15.2,1023,0,0,0,96,97,23.1,5.2,70.2,69.8
24/10/2024 11:28,23.1,17.9,61,949.9,540,949.9,0,23,15.2,1021,0,0,0,97,97,23,5.2,70.2,69.8
24/10/2024 11:28,23.1,17.9,61,949.7,540,949.8,0,23,15.2,1022,0,0,0,97,97,23,5.2,70.2,69.8
24/10/2024 11:29,23.1,17.9,61,949.7,540,949.8,0,23,15.2,1022,0,0,0,96,97,23,5.2,70.2,69.8
24/10/2024 11:29,23.1,17.9,61,949.9,540,949.9,0,23,15.2,1021,0,0,0,96,97,23,5.2,70.2,69.8
24/10/2024 11:30,23.1,17.9,61,949.7,540,949.8,0,23,15.2,1022,0,0,0,97,97,23,5.2,70.2,69.8
24/10/2024 11:30,23.1,17.9,61,949.7,540,949.8,0,23,15.2,1022,0,0,0,97,97,23,5.2,70.2,69.8
24/10/2024 11:31,23.1,17.8,61,949.7,540,949.9,0,23,15.1,1020,0,0,0,96,97,23,5.3,70.2,69.7
24/10/2024 11:31,23.1,17.8,61,949.9,540,949.9,0,23,15.1,1020,0,0,0,97,97,23,5.3,70.2,69.7
24/10/2024 11:32,23.1,17.8,61,949.7,540,949.8,0,23,15.1,1021,0,0,0,96,97,23,5.3,70.2,69.7
24/10/2024 11:32,23.1,17.8,61,949.9,539,949.9,0,23,15.1,1020,0,0,0,96,96,23,5.3,70.2,69.7
24/10/2024 11:33,23.1,17.8,61,949.9,540,949.9,0,23,15.1,1020,0,0,0,96,97,23,5.3,70.2,69.7
24/10/2024 11:33,23.1,17.8,61,949.7,540,949.8,0,23,15.1,1021,0,0,0,96,96,23,5.3,70.2,69.7
24/10/2024 11:34,23.1,17.8,61,949.9,539,949.9,0,23,15.1,1020,0,0,0,96,96,23,5.3,70.2,69.7
24/10/2024 11:34,23.1,17.8,61,950,539,950,0,23,15.1,1019,0,0,0,97,97,23,5.3,70.2,69.7
24/10/2024 11:35,23,17.8,61,950,538,950,0,23,15.1,1018,0,0,0,96,97,23,5.2,70.2,69.7
24/10/2024 11:35,23,17.8,61,950,538,950,0,23,15.1,1018,0,0,0,97,97,23,5.2,70.2,69.7
24/10/2024 11:36,23,17.8,61,950,538,950,0,23,15.1,1018,0,0,0,96,97,23,5.2,70.2,69.7
24/10/2024 11:36,23,17.8,61,950,539,950,0,23,15.1,1018,0,0,0,97,98,23,5.2,70.2,69.7
24/10/2024 11:37,23,17.8,61,950,537,950.1,0,23,15.1,1017,0,0,0,96,97,23,5.2,70.2,69.7
24/10/2024 11:37,23,17.8,61,950,538,950.1,0,23,15.1,1017,0,0,0,97,97,23,5.2,70.2,69.7
24/10/2024 11:38,23,17.8,61.1,949.9,539,949.9,0,23,15.1,1019,0,0,0,96,97,23,5.2,70.2,69.7
24/10/2024 11:38,23,17.8,61,950,538,950,0,23,15.1,1018,0,0,0,97,97,23,5.2,70.2,69.7
24/10/2024 11:39,23,17.8,60.9,950,538,950,0,23,15.1,1018,0,0,0,97,97,23,5.2,70.1,69.7
24/10/2024 11:39,23,17.8,60.9,950,538,950,0,23,15.1,1018,0,0,0,97,98,23,5.2,70.1,69.7
24/10/2024 11:40,23,17.8,60.9,950,538,950.1,0,23,15.1,1017,0,0,0,96,96,23,5.2,70.2,69.7
24/10/2024 11:40,23,17.8,60.9,950,538,950.1,0,23,15.1,1017,0,0,0,97,97,23,5.2,70.1,69.7
24/10/2024 11:41,23,17.8,60.9,950,537,950.1,0,23,15.1,1017,0,0,0,96,97,23,5.2,70.1,69.7
24/10/2024 11:41,23,17.8,60.9,950,538,950.1,0,23,15.1,1017,0,0,0,96,96,23,5.2,70.1,69.7
24/10/2024 11:42,23,17.8,61,950,538,950.1,0,23,15.1,1016,0,0,0,97,98,23,5.2,70.1,69.7
24/10/2024 11:42,23,17.8,60.9,950.2,537,950.2,0,23,15.1,1016,0,0,0,96,96,23,5.2,70.2,69.7
24/10/2024 11:43,23,17.8,60.9,950,538,950,0,23,15.1,1018,0,0,0,96,97,23,5.2,70.2,69.7
24/10/2024 11:43,23,17.8,61,950,538,950.1,0,23,15.1,1016,0,0,0,96,97,23,5.2,70.1,69.7
24/10/2024 11:44,23,17.8,60.9,950,537,950.1,0,23,15.1,1017,0,0,0,97,97,23,5.2,70.2,69.7
24/10/2024 11:44,23,17.8,61,950,537,950.1,0,23,15.1,1016,0,0,0,96,97,23,5.2,70.1,69.7
24/10/2024 11:45,23,17.8,61,950,537,950.1,0,23,15.1,1017,0,0,0,97,98,23,5.2,70.2,69.7
24/10/2024 11:45,23,17.8,61,950,537,950.1,0,23,15.1,1017,0,0,0,96,96,23,5.2,70.2,69.7
24/10/2024 11:46,23,17.8,61,950.2,537,950.2,0,23,15.1,1016,0,0,0,96,97,23,5.2,70.2,69.7
24/10/2024 11:46,23,17.8,61,950.2,537,950.2,0,23,15.1,1016,0,0,0,96,96,23,5.2,70.2,69.7
24/10/2024 11:47,23,17.8,61,950,538,950.1,0,23,15.1,1017,0,0,0,96,97,23,5.2,70.2,69.7
24/10/2024 11:47,23,17.8,61,950,538,950,0,23,15.1,1018,0,0,0,96,97,23,5.2,70.2,69.7
24/10/2024 11:48,23,17.8,61.1,950,538,950.1,0,23,15.1,1017,0,0,0,96,97,23,5.2,70.2,69.7
24/10/2024 11:48,23,17.8,61.1,950,537,950.1,0,23,15.1,1017,0,0,0,96,96,23,5.2,70.2,69.7
24/10/2024 11:49,23,17.8,61.1,950,538,950.1,0,23,15.1,1017,0,0,0,97,97,23,5.2,70.2,69.7
24/10/2024 11:49,23,17.8,61.2,950,538,950.1,0,23,15.2,1017,0,0,0,97,97,23,5.2,70.2,69.7
24/10/2024 11:50,23,17.8,61.1,950.2,537,950.1,0,23,15.1,1017,0,0,0,96,96,23,5.2,70.2,69.7
24/10/2024 11:50,23,17.8,61.1,950,538,950,0,23,15.2,1018,0,0,0,97,97,23,5.2,70.2,69.7
24/10/2024 11:51,23,17.8,61.2,950,539,950,0,23,15.2,1018,0,0,0,96,97,23,5.2,70.2,69.7
24/10/2024 11:51,23,17.8,61.2,950,538,950.1,0,23,15.2,1017,0,0,0,96,97,23,5.2,70.2,69.7
24/10/2024 11:52,23,17.8,61.3,950,537,950.1,0,23,15.2,1017,0,0,0,96,96,23,5.2,70.2,69.7
24/10/2024 11:52,23.1,17.9,61.1,950,538,950.1,0,23,15.2,1018,0,0,0,96,97,23,5.2,70.2,69.7
24/10/2024 11:53,23,17.8,61.2,950,538,950.1,0,23,15.2,1017,0,0,0,96,97,23,5.2,70.2,69.7
24/10/2024 11:53,23.1,17.9,61.1,950,537,950.1,0,23,15.2,1018,0,0,0,97,97,23,5.2,70.2,69.7
24/10/2024 11:54,23,17.8,61.2,950.2,537,950.2,0,23,15.2,1016,0,0,0,97,97,23,5.2,70.2,69.7
24/10/2024 11:54,23,17.8,61.3,950,537,950.1,0,23,15.2,1017,0,0,0,96,97,23,5.2,70.2,69.7
24/10/2024 11:55,23,17.8,61.2,950.2,536,950.2,0,23,15.2,1016,0,0,0,97,97,23,5.2,70.2,69.7
24/10/2024 11:55,23,17.8,61.2,950.2,537,950.2,0,23,15.2,1016,0,0,0,96,97,23,5.2,70.2,69.7
24/10/2024 11:56,23,17.8,61.2,950.2,536,950.2,0,23,15.2,1016,0,0,0,96,97,23,5.2,70.2,69.7
24/10/2024 11:56,23,17.8,61.1,950.2,536,950.2,0,23,15.2,1016,0,0,0,96,97,23,5.2,70.2,69.7
24/10/2024 11:57,23,17.8,61.2,950.2,536,950.2,0,23,15.2,1016,0,0,0,97,97,23,5.2,70.2,69.7
24/10/2024 11:57,23,17.8,61.2,950.2,536,950.2,0,23,15.2,1016,0,0,0,96,97,23,5.2,70.2,69.7
24/10/2024 11:58,23,17.8,61.1,950.2,536,950.2,0,23,15.2,1016,0,0,0,96,97,23,5.2,70.2,69.7
24/10/2024 11:58,23,17.8,61.1,950.2,536,950.3,0,23,15.2,1015,0,0,0,96,97,23,5.2,70.2,69.7
24/10/2024 11:59,23,17.8,61.1,950.2,536,950.3,0,23,15.2,1015,0,0,0,97,97,23,5.2,70.2,69.7
24/10/2024 11:59,23,17.8,61.2,950.2,536,950.2,0,23,15.2,1016,0,0,0,96,97,23,5.2,70.2,69.7
24/10/2024 12:00,23,17.8,61.1,950.2,535,950.3,0,23,15.1,1015,0,0,0,95,96,23,5.2,70.2,69.7
24/10/2024 12:00,23,17.8,61.2,950.2,535,950.3,0,23,15.1,1014,0,0,0,96,96,23,5.2,70.1,69.7
24/10/2024 12:01,23,17.8,61.2,950.2,536,950.3,0,23,15.1,1014,0,0,0,96,96,23,5.2,70.1,69.7
24/10/2024 12:01,23,17.8,61.2,950.2,536,950.3,0,23,15.1,1014,0,0,0,97,97,23,5.2,70.1,69.7
24/10/2024 12:02,23,17.8,61.2,950.2,536,950.3,0,23,15.1,1014,0,0,0,97,97,23,5.2,70.1,69.7
24/10/2024 12:02,23,17.8,61.2,950.4,535,950.4,0,23,15.1,1013,0,0,0,96,97,23,5.2,70.1,69.7
24/10/2024 12:03,23,17.8,61.2,950.4,535,950.4,0,23,15.1,1013,0,0,0,96,96,23,5.2,70.1,69.7
24/10/2024 12:03,23,17.8,61.1,950.2,535,950.3,0,23,15.1,1014,0,0,0,96,97,23,5.2,70.1,69.7
24/10/2024 12:04,23,17.8,61.1,950.2,535,950.3,0,23,15.1,1014,0,0,0,96,97,23,5.2,70.1,69.7
24/10/2024 12:04,23,17.8,61.1,950.2,535,950.3,0,23,15.1,1014,0,0,0,96,97,23,5.2,70.1,69.7
24/10/2024 12:05,23,17.8,61.1,950.2,535,950.3,0,23,15.1,1014,0,0,0,97,97,23,5.2,70.1,69.7
24/10/2024 12:05,23,17.8,61.1,950.2,535,950.3,0,23,15.1,1014,0,0,0,97,97,23,5.2,70.1,69.7
24/10/2024 12:06,23,17.8,61.1,950.2,535,950.3,0,23,15.1,1014,0,0,0,97,97,23,5.2,70.1,69.7
24/10/2024 12:06,23,17.8,61.1,950.4,535,950.4,0,23,15.1,1013,0,0,0,96,97,23,5.2,70.1,69.7
24/10/2024 12:07,23,17.8,61.1,950.4,535,950.4,0,23,15.1,1013,0,0,0,96,97,23,5.2,70.1,69.7
24/10/2024 12:07,23,17.8,61.1,950.2,535,950.3,0,23,15.1,1014,0,0,0,96,96,23,5.2,70.1,69.7
24/10/2024 12:08,23,17.8,61.1,950.2,535,950.3,0,23,15.1,1014,0,0,0,96,97,23,5.2,70.1,69.7
24/10/2024 12:08,23,17.8,61.1,950.4,535,950.4,0,23,15.1,1012,0,0,0,96,97,23,5.2,70.1,69.6
24/10/2024 12:09,23,17.8,61.1,950.4,535,950.4,0,23,15.1,1012,0,0,0,97,97,23,5.2,70.1,69.6
24/10/2024 12:09,23,17.8,61.1,950.2,535,950.3,0,23,15.1,1014,0,0,0,96,97,23,5.2,70.1,69.7
24/10/2024 12:10,23,17.8,61.1,950.2,535,950.4,0,23,15.1,1013,0,0,0,96,97,23,5.2,70.1,69.7
24/10/2024 12:10,23,17.8,61.1,950.4,535,950.4,0,23,15.1,1013,0,0,0,96,97,23,5.2,70.1,69.7
24/10/2024 12:11,23,17.8,61.1,950.4,535,950.4,0,23,15.1,1013,0,0,0,96,97,23,5.2,70.1,69.7
24/10/2024 12:11,23,17.8,61.1,950.2,535,950.3,0,23,15.1,1014,0,0,0,96,97,23,5.2,70.1,69.7
24/10/2024 12:12,23,17.8,61.1,950.5,535,950.5,0,23,15.1,1011,0,0,0,97,97,23,5.2,70.1,69.7
24/10/2024 12:12,23,17.8,61.1,950.5,533,950.6,0,23,15.1,1010,0,0,0,97,97,23,5.2,70.1,69.7
24/10/2024 12:13,23,17.8,61.1,950.4,535,950.4,0,23,15.1,1013,0,0,0,96,97,23,5.2,70.1,69.7
24/10/2024 12:13,23,17.8,61.1,950.4,535,950.4,0,23,15.1,1013,0,0,0,97,97,23,5.2,70.1,69.7
24/10/2024 12:14,23,17.8,61.2,950.5,535,950.5,0,23,15.1,1011,0,0,0,96,97,23,5.2,70.1,69.7
24/10/2024 12:14,23,17.8,61.2,950.5,534,950.5,0,23,15.1,1011,0,0,0,97,97,23,5.2,70.1,69.7
24/10/2024 12:15,23,17.8,61.2,950.5,534,950.6,0,23,15.1,1010,0,0,0,96,97,23,5.2,70.1,69.7
24/10/2024 12:15,23,17.8,61.2,950.5,535,950.5,0,23,15.1,1011,0,0,0,96,97,23,5.2,70.1,69.7
24/10/2024 12:16,23,17.8,61.2,950.4,535,950.4,0,23,15.1,1013,0,0,0,97,98,23,5.2,70.1,69.7
24/10/2024 12:16,23,17.8,61.2,950.5,535,950.5,0,23,15.1,1011,0,0,0,96,97,23,5.2,70.1,69.7
24/10/2024 12:17,23,17.8,61.2,950.5,535,950.5,0,23,15.1,1011,0,0,0,97,98,23,5.2,70.1,69.7
24/10/2024 12:17,23,17.8,61.2,950.5,534,950.6,0,23,15.1,1010,0,0,0,97,97,23,5.2,70.1,69.7
24/10/2024 12:18,23,17.8,61.2,950.5,534,950.6,0,23,15.1,1010,0,0,0,96,97,23,5.2,70.1,69.7
24/10/2024 12:18,23,17.8,61.2,950.5,534,950.6,0,23,15.1,1010,0,0,0,96,96,23,5.2,70.1,69.7
24/10/2024 12:19,23,17.8,61.2,950.5,534,950.6,0,23,15.1,1010,0,0,0,96,96,23,5.2,70.1,69.7
24/10/2024 12:19,23,17.8,61.2,950.5,534,950.6,0,23,15.1,1010,0,0,0,96,96,23,5.2,70.1,69.7
24/10/2024 12:20,23,17.8,61.2,950.5,533,950.6,0,23,15.1,1010,0,0,0,96,97,23,5.2,70.1,69.7
24/10/2024 12:20,23,17.8,61.2,950.5,534,950.5,0,23,15.1,1011,0,0,0,96,96,23,5.2,70.1,69.7
24/10/2024 12:21,23,17.8,61.1,950.5,534,950.6,0,23,15.1,1010,0,0,0,96,96,23,5.2,70.1,69.7
24/10/2024 12:21,23,17.8,61.1,950.7,533,950.7,0,23,15.1,1009,0,0,0,97,98,23,5.2,70.1,69.7
24/10/2024 12:22,23,17.8,61.1,950.5,534,950.6,0,23,15.1,1010,0,0,0,96,97,23,5.2,70.1,69.7
24/10/2024 12:22,23,17.8,61.1,950.5,533,950.6,0,23,15.1,1010,0,0,0,96,97,23,5.2,70.1,69.7
24/10/2024 12:23,23,17.8,61.1,950.5,534,950.6,0,23,15.1,1010,0,0,0,96,96,23,5.2,70.1,69.6
24/10/2024 12:23,23,17.8,61.1,950.5,534,950.6,0,23,15.1,1010,0,0,0,96,97,23,5.2,70.1,69.6
24/10/2024 12:24,23,17.8,61.1,950.5,534,950.6,0,23,15.1,1010,0,0,0,97,98,23,5.2,70.1,69.6
24/10/2024 12:24,23,17.8,61.2,950.5,533,950.6,0,22.9,15.1,1009,0,0,0,96,97,22.9,5.2,70.1,69.6
24/10/2024 12:25,23,17.8,61.1,950.5,533,950.6,0,22.9,15.1,1009,0,0,0,97,97,22.9,5.2,70.1,69.6
24/10/2024 12:25,23,17.8,61.1,950.7,532,950.8,0,22.9,15.1,1007,0,0,0,96,97,22.9,5.2,70.1,69.6
24/10/2024 12:26,23,17.8,61.1,950.7,532,950.7,0,22.9,15.1,1008,0,0,0,97,97,22.9,5.2,70.1,69.6
24/10/2024 12:26,23,17.8,61,950.7,532,950.7,0,22.9,15.1,1008,0,0,0,96,97,22.9,5.2,70.1,69.6
24/10/2024 12:27,23,17.8,61,950.7,532,950.7,0,22.9,15.1,1008,0,0,0,96,96,22.9,5.2,70.1,69.6
24/10/2024 12:27,23,17.8,61.1,950.7,532,950.7,0,22.9,15.1,1007,0,0,0,96,97,22.9,5.2,70,69.6
24/10/2024 12:28,23,17.8,61.1,950.7,533,950.7,0,22.9,15.1,1007,0,0,0,96,97,22.9,5.2,70,69.6
24/10/2024 12:28,23,17.8,61.1,950.7,532,950.7,0,22.9,15.1,1007,0,0,0,97,97,22.9,5.2,70,69.6
24/10/2024 12:29,23,17.8,61.1,950.7,532,950.7,0,22.9,15.1,1007,0,0,0,96,97,22.9,5.2,70,69.6
24/10/2024 12:29,23,17.8,61.1,950.7,532,950.7,0,22.9,15.1,1007,0,0,0,97,97,22.9,5.2,70,69.6
24/10/2024 12:30,23,17.8,61.1,950.7,532,950.7,0,22.9,15.1,1007,0,0,0,96,96,22.9,5.2,70,69.6
24/10/2024 12:30,23,17.8,61,950.7,532,950.8,0,22.9,15.1,1006,0,0,0,97,97,22.9,5.2,70,69.6
24/10/2024 12:31,23,17.7,61,950.7,532,950.7,0,22.9,15,1007,0,0,0,97,97,22.9,5.3,70,69.6
24/10/2024 12:31,22.9,17.7,61.1,950.7,533,950.7,0,22.9,15,1007,0,0,0,96,97,22.9,5.2,70,69.5
24/10/2024 12:32,23,17.7,61,950.7,532,950.8,0,22.9,15,1006,0,0,0,97,97,22.9,5.3,70,69.6
24/10/2024 12:32,22.9,17.7,61.1,950.7,532,950.7,0,22.9,15,1007,0,0,0,97,97,22.9,5.2,70,69.5
24/10/2024 12:33,22.9,17.7,61.1,950.7,532,950.7,0,22.9,15,1007,0,0,0,96,97,22.9,5.2,70,69.5
24/10/2024 12:33,22.9,17.7,61.1,950.7,532,950.8,0,22.9,15,1005,0,0,0,97,97,22.9,5.2,70,69.5
24/10/2024 12:34,22.9,17.7,61.1,950.7,531,950.8,0,22.9,15,1005,0,0,0,96,96,22.9,5.2,70,69.5
24/10/2024 12:34,22.9,17.7,61.1,950.7,532,950.8,0,22.9,15,1005,0,0,0,97,97,22.9,5.2,70,69.5
24/10/2024 12:35,22.9,17.7,61.1,950.7,532,950.8,0,22.9,15,1005,0,0,0,96,97,22.9,5.2,70,69.5
24/10/2024 12:35,23,17.7,61,950.7,531,950.8,0,22.9,15,1006,0,0,0,97,98,22.9,5.3,70,69.6
24/10/2024 12:36,22.9,17.7,61,950.7,532,950.7,0,22.9,15,1007,0,0,0,96,97,22.9,5.2,70,69.5
24/10/2024 12:36,22.9,17.7,61.1,950.7,532,950.7,0,22.9,15.1,1007,0,0,0,97,97,22.9,5.2,70,69.5
24/10/2024 12:37,22.9,17.7,61.1,950.7,532,950.8,0,22.9,15.1,1005,0,0,0,97,97,22.9,5.2,70,69.5
24/10/2024 12:37,22.9,17.7,61.1,950.7,532,950.7,0,22.9,15.1,1007,0,0,0,96,97,22.9,5.2,70,69.5
24/10/2024 12:38,22.9,17.7,61.1,950.7,532,950.8,0,22.9,15.1,1005,0,0,0,97,97,22.9,5.2,70,69.5
24/10/2024 12:38,22.9,17.7,61.2,950.7,532,950.8,0,22.9,15.1,1005,0,0,0,97,98,22.9,5.2,70,69.6
24/10/2024 12:39,23,17.8,61.1,950.7,531,950.8,0,22.9,15.1,1006,0,0,0,96,97,22.9,5.2,70,69.6
24/10/2024 12:39,23,17.8,61.1,950.7,532,950.8,0,22.9,15.1,1006,0,0,0,97,97,22.9,5.2,70,69.6
24/10/2024 12:40,22.9,17.7,61.2,950.7,532,950.8,0,22.9,15.1,1005,0,0,0,96,97,22.9,5.2,70,69.6
24/10/2024 12:40,23,17.8,61.1,950.9,531,950.9,0,22.9,15.1,1005,0,0,0,97,97,22.9,5.2,70,69.6
24/10/2024 12:41,23,17.8,61.1,950.7,532,950.8,0,22.9,15.1,1006,0,0,0,96,97,22.9,5.2,70,69.6
24/10/2024 12:41,23,17.8,61.1,950.9,531,950.9,0,22.9,15.1,1005,0,0,0,96,97,22.9,5.2,70,69.6
24/10/2024 12:42,23,17.8,61.2,950.7,532,950.8,0,22.9,15.1,1006,0,0,0,97,97,22.9,5.2,70,69.6
24/10/2024 12:42,23,17.8,61.2,950.7,532,950.7,0,22.9,15.1,1007,0,0,0,96,97,22.9,5.2,70,69.6
24/10/2024 12:43,23,17.8,61.2,950.7,532,950.7,0,22.9,15.1,1007,0,0,0,97,97,22.9,5.2,70,69.6
24/10/2024 12:43,22.9,17.7,61.2,950.7,532,950.8,0,22.9,15.1,1005,0,0,0,96,97,22.9,5.2,70,69.6
24/10/2024 12:44,23,17.8,61.2,950.7,531,950.8,0,22.9,15.1,1006,0,0,0,96,97,22.9,5.2,70,69.6
24/10/2024 12:44,23,17.8,61.2,950.7,532,950.7,0,22.9,15.1,1007,0,0,0,96,97,22.9,5.2,70,69.6
24/10/2024 12:45,22.9,17.7,61.2,950.7,532,950.8,0,22.9,15.1,1005,0,0,0,96,97,22.9,5.2,70,69.6
24/10/2024 12:45,22.9,17.7,61.2,950.7,532,950.7,0,22.9,15.1,1007,0,0,0,97,97,22.9,5.2,70,69.6
24/10/2024 12:46,22.9,17.7,61.2,950.7,533,950.7,0,22.9,15.1,1007,0,0,0,97,97,22.9,5.2,70,69.6
24/10/2024 12:46,22.9,17.7,61.2,950.5,533,950.6,0,22.9,15.1,1007,0,0,0,97,97,22.9,5.2,70,69.6
24/10/2024 12:47,22.9,17.7,61.2,950.5,534,950.6,0,22.9,15.1,1007,0,0,0,96,97,22.9,5.2,70,69.6
24/10/2024 12:47,22.9,17.7,61.2,950.5,533,950.6,0,22.9,15.1,1007,0,0,0,96,96,22.9,5.2,70,69.6
24/10/2024 12:48,22.9,17.7,61.2,950.5,533,950.6,0,22.9,15.1,1007,0,0,0,96,96,22.9,5.2,70,69.6
24/10/2024 12:48,22.9,17.7,61.2,950.5,534,950.6,0,22.9,15.1,1007,0,0,0,96,97,22.9,5.2,70,69.6
24/10/2024 12:49,22.9,17.7,61.2,950.7,533,950.7,0,22.9,15.1,1006,0,0,0,97,97,22.9,5.2,70,69.5
24/10/2024 12:49,22.9,17.7,61.1,950.7,533,950.7,0,22.9,15,1007,0,0,0,96,97,22.9,5.2,70,69.5
24/10/2024 12:50,22.9,17.7,61.2,950.7,533,950.7,0,22.9,15,1006,0,0,0,97,98,22.9,5.2,70,69.5
24/10/2024 12:50,22.9,17.7,61.2,950.7,533,950.7,0,22.9,15,1006,0,0,0,96,97,22.9,5.2,70,69.5
24/10/2024 12:51,22.9,17.7,61.2,950.7,532,950.7,0,22.9,15,1006,0,0,0,97,98,22.9,5.2,70,69.5
24/10/2024 12:51,22.9,17.7,61.1,950.7,532,950.7,0,22.9,15,1006,0,0,0,97,98,22.9,5.2,70,69.5
24/10/2024 12:52,22.9,17.7,61.1,950.7,533,950.7,0,22.9,15,1006,0,0,0,96,97,22.9,5.2,70,69.5
24/10/2024 12:52,22.9,17.7,61.1,950.7,532,950.8,0,22.9,15,1004,0,0,0,96,96,22.9,5.2,70,69.5
24/10/2024 12:53,22.9,17.7,61.1,950.7,533,950.7,0,22.9,15,1006,0,0,0,97,97,22.9,5.2,70,69.5
24/10/2024 12:53,22.9,17.7,61.1,950.7,532,950.8,0,22.9,15,1004,0,0,0,97,97,22.9,5.2,70,69.5
24/10/2024 12:54,22.9,17.7,61.1,950.7,532,950.7,0,22.9,15,1006,0,0,0,96,97,22.9,5.2,70,69.5
24/10/2024 12:54,22.9,17.7,61.1,950.7,532,950.7,0,22.9,15,1006,0,0,0,97,97,22.9,5.2,70,69.5
24/10/2024 12:55,22.9,17.7,61.2,950.7,532,950.8,0,22.8,15,1004,0,0,0,96,97,22.8,5.2,70,69.5
24/10/2024 12:55,22.9,17.7,61.2,950.7,532,950.8,0,22.8,15,1004,0,0,0,96,96,22.8,5.2,70,69.5
24/10/2024 12:56,22.9,17.7,61.2,950.7,531,950.8,0,22.8,15,1004,0,0,0,97,98,22.8,5.2,70,69.5
24/10/2024 12:56,22.9,17.7,61.2,950.7,531,950.8,0,22.8,15,1004,0,0,0,97,97,22.8,5.2,70,69.5
24/10/2024 12:57,22.9,17.7,61.2,950.7,531,950.8,0,22.8,15,1004,0,0,0,96,97,22.8,5.2,70,69.5
24/10/2024 12:57,22.9,17.7,61.2,950.7,532,950.7,0,22.8,15,1004,0,0,0,96,96,22.8,5.2,70,69.5
24/10/2024 12:58,22.9,17.7,61.2,950.7,531,950.8,0,22.8,15,1004,0,0,0,97,97,22.8,5.2,70,69.5
24/10/2024 12:58,22.9,17.7,61.2,950.7,531,950.8,0,22.8,15,1004,0,0,0,96,97,22.8,5.2,70,69.5
24/10/2024 12:59,22.9,17.7,61.2,950.7,531,950.8,0,22.8,15,1004,0,0,0,97,97,22.8,5.2,70,69.5
24/10/2024 12:59,22.9,17.7,61.2,950.7,532,950.8,0,22.8,15,1004,0,0,0,96,97,22.8,5.2,70,69.5
24/10/2024 13:00,22.9,17.7,61.2,950.7,532,950.8,0,22.8,15,1004,0,0,0,96,96,22.8,5.2,70,69.5
24/10/2024 13:00,22.9,17.7,61.2,950.7,533,950.7,0,22.8,15,1004,0,0,0,96,97,22.8,5.2,70,69.5
24/10/2024 13:01,22.9,17.7,61.2,950.7,532,950.8,0,22.8,15,1004,0,0,0,97,98,22.8,5.2,70,69.5
24/10/2024 13:01,22.9,17.7,61.2,950.7,531,950.8,0,22.8,15,1004,0,0,0,97,97,22.8,5.2,70,69.5
24/10/2024 13:02,22.9,17.7,61.2,950.7,533,950.7,0,22.8,15,1004,0,0,0,96,97,22.8,5.2,70,69.5
24/10/2024 13:02,22.9,17.7,61.2,950.7,532,950.7,0,22.8,15,1004,0,0,0,97,97,22.8,5.2,70,69.5
24/10/2024 13:03,22.9,17.7,61.3,950.7,532,950.8,0,22.8,15,1004,0,0,0,97,97,22.8,5.2,70,69.5
24/10/2024 13:03,22.9,17.7,61.3,950.7,532,950.7,0,22.8,15,1004,0,0,0,97,97,22.8,5.2,70,69.5
24/10/2024 13:04,22.9,17.7,61.1,950.7,533,950.6,0,22.9,15,1007,0,0,0,96,97,22.9,5.2,70,69.5
24/10/2024 13:04,22.9,17.7,61.2,950.7,532,950.8,0,22.9,15.1,1004,0,0,0,97,97,22.9,5.2,70,69.5
24/10/2024 13:05,22.9,17.7,61.2,950.7,532,950.7,0,22.9,15.1,1006,0,0,0,96,97,22.9,5.2,70,69.5
24/10/2024 13:05,22.9,17.7,61.2,950.7,533,950.7,0,22.9,15.1,1006,0,0,0,97,97,22.9,5.2,70,69.5
24/10/2024 13:06,22.9,17.7,61.2,950.5,533,950.6,0,22.9,15.1,1007,0,0,0,96,97,22.9,5.2,70,69.5
24/10/2024 13:06,22.9,17.7,61.2,950.5,534,950.6,0,22.9,15.1,1007,0,0,0,97,97,22.9,5.2,70,69.5
24/10/2024 13:07,22.9,17.7,61.2,950.7,533,950.7,0,22.9,15.1,1006,0,0,0,97,97,22.9,5.2,70,69.5
24/10/2024 13:07,22.9,17.7,61.2,950.5,534,950.6,0,22.9,15.1,1007,0,0,0,97,97,22.9,5.2,70,69.5
24/10/2024 13:08,22.9,17.7,61.2,950.5,534,950.6,0,22.9,15.1,1007,0,0,0,96,97,22.9,5.2,70,69.5
24/10/2024 13:08,22.9,17.7,61.2,950.5,534,950.5,0,22.9,15.1,1008,0,0,0,97,97,22.9,5.2,70,69.5
24/10/2024 13:09,22.9,17.7,61.2,950.5,534,950.6,0,22.9,15.1,1007,0,0,0,96,97,22.9,5.2,70,69.5
24/10/2024 13:09,22.9,17.7,61.2,950.5,534,950.6,0,22.9,15.1,1007,0,0,0,97,97,22.9,5.2,70,69.5
24/10/2024 13:10,22.9,17.7,61.2,950.5,534,950.6,0,22.9,15.1,1007,0,0,0,97,97,22.9,5.2,70,69.5
24/10/2024 13:10,22.9,17.7,61.2,950.7,533,950.6,0,22.9,15.1,1007,0,0,0,97,97,22.9,5.2,70,69.5
24/10/2024 13:11,22.9,17.7,61.2,950.5,533,950.6,0,22.9,15.1,1007,0,0,0,97,97,22.9,5.2,70,69.5
24/10/2024 13:11,22.9,17.7,61.2,950.5,534,950.6,0,22.9,15.1,1007,0,0,0,96,96,22.9,5.2,70,69.5
24/10/2024 13:12,22.9,17.7,61.2,950.5,534,950.6,0,22.9,15.1,1007,0,0,0,97,97,22.9,5.2,70,69.5
24/10/2024 13:12,22.9,17.7,61.2,950.5,534,950.6,0,22.9,15.1,1007,0,0,0,96,97,22.9,5.2,70,69.5
24/10/2024 13:13,22.9,17.7,61.2,950.5,534,950.5,0,22.9,15.1,1008,0,0,0,97,97,22.9,5.2,70,69.5
24/10/2024 13:13,22.9,17.7,61.2,950.5,534,950.5,0,22.9,15.1,1008,0,0,0,96,96,22.9,5.2,70,69.5
24/10/2024 13:14,22.9,17.7,61.2,950.5,534,950.5,0,22.9,15.1,1008,0,0,0,97,97,22.9,5.2,70,69.5
24/10/2024 13:14,22.9,17.7,61.2,950.5,534,950.5,0,22.9,15.1,1008,0,0,0,96,96,22.9,5.2,70,69.5
24/10/2024 13:15,22.9,17.7,61.2,950.5,534,950.5,0,22.9,15.1,1008,0,0,0,97,97,22.9,5.2,70,69.5
24/10/2024 13:15,22.9,17.7,61.3,950.5,535,950.5,0,22.8,15.1,1007,0,0,0,96,97,22.8,5.2,70,69.5
24/10/2024 13:16,22.9,17.7,61.3,950.4,535,950.4,0,22.8,15.1,1007,0,0,0,97,97,22.8,5.2,70,69.5
24/10/2024 13:16,22.9,17.7,61.3,950.5,535,950.5,0,22.8,15.1,1007,0,0,0,97,97,22.8,5.2,70,69.5
24/10/2024 13:17,22.9,17.7,61.3,950.5,534,950.6,0,22.8,15.1,1006,0,0,0,97,97,22.8,5.2,70,69.5
24/10/2024 13:17,22.9,17.7,61.2,950.4,535,950.4,0,22.8,15,1007,0,0,0,97,97,22.8,5.2,70,69.5
24/10/2024 13:18,22.9,17.7,61.2,950.5,535,950.5,0,22.8,15,1007,0,0,0,97,98,22.8,5.2,70,69.5
24/10/2024 13:18,22.9,17.7,61.2,950.4,535,950.4,0,22.8,15,1007,0,0,0,96,97,22.8,5.2,70,69.5
24/10/2024 13:19,22.9,17.7,61.2,950.5,535,950.5,0,22.8,15,1007,0,0,0,96,97,22.8,5.2,70,69.5
24/10/2024 13:19,22.9,17.7,61.2,950.4,535,950.4,0,22.8,15,1007,0,0,0,96,97,22.8,5.2,70,69.5
24/10/2024 13:20,22.9,17.7,61.2,950.2,536,950.3,0,22.8,15,1009,0,0,0,96,97,22.8,5.2,70,69.5
24/10/2024 13:20,22.9,17.7,61.2,950.4,535,950.4,0,22.8,15,1007,0,0,0,97,97,22.8,5.2,70,69.5
24/10/2024 13:21,22.9,17.7,61.2,950.4,535,950.4,0,22.8,15,1007,0,0,0,97,97,22.8,5.2,70,69.5
24/10/2024 13:21,22.9,17.7,61.2,950.2,536,950.3,0,22.8,15,1008,0,0,0,96,97,22.8,5.2,69.9,69.5
24/10/2024 13:22,22.9,17.7,61.2,950.2,535,950.3,0,22.8,15,1009,0,0,0,97,97,22.8,5.2,70,69.5
24/10/2024 13:22,22.9,17.7,61.2,950.2,535,950.3,0,22.8,15,1008,0,0,0,96,96,22.8,5.2,69.9,69.5
24/10/2024 13:23,22.9,17.7,61.2,950.2,535,950.3,0,22.8,15,1009,0,0,0,97,97,22.8,5.2,70,69.5
24/10/2024 13:23,22.9,17.7,61.2,950.2,535,950.3,0,22.8,15,1009,0,0,0,97,97,22.8,5.2,70,69.5
24/10/2024 13:24,22.9,17.7,61.2,950.2,535,950.4,0,22.8,15,1007,0,0,0,97,97,22.8,5.2,70,69.5
24/10/2024 13:24,22.9,17.7,61.2,950.2,536,950.3,0,22.8,15,1009,0,0,0,96,97,22.8,5.2,70,69.5
24/10/2024 13:25,22.9,17.7,61.2,950.4,535,950.4,0,22.8,15,1007,0,0,0,96,96,22.8,5.2,70,69.5
24/10/2024 13:25,22.9,17.7,61.3,950.2,536,950.3,0,22.8,15,1008,0,0,0,96,97,22.8,5.2,69.9,69.5
24/10/2024 13:26,22.9,17.7,61.2,950.2,535,950.3,0,22.8,15,1009,0,0,0,97,98,22.8,5.2,70,69.5
24/10/2024 13:26,22.9,17.7,61.2,950.2,535,950.3,0,22.8,15,1009,0,0,0,97,97,22.8,5.2,70,69.5
24/10/2024 13:27,22.9,17.7,61.2,950.2,536,950.2,0,22.8,15,1010,0,0,0,96,96,22.8,5.2,70,69.5
24/10/2024 13:27,22.9,17.7,61.3,950.2,535,950.3,0,22.8,15,1009,0,0,0,97,97,22.8,5.2,70,69.5
24/10/2024 13:28,22.9,17.7,61.3,950.4,535,950.4,0,22.8,15,1007,0,0,0,97,97,22.8,5.2,70,69.5
24/10/2024 13:28,22.9,17.7,61.3,950.2,535,950.4,0,22.8,15,1007,0,0,0,97,97,22.8,5.2,70,69.5
24/10/2024 13:29,22.9,17.7,61.3,950.4,535,950.4,0,22.8,15,1007,0,0,0,96,97,22.8,5.2,70,69.5
24/10/2024 13:29,22.9,17.7,61.3,950.4,535,950.4,0,22.8,15.1,1007,0,0,0,96,97,22.8,5.2,70,69.5
24/10/2024 13:30,22.9,17.7,61.2,950.4,535,950.4,0,22.9,15.1,1009,0,0,0,97,97,22.9,5.2,70,69.5
24/10/2024 13:30,22.9,17.7,61.3,950.4,535,950.4,0,22.8,15.1,1007,0,0,0,96,96,22.8,5.2,70,69.5
24/10/2024 13:31,22.9,17.7,61.2,950.5,535,950.5,0,22.9,15.1,1008,0,0,0,96,97,22.9,5.2,70,69.5
24/10/2024 13:31,22.9,17.7,61.2,950.5,535,950.5,0,22.9,15.1,1008,0,0,0,97,97,22.9,5.2,70,69.5
24/10/2024 13:32,22.9,17.7,61.3,950.5,535,950.5,0,22.9,15.1,1008,0,0,0,97,97,22.9,5.2,70,69.5
24/10/2024 13:32,22.9,17.7,61.3,950.4,535,950.4,0,22.9,15.1,1009,0,0,0,97,97,22.9,5.2,70,69.5
24/10/2024 13:33,22.9,17.7,61.3,950.4,535,950.4,0,22.9,15.1,1009,0,0,0,97,98,22.9,5.2,70,69.5
24/10/2024 13:33,22.9,17.7,61.3,950.4,535,950.4,0,22.9,15.1,1009,0,0,0,97,98,22.9,5.2,70,69.5
24/10/2024 13:34,22.9,17.7,61.3,950.2,535,950.3,0,22.9,15.1,1010,0,0,0,97,97,22.9,5.2,70,69.5
24/10/2024 13:34,22.9,17.7,61.3,950.2,535,950.3,0,22.9,15.1,1010,0,0,0,97,97,22.9,5.2,70,69.5
24/10/2024 13:35,22.9,17.7,61.3,950.2,535,950.3,0,22.9,15.1,1010,0,0,0,97,97,22.9,5.2,70,69.5
24/10/2024 13:35,22.9,17.7,61.3,950.4,535,950.4,0,22.9,15.1,1009,0,0,0,96,97,22.9,5.2,70,69.5
24/10/2024 13:36,22.9,17.7,61.3,950.4,535,950.4,0,22.9,15.1,1009,0,0,0,97,97,22.9,5.2,70,69.5
24/10/2024 13:36,22.9,17.7,61.3,950.2,535,950.4,0,22.9,15.1,1009,0,0,0,97,97,22.9,5.2,70,69.5
24/10/2024 13:37,22.9,17.7,61.3,950.4,535,950.4,0,22.9,15.1,1009,0,0,0,96,97,22.9,5.2,70,69.5
24/10/2024 13:37,22.9,17.7,61.3,950.4,535,950.4,0,22.9,15.1,1009,0,0,0,97,98,22.9,5.2,70,69.5
24/10/2024 13:38,22.9,17.7,61.3,950.2,535,950.3,0,22.9,15.1,1010,0,0,0,97,97,22.9,5.2,70,69.5
24/10/2024 13:38,22.9,17.7,61.3,950.5,535,950.5,0,22.9,15.1,1008,0,0,0,96,96,22.9,5.2,70,69.5
24/10/2024 13:39,22.9,17.7,61.3,950.5,534,950.5,0,22.9,15.1,1008,0,0,0,96,97,22.9,5.2,70,69.5
24/10/2024 13:39,22.9,17.7,61.3,950.4,535,950.4,0,22.9,15.1,1009,0,0,0,96,96,22.9,5.2,70,69.5
24/10/2024 13:40,22.9,17.7,61.3,950.5,534,950.6,0,22.9,15.1,1007,0,0,0,96,97,22.9,5.2,70,69.5
24/10/2024 13:40,22.9,17.7,61.3,950.5,535,950.5,0,22.9,15.1,1008,0,0,0,96,97,22.9,5.2,70,69.5
24/10/2024 13:41,22.9,17.7,61.3,950.4,535,950.4,0,22.9,15.1,1009,0,0,0,96,97,22.9,5.2,70,69.5
24/10/2024 13:41,22.9,17.7,61.3,950.4,535,950.4,0,22.9,15.1,1009,0,0,0,97,97,22.9,5.2,70,69.5
24/10/2024 13:42,22.9,17.7,61.3,950.4,535,950.4,0,22.9,15.1,1009,0,0,0,97,97,22.9,5.2,70,69.5
24/10/2024 13:42,22.9,17.7,61.4,950.5,535,950.5,0,22.8,15.1,1007,0,0,0,97,98,22.8,5.2,70,69.5
24/10/2024 13:43,22.9,17.7,61.3,950.5,535,950.5,0,22.8,15.1,1007,0,0,0,97,98,22.8,5.2,70,69.5
24/10/2024 13:43,22.9,17.7,61.3,950.5,535,950.5,0,22.8,15.1,1007,0,0,0,96,97,22.8,5.2,70,69.5
24/10/2024 13:44,22.9,17.7,61.3,950.4,535,950.4,0,22.8,15.1,1007,0,0,0,96,96,22.8,5.2,70,69.5
24/10/2024 13:44,22.9,17.7,61.3,950.5,535,950.5,0,22.8,15.1,1007,0,0,0,96,97,22.8,5.2,70,69.5
24/10/2024 13:45,22.9,17.7,61.3,950.4,535,950.4,0,22.8,15.1,1007,0,0,0,96,97,22.8,5.2,70,69.5
24/10/2024 13:45,22.9,17.7,61.3,950.4,535,950.4,0,22.8,15,1007,0,0,0,97,97,22.8,5.2,70,69.5
24/10/2024 13:46,22.9,17.7,61.3,950.4,535,950.4,0,22.8,15.1,1007,0,0,0,96,97,22.8,5.2,70,69.5
24/10/2024 13:46,22.9,17.7,61.3,950.4,535,950.4,0,22.8,15,1007,0,0,0,97,97,22.8,5.2,70,69.5
24/10/2024 13:47,22.9,17.7,61.2,950.2,535,950.3,0,22.8,15,1009,0,0,0,96,97,22.8,5.2,70,69.5
24/10/2024 13:47,22.9,17.7,61.3,950.4,535,950.4,0,22.8,15,1007,0,0,0,97,97,22.8,5.2,69.9,69.5
24/10/2024 13:48,22.9,17.7,61.2,950.4,535,950.4,0,22.8,15,1007,0,0,0,97,97,22.8,5.2,70,69.5
24/10/2024 13:48,22.9,17.7,61.2,950.4,535,950.4,0,22.8,15,1007,0,0,0,97,97,22.8,5.2,70,69.5
24/10/2024 13:49,22.9,17.7,61.2,950.4,535,950.4,0,22.8,15,1007,0,0,0,97,97,22.8,5.2,70,69.5
24/10/2024 13:49,22.9,17.7,61.2,950.4,535,950.4,0,22.8,15,1007,0,0,0,97,98,22.8,5.2,70,69.5
24/10/2024 13:50,22.9,17.7,61.2,950.2,535,950.3,0,22.8,15,1009,0,0,0,96,97,22.8,5.2,70,69.5
24/10/2024 13:50,22.9,17.7,61.2,950.4,535,950.4,0,22.8,15,1007,0,0,0,96,97,22.8,5.2,70,69.5
24/10/2024 13:51,22.9,17.7,61.3,950.4,535,950.4,0,22.8,15,1007,0,0,0,96,97,22.8,5.2,69.9,69.5
24/10/2024 13:51,22.9,17.7,61.3,950.2,536,950.3,0,22.8,15,1009,0,0,0,96,96,22.8,5.2,70,69.5
24/10/2024 13:52,22.9,17.7,61.3,950.2,535,950.3,0,22.8,15,1008,0,0,0,96,97,22.8,5.2,69.9,69.5
24/10/2024 13:52,22.9,17.7,61.2,950.2,535,950.3,0,22.8,15,1009,0,0,0,96,96,22.8,5.2,70,69.5
24/10/2024 13:53,22.9,17.7,61.2,950.4,535,950.4,0,22.8,15,1007,0,0,0,97,97,22.8,5.2,70,69.5
24/10/2024 13:53,22.9,17.7,61.3,950.4,535,950.4,0,22.8,15,1007,0,0,0,96,97,22.8,5.2,70,69.5
24/10/2024 13:54,22.9,17.7,61.3,950.2,536,950.3,0,22.8,15,1009,0,0,0,96,97,22.8,5.2,70,69.5
24/10/2024 13:54,22.9,17.7,61.3,950.2,536,950.2,0,22.8,15,1010,0,0,0,97,97,22.8,5.2,70,69.5
24/10/2024 13:55,22.9,17.7,61.3,950.2,537,950.2,0,22.8,15,1010,0,0,0,97,98,22.8,5.2,70,69.5
24/10/2024 13:55,22.9,17.7,61.3,950.2,537,950.2,0,22.8,15,1010,0,0,0,97,97,22.8,5.2,70,69.5
24/10/2024 13:56,22.9,17.7,61.3,950.2,537,950.2,0,22.8,15,1010,0,0,0,97,97,22.8,5.2,70,69.5
24/10/2024 13:56,22.9,17.7,61.3,950.2,536,950.2,0,22.8,15.1,1010,0,0,0,96,97,22.8,5.2,70,69.5
24/10/2024 13:57,22.9,17.7,61.3,950.2,537,950.2,0,22.8,15.1,1010,0,0,0,97,97,22.8,5.2,70,69.5
24/10/2024 13:57,22.9,17.7,61.2,950.2,536,950.3,0,22.9,15.1,1010,0,0,0,97,97,22.9,5.2,70,69.5
24/10/2024 13:58,22.9,17.7,61.2,950.2,536,950.3,0,22.9,15.1,1010,0,0,0,97,97,22.9,5.2,70,69.5
24/10/2024 13:58,22.9,17.7,61.2,950.2,536,950.2,0,22.9,15.1,1011,0,0,0,97,97,22.9,5.2,70,69.5
24/10/2024 13:59,22.9,17.7,61.3,950.2,537,950.2,0,22.9,15.1,1011,0,0,0,97,97,22.9,5.2,70,69.5
24/10/2024 13:59,22.9,17.7,61.3,950.2,536,950.2,0,22.9,15.1,1011,0,0,0,97,97,22.9,5.2,70,69.5
24/10/2024 14:00,22.9,17.7,61.3,950.2,536,950.3,0,22.9,15.1,1010,0,0,0,97,98,22.9,5.2,70,69.5
24/10/2024 14:00,22.9,17.7,61.3,950.2,536,950.2,0,22.9,15.1,1011,0,0,0,96,97,22.9,5.2,70,69.5
24/10/2024 14:01,22.9,17.7,61.3,950.2,536,950.3,0,22.9,15.1,1010,0,0,0,97,97,22.9,5.2,70,69.5
24/10/2024 14:01,22.9,17.7,61.3,950.2,536,950.3,0,22.9,15.1,1010,0,0,0,96,97,22.9,5.2,70,69.5
24/10/2024 14:02,22.9,17.7,61.4,950.2,536,950.2,0,22.9,15.1,1011,0,0,0,96,97,22.9,5.2,70,69.5
24/10/2024 14:02,22.9,17.7,61.3,950.2,536,950.2,0,22.9,15.1,1011,0,0,0,97,97,22.9,5.2,70,69.5
24/10/2024 14:03,22.9,17.7,61.3,950.2,536,950.3,0,22.9,15.1,1010,0,0,0,96,96,22.9,5.2,70,69.5
24/10/2024 14:03,22.9,17.7,61.4,950.2,535,950.3,0,22.9,15.1,1010,0,0,0,97,98,22.9,5.2,70,69.5
24/10/2024 14:04,22.9,17.7,61.3,950.4,535,950.4,0,22.9,15.1,1009,0,0,0,97,97,22.9,5.2,70,69.5
24/10/2024 14:04,22.9,17.7,61.3,950.4,535,950.4,0,22.9,15.1,1009,0,0,0,97,98,22.9,5.2,70,69.5
24/10/2024 14:05,22.9,17.7,61.3,950.5,534,950.5,0,22.9,15.1,1008,0,0,0,97,97,22.9,5.2,70,69.5
24/10/2024 14:05,22.9,17.7,61.3,950.5,533,950.6,0,22.9,15.1,1007,0,0,0,96,97,22.9,5.2,70,69.5
24/10/2024 14:06,22.9,17.7,61.3,950.7,532,950.8,0,22.9,15.1,1004,0,0,0,96,97,22.9,5.2,70,69.5
24/10/2024 14:06,22.9,17.7,61.3,950.7,531,950.8,0,22.9,15.1,1004,0,0,0,97,97,22.9,5.2,70,69.5
24/10/2024 14:07,22.9,17.7,61.3,951,530,951.1,0,22.9,15.1,1001,0,0,0,96,97,22.9,5.2,70,69.5
24/10/2024 14:07,22.9,17.7,61.4,951.2,528,951.1,0,22.8,15.1,1000,0,0,0,96,97,22.8,5.2,70,69.5
24/10/2024 14:08,22.9,17.7,61.4,951,528,951.1,0,22.8,15.1,1000,0,0,0,97,97,22.8,5.2,70,69.5
24/10/2024 14:08,22.9,17.7,61.4,951,528,951.1,0,22.8,15.1,1000,0,0,0,96,97,22.8,5.2,70,69.5
24/10/2024 14:09,22.9,17.7,61.3,951,528,951.1,0,22.8,15.1,1000,0,0,0,96,97,22.8,5.2,70,69.5
24/10/2024 14:09,22.9,17.7,61.3,951,530,951.1,0,22.8,15.1,1000,0,0,0,97,97,22.8,5.2,70,69.5
24/10/2024 14:10,22.9,17.7,61.3,951.2,528,951.1,0,22.8,15.1,1000,0,0,0,97,97,22.8,5.2,70,69.5
24/10/2024 14:10,22.9,17.7,61.3,951,530,951.1,0,22.8,15,1000,0,0,0,96,97,22.8,5.2,70,69.5
24/10/2024 14:11,22.9,17.7,61.3,951,528,951.1,0,22.8,15,1000,0,0,0,96,97,22.8,5.2,70,69.5
24/10/2024 14:11,22.9,17.7,61.3,951,530,951.1,0,22.8,15,1000,0,0,0,96,97,22.8,5.2,70,69.5
24/10/2024 14:12,22.9,17.7,61.3,951,530,951.1,0,22.8,15,1000,0,0,0,97,97,22.8,5.2,70,69.5
24/10/2024 14:12,22.9,17.7,61.3,951,528,951.1,0,22.8,15,1000,0,0,0,97,97,22.8,5.2,70,69.5
24/10/2024 14:13,22.9,17.7,61.2,950.7,531,950.8,0,22.8,15,1004,0,0,0,97,97,22.8,5.2,70,69.5
24/10/2024 14:13,22.9,17.7,61.3,950.9,530,950.9,0,22.8,15,1002,0,0,0,97,98,22.8,5.2,70,69.5
24/10/2024 14:14,22.9,17.7,61.3,950.7,531,950.8,0,22.8,15,1004,0,0,0,96,96,22.8,5.2,70,69.5
24/10/2024 14:14,22.9,17.7,61.3,950.7,531,950.8,0,22.8,15,1003,0,0,0,97,97,22.8,5.2,69.9,69.5
24/10/2024 14:15,22.9,17.7,61.3,950.7,531,950.8,0,22.8,15,1003,0,0,0,97,97,22.8,5.2,69.9,69.5
24/10/2024 14:15,22.9,17.7,61.2,951,530,951,0,22.8,15,1001,0,0,0,96,97,22.8,5.2,70,69.5
24/10/2024 14:16,22.9,17.7,61.3,951,530,951,0,22.8,15,1001,0,0,0,96,97,22.8,5.2,70,69.5
24/10/2024 14:16,22.9,17.7,61.2,951,530,951.1,0,22.8,15,1000,0,0,0,96,97,22.8,5.2,70,69.5
24/10/2024 14:17,22.9,17.7,61.3,951.2,528,951.1,0,22.8,15,1000,0,0,0,96,96,22.8,5.2,70,69.5
24/10/2024 14:17,22.9,17.7,61.3,951.2,528,951.1,0,22.8,15,1000,0,0,0,96,96,22.8,5.2,69.9,69.5
24/10/2024 14:18,22.9,17.7,61.2,951.2,528,951.2,0,22.8,15,999,0,0,0,96,96,22.8,5.2,70,69.5
24/10/2024 14:18,22.9,17.7,61.3,951.2,528,951.2,0,22.8,15,999,0,0,0,96,97,22.8,5.2,70,69.5
24/10/2024 14:19,22.9,17.7,61.3,951,530,951.1,0,22.8,15,1000,0,0,0,96,97,22.8,5.2,70,69.5
24/10/2024 14:19,22.9,17.7,61.3,951.2,528,951.2,0,22.8,15,999,0,0,0,96,97,22.8,5.2,70,69.5
24/10/2024 14:20,22.9,17.7,61.3,951.2,528,951.2,0,22.8,15.1,999,0,0,0,96,97,22.8,5.2,70,69.5
24/10/2024 14:20,22.9,17.7,61.3,951,528,951.1,0,22.8,15.1,1000,0,0,0,96,96,22.8,5.2,70,69.5
24/10/2024 14:21,22.9,17.7,61.3,951.2,528,951.2,0,22.8,15.1,999,0,0,0,97,97,22.8,5.2,70,69.5
24/10/2024 14:21,22.9,17.7,61.4,951.2,528,951.2,0,22.8,15.1,999,0,0,0,97,97,22.8,5.2,70,69.5
24/10/2024 14:22,22.9,17.7,61.4,951.2,528,951.2,0,22.8,15.1,999,0,0,0,97,97,22.8,5.2,70,69.5
24/10/2024 14:22,22.9,17.7,61.4,951.2,528,951.2,0,22.8,15.1,999,0,0,0,96,97,22.8,5.2,70,69.5
24/10/2024 14:23,22.9,17.7,61.2,951.2,528,951.3,0,22.9,15.1,1000,0,0,0,96,97,22.9,5.2,70,69.5
24/10/2024 14:23,22.9,17.7,61.3,951.2,528,951.2,0,22.9,15.1,1000,0,0,0,97,97,22.9,5.2,70,69.5
24/10/2024 14:24,22.9,17.7,61.4,951,528,951.1,0,22.9,15.1,1001,0,0,0,96,96,22.9,5.2,70,69.5
24/10/2024 14:24,22.9,17.7,61.4,951.2,528,951.2,0,22.9,15.1,1000,0,0,0,96,96,22.9,5.2,70,69.5
24/10/2024 14:25,22.9,17.7,61.4,951.2,528,951.2,0,22.9,15.1,1000,0,0,0,97,97,22.9,5.2,70,69.5
24/10/2024 14:25,22.9,17.7,61.3,951.2,526,951.3,0,22.9,15.1,1000,0,0,0,96,96,22.9,5.2,70,69.6
24/10/2024 14:26,22.9,17.7,61.4,951.2,526,951.3,0,22.9,15.1,1000,0,0,0,96,97,22.9,5.2,70,69.6
24/10/2024 14:26,22.9,17.7,61.4,951.2,528,951.2,0,22.9,15.1,1001,0,0,0,96,96,22.9,5.2,70,69.6
24/10/2024 14:27,22.9,17.7,61.4,951.2,528,951.3,0,22.9,15.1,1000,0,0,0,96,97,22.9,5.2,70,69.6
24/10/2024 14:27,22.9,17.7,61.4,951.2,528,951.2,0,22.9,15.1,1001,0,0,0,96,96,22.9,5.2,70,69.6
24/10/2024 14:28,22.9,17.7,61.4,951.2,528,951.2,0,22.9,15.1,1001,0,0,0,96,97,22.9,5.2,70,69.6
24/10/2024 14:28,22.9,17.7,61.5,951.2,528,951.2,0,22.9,15.1,1001,0,0,0,96,97,22.9,5.2,70,69.6
24/10/2024 14:29,23,17.8,61.4,951.2,528,951.3,0,22.9,15.1,1000,0,0,0,97,97,22.9,5.2,70.1,69.6
24/10/2024 14:29,23,17.8,61.4,951.2,528,951.2,0,22.9,15.1,1002,0,0,0,96,97,22.9,5.2,70.1,69.6
24/10/2024 14:30,23,17.8,61.4,951.2,528,951.2,0,22.9,15.1,1002,0,0,0,97,97,22.9,5.2,70.1,69.6
24/10/2024 14:30,23,17.8,61.5,951.2,526,951.3,0,22.9,15.1,1000,0,0,0,96,97,22.9,5.2,70.1,69.6
24/10/2024 14:31,23,17.8,61.5,951.4,526,951.4,0,22.9,15.1,1000,0,0,0,97,97,22.9,5.2,70.1,69.6
24/10/2024 14:31,23,17.8,61.5,951.2,528,951.3,0,22.9,15.1,1000,0,0,0,97,97,22.9,5.2,70.1,69.6
24/10/2024 14:32,23,17.8,61.5,951.4,526,951.4,0,23,15.2,1000,0,0,0,96,97,22.9,5.2,70.1,69.6
24/10/2024 14:32,23,17.8,61.5,951.2,528,951.2,0,23,15.2,1003,0,0,0,97,97,22.9,5.2,70.1,69.6
24/10/2024 14:33,23,17.8,61.5,951.2,528,951.3,0,23,15.2,1002,0,0,0,96,97,22.9,5.2,70.1,69.6
24/10/2024 14:33,23,17.8,61.5,951.2,528,951.3,0,23,15.2,1002,0,0,0,96,97,22.9,5.2,70.1,69.6
24/10/2024 14:34,23,17.8,61.5,951.2,526,951.3,0,22.9,15.2,1000,0,0,0,97,98,22.9,5.2,70.1,69.6
24/10/2024 14:34,23,17.8,61.5,951.2,526,951.3,0,22.9,15.2,1000,0,0,0,96,97,22.9,5.2,70.1,69.6
24/10/2024 14:35,23,17.8,61.5,951.4,526,951.4,0,22.9,15.1,1000,0,0,0,97,97,22.9,5.2,70.1,69.6
24/10/2024 14:35,23,17.8,61.5,951.2,526,951.3,0,22.9,15.1,1000,0,0,0,97,97,22.9,5.2,70.1,69.6
24/10/2024 14:36,23,17.8,61.5,951.2,528,951.3,0,22.9,15.1,1000,0,0,0,96,97,22.9,5.2,70.1,69.6
24/10/2024 14:36,23,17.8,61.5,951.2,528,951.3,0,22.9,15.1,1000,0,0,0,96,97,22.9,5.2,70.1,69.6
24/10/2024 14:37,23,17.8,61.4,951.2,528,951.3,0,22.9,15.1,1000,0,0,0,96,97,22.9,5.2,70.1,69.6
24/10/2024 14:37,23,17.8,61.4,951.4,526,951.4,0,22.9,15.1,1000,0,0,0,97,97,22.9,5.2,70.1,69.6
24/10/2024 14:38,23,17.8,61.4,951.4,526,951.4,0,22.9,15.1,1000,0,0,0,96,97,22.9,5.2,70.1,69.6
24/10/2024 14:38,22.9,17.7,61.4,951.2,528,951.2,0,22.9,15.1,1001,0,0,0,96,97,22.9,5.2,70,69.6
24/10/2024 14:39,22.9,17.7,61.4,951.2,528,951.2,0,22.9,15.1,1001,0,0,0,96,97,22.9,5.2,70,69.6
24/10/2024 14:39,22.9,17.7,61.4,951.2,528,951.2,0,22.9,15.1,1001,0,0,0,97,97,22.9,5.2,70,69.6
24/10/2024 14:40,22.9,17.7,61.4,951.2,528,951.2,0,22.9,15.1,1001,0,0,0,96,97,22.9,5.2,70,69.6
24/10/2024 14:40,22.9,17.7,61.4,951.2,528,951.2,0,22.9,15.1,1001,0,0,0,96,97,22.9,5.2,70,69.6
24/10/2024 14:41,22.9,17.7,61.3,951.2,528,951.3,0,22.9,15.1,1000,0,0,0,96,97,22.9,5.2,70,69.6
24/10/2024 14:41,22.9,17.7,61.3,951.2,528,951.3,0,22.9,15.1,1000,0,0,0,96,97,22.9,5.2,70,69.6
24/10/2024 14:42,22.9,17.7,61.3,951.2,528,951.2,0,22.9,15.1,1001,0,0,0,97,97,22.9,5.2,70,69.6
24/10/2024 14:42,22.9,17.7,61.3,951.2,528,951.2,0,22.9,15.1,1001,0,0,0,96,97,22.9,5.2,70,69.6
24/10/2024 14:43,22.9,17.7,61.3,951.2,528,951.2,0,22.9,15.1,1001,0,0,0,96,97,22.9,5.2,70,69.6
24/10/2024 14:43,22.9,17.7,61.3,951.2,528,951.2,0,22.9,15.1,1001,0,0,0,97,97,22.9,5.2,70,69.6
24/10/2024 14:44,22.9,17.7,61.2,951.2,528,951.2,0,22.9,15.1,1001,0,0,0,96,96,22.9,5.2,70,69.6
24/10/2024 14:44,22.9,17.7,61.3,951.2,528,951.2,0,22.9,15.1,1000,0,0,0,97,97,22.9,5.2,70,69.5
24/10/2024 14:45,22.9,17.7,61.3,951,530,951.1,0,22.9,15.1,1001,0,0,0,97,97,22.9,5.2,70,69.5
24/10/2024 14:45,22.9,17.7,61.3,951.2,528,951.2,0,22.9,15.1,1000,0,0,0,97,97,22.9,5.2,70,69.5
24/10/2024 14:46,22.9,17.7,61.3,951.2,528,951.1,0,22.9,15.1,1001,0,0,0,97,97,22.9,5.2,70,69.5
24/10/2024 14:46,22.9,17.7,61.3,951,528,951.1,0,22.9,15.1,1001,0,0,0,96,96,22.9,5.2,70,69.5
24/10/2024 14:47,22.9,17.7,61.3,951.2,528,951.2,0,22.9,15.1,1000,0,0,0,97,97,22.9,5.2,70,69.5
24/10/2024 14:47,22.9,17.7,61.3,951.2,528,951.2,0,22.9,15.1,1000,0,0,0,97,97,22.9,5.2,70,69.5
24/10/2024 14:48,22.9,17.7,61.3,951.2,528,951.2,0,22.9,15.1,1000,0,0,0,96,97,22.9,5.2,70,69.5
24/10/2024 14:48,22.9,17.7,61.3,951.2,528,951.2,0,22.9,15.1,1000,0,0,0,97,97,22.9,5.2,70,69.5
24/10/2024 14:49,22.9,17.7,61.3,951.2,528,951.2,0,22.9,15.1,1000,0,0,0,96,96,22.9,5.2,70,69.5
24/10/2024 14:49,22.9,17.7,61.3,951.2,528,951.2,0,22.9,15.1,1000,0,0,0,96,97,22.9,5.2,70,69.5
24/10/2024 14:50,22.9,17.7,61.3,951.2,528,951.3,0,22.9,15.1,1000,0,0,0,96,97,22.9,5.2,70,69.5
24/10/2024 14:50,22.9,17.7,61.3,951.2,528,951.2,0,22.9,15.1,1000,0,0,0,97,97,22.9,5.2,70,69.5
24/10/2024 14:51,22.9,17.7,61.3,951.2,528,951.1,0,22.9,15.1,1001,0,0,0,97,97,22.9,5.2,70,69.5
24/10/2024 14:51,22.9,17.7,61.3,951.2,528,951.1,0,22.9,15.1,1001,0,0,0,96,96,22.9,5.2,70,69.5
24/10/2024 14:52,22.9,17.7,61.3,951.2,528,951.2,0,22.9,15.1,1000,0,0,0,96,96,22.9,5.2,70,69.5
24/10/2024 14:52,22.9,17.7,61.3,951.2,528,951.2,0,22.9,15.1,1000,0,0,0,95,96,22.9,5.2,70,69.5
24/10/2024 14:53,22.9,17.7,61.3,951.2,528,951.2,0,22.9,15.1,1000,0,0,0,97,97,22.9,5.2,70,69.5
24/10/2024 14:53,22.9,17.7,61.3,951.2,528,951.2,0,22.9,15.1,1001,0,0,0,96,97,22.9,5.2,70,69.6
24/10/2024 14:54,22.9,17.7,61.3,951.2,528,951.3,0,22.9,15.1,1000,0,0,0,96,97,22.9,5.2,70,69.5
24/10/2024 14:54,22.9,17.7,61.3,951.2,528,951.2,0,22.9,15.1,1000,0,0,0,97,97,22.9,5.2,70,69.5
24/10/2024 14:55,22.9,17.7,61.3,951.2,528,951.2,0,22.9,15.1,1000,0,0,0,96,97,22.9,5.2,70,69.5
24/10/2024 14:55,22.9,17.7,61.3,951,530,951.1,0,22.9,15.1,1002,0,0,0,96,97,22.9,5.2,70,69.6
24/10/2024 14:56,22.9,17.7,61.3,951,530,951,0,22.9,15.1,1004,0,0,0,96,97,22.9,5.2,70,69.6
24/10/2024 14:56,22.9,17.7,61.3,951,530,951.1,0,22.9,15.1,1002,0,0,0,96,96,22.9,5.2,70,69.6
24/10/2024 14:57,22.9,17.7,61.3,951,530,951,0,22.9,15.1,1004,0,0,0,96,97,22.9,5.2,70,69.6
24/10/2024 14:57,22.9,17.7,61.4,951,530,951,0,22.9,15.1,1003,0,0,0,96,97,22.9,5.2,70,69.5
24/10/2024 14:58,22.9,17.7,61.3,951,530,951,0,22.9,15.1,1004,0,0,0,97,97,22.9,5.2,70,69.6
24/10/2024 14:58,22.9,17.7,61.3,951,530,951,0,22.9,15.1,1004,0,0,0,96,97,22.9,5.2,70,69.6
24/10/2024 14:59,22.9,17.7,61.3,951,530,951,0,22.9,15.1,1004,0,0,0,96,97,22.9,5.2,70,69.6
24/10/2024 14:59,22.9,17.7,61.3,951,530,951.1,0,22.9,15.1,1002,0,0,0,97,97,22.9,5.2,70,69.6
24/10/2024 15:00,22.9,17.7,61.3,951,530,951,0,22.9,15.1,1004,0,0,0,97,97,22.9,5.2,70,69.6
24/10/2024 15:00,22.9,17.7,61.3,951,530,951,0,22.9,15.1,1004,0,0,0,96,97,22.9,5.2,70,69.6
24/10/2024 15:01,22.9,17.7,61.3,951,530,951,0,22.9,15.1,1004,0,0,0,96,97,22.9,5.2,70,69.6
24/10/2024 15:01,22.9,17.7,61.4,950.9,530,950.9,0,22.9,15.1,1004,0,0,0,97,97,22.9,5.2,70,69.5
24/10/2024 15:02,22.9,17.7,61.3,950.9,531,950.9,0,22.9,15.1,1004,0,0,0,96,97,22.9,5.2,70,69.6
24/10/2024 15:02,22.9,17.7,61.3,950.9,531,950.9,0,22.9,15.1,1004,0,0,0,97,98,22.9,5.2,70,69.5
24/10/2024 15:03,22.9,17.7,61.3,950.7,531,950.8,0,22.9,15.1,1004,0,0,0,97,97,22.9,5.2,70,69.5
24/10/2024 15:03,22.9,17.7,61.3,950.9,531,950.9,0,22.9,15.1,1004,0,0,0,96,97,22.9,5.2,70,69.5
24/10/2024 15:04,22.9,17.7,61.3,950.9,530,950.9,0,22.9,15.1,1004,0,0,0,97,98,22.9,5.2,70,69.5
24/10/2024 15:04,22.9,17.7,61.3,951,530,951,0,22.9,15.1,1003,0,0,0,96,97,22.9,5.2,70,69.5
24/10/2024 15:05,22.9,17.7,61.3,950.9,531,950.9,0,22.9,15.1,1004,0,0,0,97,97,22.9,5.2,70,69.5
24/10/2024 15:05,22.9,17.7,61.3,950.7,531,950.8,0,22.9,15.1,1004,0,0,0,97,97,22.9,5.2,70,69.5
24/10/2024 15:06,22.9,17.7,61.3,950.7,531,950.8,0,22.8,15.1,1004,0,0,0,96,97,22.8,5.2,70,69.5
24/10/2024 15:06,22.9,17.7,61.3,950.9,531,950.9,0,22.8,15.1,1002,0,0,0,96,97,22.8,5.2,70,69.5
24/10/2024 15:07,22.9,17.7,61.3,950.7,532,950.8,0,22.8,15.1,1004,0,0,0,97,98,22.8,5.2,70,69.5
24/10/2024 15:07,22.9,17.7,61.3,950.7,532,950.8,0,22.8,15.1,1004,0,0,0,96,97,22.8,5.2,70,69.5
24/10/2024 15:08,22.9,17.7,61.3,950.7,532,950.7,0,22.8,15,1004,0,0,0,96,97,22.8,5.2,70,69.5
24/10/2024 15:08,22.9,17.7,61.3,950.7,532,950.8,0,22.8,15,1004,0,0,0,97,97,22.8,5.2,70,69.5
24/10/2024 15:09,22.9,17.7,61.2,950.7,532,950.7,0,22.8,15,1004,0,0,0,96,97,22.8,5.2,70,69.5
24/10/2024 15:09,22.9,17.7,61.2,950.5,533,950.6,0,22.8,15,1006,0,0,0,96,97,22.8,5.2,70,69.5
24/10/2024 15:10,22.9,17.7,61.3,950.7,533,950.7,0,22.8,15,1004,0,0,0,96,96,22.8,5.2,69.9,69.5
24/10/2024 15:10,22.9,17.7,61.3,950.5,533,950.6,0,22.8,15,1005,0,0,0,96,97,22.8,5.2,69.9,69.5
24/10/2024 15:11,22.9,17.7,61.2,950.7,533,950.6,0,22.8,15,1005,0,0,0,96,97,22.8,5.2,69.9,69.5
24/10/2024 15:11,22.9,17.7,61.2,950.7,533,950.7,0,22.8,15,1004,0,0,0,97,98,22.8,5.2,69.9,69.5
24/10/2024 15:12,22.9,17.7,61.2,950.5,534,950.6,0,22.8,15,1005,0,0,0,96,96,22.8,5.2,69.9,69.5
24/10/2024 15:12,22.9,17.7,61.2,950.5,533,950.6,0,22.8,15,1005,0,0,0,97,98,22.8,5.2,69.9,69.5
24/10/2024 15:13,22.9,17.7,61.2,950.5,533,950.6,0,22.8,15,1005,0,0,0,97,97,22.8,5.2,69.9,69.5
24/10/2024 15:13,22.9,17.7,61.1,950.5,535,950.5,0,22.8,15,1006,0,0,0,97,97,22.8,5.2,69.9,69.5
24/10/2024 15:14,22.9,17.7,61.2,950.4,535,950.4,0,22.8,15,1006,0,0,0,96,97,22.8,5.1,69.9,69.4
24/10/2024 15:14,22.9,17.7,61.1,950.5,534,950.5,0,22.8,15,1006,0,0,0,97,97,22.8,5.2,69.9,69.5
24/10/2024 15:15,22.9,17.7,61.2,950.4,535,950.4,0,22.8,15,1006,0,0,0,96,97,22.8,5.1,69.9,69.4
24/10/2024 15:15,22.9,17.7,61.3,950.5,534,950.5,0,22.8,15,1005,0,0,0,96,97,22.8,5.1,69.9,69.5
24/10/2024 15:16,22.9,17.7,61.2,950.4,535,950.4,0,22.8,15,1007,0,0,0,97,97,22.8,5.2,69.9,69.5
24/10/2024 15:16,22.9,17.7,61.3,950.5,535,950.5,0,22.8,15,1005,0,0,0,96,97,22.8,5.1,69.9,69.5
24/10/2024 15:17,22.9,17.7,61.2,950.4,535,950.4,0,22.8,15,1006,0,0,0,96,97,22.8,5.1,69.9,69.4
24/10/2024 15:17,22.9,17.7,61.2,950.4,535,950.4,0,22.8,15,1006,0,0,0,97,97,22.8,5.1,69.9,69.4
24/10/2024 15:18,22.9,17.7,61.2,950.4,535,950.4,0,22.8,15,1006,0,0,0,96,97,22.8,5.1,69.9,69.4
24/10/2024 15:18,22.9,17.7,61.2,950.5,535,950.5,0,22.8,15,1005,0,0,0,97,97,22.8,5.1,69.9,69.4
24/10/2024 15:19,22.9,17.7,61.2,950.4,535,950.4,0,22.8,15,1006,0,0,0,96,96,22.8,5.1,69.9,69.4
24/10/2024 15:19,22.9,17.7,61.2,950.4,535,950.4,0,22.8,15,1006,0,0,0,96,97,22.8,5.1,69.9,69.4
24/10/2024 15:20,22.9,17.7,61.2,950.2,535,950.4,0,22.8,15,1006,0,0,0,96,97,22.8,5.1,69.9,69.4
24/10/2024 15:20,22.9,17.7,61.1,950.4,535,950.4,0,22.8,15,1007,0,0,0,97,97,22.8,5.2,69.9,69.5
24/10/2024 15:21,22.9,17.7,61.2,950.5,535,950.5,0,22.8,15,1005,0,0,0,97,97,22.8,5.1,69.9,69.4
24/10/2024 15:21,22.9,17.7,61.3,950.2,535,950.3,0,22.8,15,1007,0,0,0,96,96,22.8,5.1,69.9,69.5
24/10/2024 15:22,22.9,17.7,61.2,950.5,535,950.5,0,22.8,15,1006,0,0,0,96,97,22.8,5.2,69.9,69.5
24/10/2024 15:22,22.9,17.7,61.2,950.4,535,950.4,0,22.8,15,1007,0,0,0,97,97,22.8,5.2,69.9,69.5
24/10/2024 15:23,22.9,17.7,61.3,950.2,535,950.3,0,22.8,15,1007,0,0,0,97,97,22.8,5.1,69.9,69.5
24/10/2024 15:23,22.9,17.7,61.2,950.5,535,950.5,0,22.8,15,1006,0,0,0,96,97,22.8,5.2,69.9,69.5
24/10/2024 15:24,22.9,17.7,61.2,950.4,535,950.4,0,22.8,15,1007,0,0,0,96,97,22.8,5.2,69.9,69.5
24/10/2024 15:24,22.9,17.7,61.2,950.5,535,950.5,0,22.8,15,1006,0,0,0,96,97,22.8,5.2,69.9,69.5
24/10/2024 15:25,22.9,17.7,61.3,950.5,534,950.5,0,22.8,15,1006,0,0,0,96,97,22.8,5.2,69.9,69.5
24/10/2024 15:25,22.9,17.7,61.3,950.5,535,950.5,0,22.8,15,1006,0,0,0,97,97,22.8,5.2,69.9,69.5
24/10/2024 15:26,22.9,17.7,61.3,950.5,534,950.6,0,22.8,15,1005,0,0,0,96,97,22.8,5.2,69.9,69.5
24/10/2024 15:26,22.9,17.7,61.3,950.5,534,950.5,0,22.8,15,1006,0,0,0,96,97,22.8,5.2,69.9,69.5
24/10/2024 15:27,22.9,17.7,61.4,950.5,534,950.6,0,22.8,15.1,1005,0,0,0,96,97,22.8,5.2,70,69.5
24/10/2024 15:27,22.9,17.7,61.3,950.5,534,950.6,0,22.8,15.1,1006,0,0,0,96,96,22.8,5.2,70,69.5
24/10/2024 15:28,22.9,17.7,61.3,950.5,535,950.5,0,22.8,15.1,1007,0,0,0,96,97,22.8,5.2,70,69.5
24/10/2024 15:28,22.9,17.7,61.4,950.5,534,950.5,0,22.8,15.1,1007,0,0,0,97,97,22.8,5.2,70,69.5
24/10/2024 15:29,22.9,17.7,61.4,950.5,534,950.5,0,22.8,15.1,1007,0,0,0,96,97,22.8,5.2,70,69.5
24/10/2024 15:29,22.9,17.7,61.4,950.5,534,950.6,0,22.8,15.1,1006,0,0,0,97,97,22.8,5.2,70,69.5
24/10/2024 15:30,22.9,17.7,61.5,950.5,535,950.5,0,22.8,15.1,1007,0,0,0,96,97,22.8,5.2,70,69.5
24/10/2024 15:30,22.9,17.7,61.5,950.4,535,950.4,0,22.8,15.1,1007,0,0,0,96,97,22.8,5.2,70,69.5
24/10/2024 15:31,22.9,17.7,61.4,950.5,535,950.5,0,22.9,15.1,1008,0,0,0,96,97,22.9,5.2,70,69.5
24/10/2024 15:31,22.9,17.7,61.4,950.5,534,950.5,0,22.9,15.1,1008,0,0,0,97,97,22.9,5.2,70,69.5
24/10/2024 15:32,22.9,17.7,61.4,950.4,535,950.4,0,22.9,15.1,1009,0,0,0,96,96,22.9,5.2,70,69.5
24/10/2024 15:32,22.9,17.7,61.5,950.4,535,950.4,0,22.9,15.1,1009,0,0,0,96,97,22.9,5.2,70,69.6
24/10/2024 15:33,22.9,17.7,61.4,950.5,534,950.5,0,22.9,15.1,1008,0,0,0,96,97,22.9,5.2,70,69.6
24/10/2024 15:33,22.9,17.7,61.5,950.5,535,950.5,0,22.9,15.1,1008,0,0,0,97,97,22.9,5.2,70,69.6
24/10/2024 15:34,22.9,17.7,61.5,950.4,535,950.4,0,22.9,15.1,1010,0,0,0,96,97,22.9,5.2,70,69.6
24/10/2024 15:34,22.9,17.7,61.5,950.4,535,950.4,0,22.9,15.1,1010,0,0,0,97,97,22.9,5.2,70,69.6
24/10/2024 15:35,22.9,17.8,61.5,950.4,535,950.4,0,23,15.1,1010,0,0,0,97,97,22.9,5.1,70,69.6
24/10/2024 15:35,22.9,17.8,61.5,950.4,535,950.4,0,23,15.2,1010,0,0,0,96,97,22.9,5.1,70,69.6
24/10/2024 15:36,22.9,17.8,61.5,950.4,535,950.4,0,23,15.2,1010,0,0,0,96,97,22.9,5.1,70,69.6
24/10/2024 15:36,23,17.8,61.5,950.5,534,950.5,0,23,15.2,1010,0,0,0,96,97,22.9,5.2,70.1,69.6
24/10/2024 15:37,23,17.8,61.5,950.4,535,950.4,0,23,15.2,1011,0,0,0,96,97,22.9,5.2,70.1,69.6
24/10/2024 15:37,23,17.8,61.5,950.4,535,950.4,0,23,15.2,1011,0,0,0,97,97,22.9,5.2,70.1,69.6
24/10/2024 15:38,23,17.8,61.5,950.4,535,950.4,0,23,15.2,1011,0,0,0,96,97,22.9,5.2,70.1,69.6
24/10/2024 15:38,23,17.8,61.5,950.5,535,950.5,0,23,15.2,1010,0,0,0,96,97,22.9,5.2,70.1,69.6
24/10/2024 15:39,23,17.8,61.6,950.4,535,950.4,0,23,15.2,1011,0,0,0,96,97,22.9,5.2,70.1,69.6
24/10/2024 15:39,23,17.8,61.6,950.5,535,950.5,0,23,15.2,1010,0,0,0,97,97,22.9,5.2,70.1,69.6
24/10/2024 15:40,23,17.8,61.6,950.5,535,950.5,0,23,15.2,1010,0,0,0,97,97,22.9,5.2,70.1,69.6
24/10/2024 15:40,23,17.8,61.5,950.4,535,950.4,0,22.9,15.2,1011,0,0,0,96,96,22.9,5.2,70.1,69.6
24/10/2024 15:41,23,17.8,61.5,950.4,535,950.4,0,23,15.2,1013,0,0,0,96,96,22.9,5.2,70.1,69.7
24/10/2024 15:41,23,17.8,61.6,950.4,535,950.4,0,23,15.2,1011,0,0,0,97,97,22.9,5.2,70.1,69.6
24/10/2024 15:42,23,17.8,61.6,950.5,535,950.5,0,23,15.2,1010,0,0,0,96,97,22.9,5.2,70.1,69.6
24/10/2024 15:42,23,17.8,61.5,950.5,534,950.5,0,22.9,15.2,1010,0,0,0,97,97,22.9,5.2,70.1,69.6
24/10/2024 15:43,23,17.8,61.5,950.5,535,950.5,0,23,15.2,1010,0,0,0,97,97,22.9,5.2,70.1,69.6
24/10/2024 15:43,23,17.8,61.5,950.4,535,950.4,0,22.9,15.2,1011,0,0,0,96,96,22.9,5.2,70.1,69.6
24/10/2024 15:44,23,17.8,61.6,950.4,535,950.4,0,23,15.2,1011,0,0,0,96,96,22.9,5.2,70.1,69.6
24/10/2024 15:44,23,17.8,61.5,950.5,534,950.5,0,23,15.2,1010,0,0,0,96,97,22.9,5.2,70.1,69.6
24/10/2024 15:45,23,17.8,61.6,950.5,534,950.5,0,23,15.2,1010,0,0,0,97,97,22.9,5.2,70.1,69.6
24/10/2024 15:45,23,17.8,61.6,950.5,535,950.5,0,23,15.2,1010,0,0,0,96,97,22.9,5.2,70.1,69.6
24/10/2024 15:46,23,17.8,61.5,950.4,535,950.4,0,23,15.2,1011,0,0,0,96,97,22.9,5.2,70.1,69.6
24/10/2024 15:46,23,17.8,61.5,950.4,535,950.4,0,23,15.2,1011,0,0,0,96,97,22.9,5.2,70.1,69.6
24/10/2024 15:47,23,17.8,61.5,950.4,535,950.4,0,22.9,15.1,1010,0,0,0,97,97,22.9,5.2,70.1,69.6
24/10/2024 15:47,23,17.8,61.5,950.4,535,950.4,0,23,15.2,1011,0,0,0,97,97,22.9,5.2,70.1,69.6
24/10/2024 15:48,23,17.8,61.5,950.4,535,950.4,0,23,15.2,1011,0,0,0,97,97,22.9,5.2,70.1,69.6
24/10/2024 15:48,23,17.8,61.5,950.2,535,950.3,0,23,15.2,1012,0,0,0,96,96,22.9,5.2,70.1,69.6
24/10/2024 15:49,23,17.8,61.5,950.4,535,950.4,0,23,15.2,1011,0,0,0,96,97,22.9,5.2,70.1,69.6
24/10/2024 15:49,23,17.8,61.4,950.4,535,950.4,0,22.9,15.1,1010,0,0,0,96,97,22.9,5.2,70.1,69.6
24/10/2024 15:50,23,17.8,61.4,950.2,536,950.3,0,22.9,15.1,1011,0,0,0,97,97,22.9,5.2,70.1,69.6
24/10/2024 15:50,23,17.8,61.4,950.4,535,950.4,0,22.9,15.1,1010,0,0,0,96,97,22.9,5.2,70.1,69.6
24/10/2024 15:51,23,17.8,61.5,950.2,535,950.3,0,22.9,15.1,1011,0,0,0,96,97,22.9,5.2,70.1,69.6
24/10/2024 15:51,23,17.8,61.5,950.2,535,950.3,0,22.9,15.1,1011,0,0,0,97,97,22.9,5.2,70.1,69.6
24/10/2024 15:52,23,17.8,61.4,950.4,535,950.4,0,22.9,15.1,1010,0,0,0,96,96,22.9,5.2,70.1,69.6
24/10/2024 15:52,23,17.8,61.4,950.2,535,950.3,0,22.9,15.1,1011,0,0,0,96,97,22.9,5.2,70.1,69.6
24/10/2024 15:53,23,17.8,61.4,950.2,535,950.3,0,22.9,15.1,1011,0,0,0,96,97,22.9,5.2,70.1,69.6
24/10/2024 15:53,23,17.8,61.4,950.2,536,950.2,0,22.9,15.1,1012,0,0,0,96,96,22.9,5.2,70.1,69.6
24/10/2024 15:54,23,17.8,61.4,950.2,535,950.3,0,22.9,15.1,1011,0,0,0,96,97,22.9,5.2,70.1,69.6
24/10/2024 15:54,23,17.8,61.5,950.2,535,950.3,0,22.9,15.1,1011,0,0,0,97,97,22.9,5.2,70.1,69.6
24/10/2024 15:55,23,17.8,61.4,950.4,535,950.4,0,22.9,15.1,1010,0,0,0,96,97,22.9,5.2,70.1,69.6
24/10/2024 15:55,23,17.8,61.4,950.2,536,950.2,0,22.9,15.1,1012,0,0,0,96,97,22.9,5.2,70.1,69.6
24/10/2024 15:56,23,17.8,61.4,950.2,536,950.2,0,22.9,15.1,1012,0,0,0,97,97,22.9,5.2,70.1,69.6
24/10/2024 15:56,23,17.8,61.5,950.2,536,950.3,0,22.9,15.1,1011,0,0,0,96,96,22.9,5.2,70.1,69.6
24/10/2024 15:57,23,17.8,61.5,950.2,537,950.2,0,22.9,15.1,1012,0,0,0,96,97,22.9,5.2,70.1,69.6
24/10/2024 15:57,23,17.8,61.5,950.2,536,950.2,0,22.9,15.1,1012,0,0,0,97,97,22.9,5.2,70.1,69.6
24/10/2024 15:58,23,17.8,61.5,950.2,536,950.3,0,22.9,15.1,1011,0,0,0,96,96,22.9,5.2,70.1,69.6
24/10/2024 15:58,23,17.8,61.5,950.2,536,950.3,0,22.9,15.1,1011,0,0,0,96,96,22.9,5.2,70.1,69.6
24/10/2024 15:59,23,17.8,61.5,950.2,535,950.3,0,22.9,15.1,1011,0,0,0,96,96,22.9,5.2,70.1,69.6
24/10/2024 15:59,23,17.8,61.5,950.2,536,950.3,0,22.9,15.1,1011,0,0,0,97,97,22.9,5.2,70.1,69.6
24/10/2024 16:00,23,17.8,61.4,950.2,536,950.2,0,22.9,15.2,1014,0,0,0,96,96,22.9,5.2,70.1,69.6
24/10/2024 16:00,23,17.8,61.5,950.2,536,950.3,0,23,15.2,1012,0,0,0,96,96,22.9,5.2,70.1,69.6
24/10/2024 16:01,23,17.8,61.4,950.2,536,950.3,0,22.9,15.2,1012,0,0,0,96,97,22.9,5.2,70.1,69.6
24/10/2024 16:01,23,17.8,61.5,950.2,537,950.2,0,22.9,15.2,1014,0,0,0,96,97,22.9,5.2,70.1,69.6
24/10/2024 16:02,23,17.8,61.5,950.2,536,950.3,0,22.9,15.2,1012,0,0,0,97,97,22.9,5.2,70.1,69.6
24/10/2024 16:02,23,17.8,61.5,950.2,536,950.2,0,22.9,15.2,1014,0,0,0,96,96,22.9,5.2,70.1,69.6
24/10/2024 16:03,23,17.8,61.5,950.2,535,950.3,0,22.9,15.2,1012,0,0,0,96,97,22.9,5.2,70.1,69.6
24/10/2024 16:03,23,17.8,61.5,950.2,535,950.3,0,22.9,15.2,1012,0,0,0,97,97,22.9,5.2,70.1,69.6
24/10/2024 16:04,23,17.8,61.5,950.4,535,950.4,0,22.9,15.2,1011,0,0,0,97,97,22.9,5.2,70.1,69.6
24/10/2024 16:04,23,17.8,61.5,950.2,536,950.2,0,22.9,15.2,1014,0,0,0,97,97,22.9,5.2,70.1,69.6
24/10/2024 16:05,23,17.8,61.5,950.2,536,950.3,0,23,15.2,1014,0,0,0,96,97,22.9,5.2,70.1,69.7
24/10/2024 16:05,23,17.8,61.5,950.2,536,950.2,0,23,15.2,1014,0,0,0,96,96,22.9,5.2,70.1,69.7
24/10/2024 16:06,23,17.8,61.4,950,537,950.1,0,23,15.2,1015,0,0,0,97,97,23,5.2,70.1,69.7
24/10/2024 16:06,23,17.8,61.4,950.2,537,950.2,0,23,15.2,1014,0,0,0,96,97,23,5.2,70.1,69.7
24/10/2024 16:07,23,17.8,61.5,950.2,537,950.2,0,23,15.2,1014,0,0,0,96,97,23,5.2,70.1,69.7
24/10/2024 16:07,23,17.8,61.5,950.2,536,950.2,0,23,15.2,1014,0,0,0,96,97,23,5.2,70.1,69.7
24/10/2024 16:08,23,17.8,61.5,950,537,950.1,0,23,15.2,1015,0,0,0,96,97,23,5.2,70.1,69.7
24/10/2024 16:08,23,17.8,61.5,950,538,950.1,0,23,15.2,1015,0,0,0,96,97,23,5.2,70.1,69.7
24/10/2024 16:09,23,17.8,61.5,950.2,537,950.1,0,23,15.2,1015,0,0,0,96,97,23,5.2,70.1,69.7
24/10/2024 16:09,23,17.8,61.5,950,538,950.1,0,23.1,15.2,1017,0,0,0,96,96,23,5.2,70.2,69.7
24/10/2024 16:10,23,17.8,61.5,950,538,950.1,0,23.1,15.2,1017,0,0,0,97,97,23,5.2,70.2,69.7
24/10/2024 16:10,23,17.8,61.5,950,538,950.1,0,23.1,15.2,1017,0,0,0,97,97,23,5.2,70.2,69.7
24/10/2024 16:11,23,17.8,61.5,950,538,950,0,23.1,15.2,1018,0,0,0,96,96,23,5.2,70.2,69.7
24/10/2024 16:11,23,17.8,61.5,950,539,950,0,23.1,15.2,1018,0,0,0,97,97,23,5.2,70.1,69.7
24/10/2024 16:12,23,17.8,61.5,950,538,950,0,23.1,15.2,1018,0,0,0,96,96,23,5.2,70.1,69.7
24/10/2024 16:12,23,17.8,61.5,949.9,539,949.9,0,23.1,15.2,1019,0,0,0,97,98,23,5.2,70.1,69.7
24/10/2024 16:13,23,17.8,61.5,950,539,950,0,23,15.2,1017,0,0,0,96,97,23,5.2,70.1,69.7
24/10/2024 16:13,23,17.8,61.5,949.9,540,949.9,0,23,15.2,1018,0,0,0,96,96,23,5.2,70.1,69.7
24/10/2024 16:14,23,17.8,61.5,949.9,540,949.9,0,23,15.2,1018,0,0,0,97,97,23,5.2,70.1,69.7
24/10/2024 16:14,23,17.8,61.5,949.9,540,949.9,0,23,15.2,1018,0,0,0,95,95,23,5.2,70.1,69.7
24/10/2024 16:15,23,17.8,61.5,949.7,540,949.7,0,23,15.2,1020,0,0,0,103,103,23,5.2,70.1,69.7
24/10/2024 16:15,23,17.8,61.4,949.9,540,949.9,0,23,15.2,1018,0,0,0,102,103,23,5.2,70.1,69.7
24/10/2024 16:16,23,17.8,61.4,949.7,540,949.7,0,23,15.2,1020,0,0,0,102,103,23,5.2,70.1,69.7
24/10/2024 16:16,23,17.8,61.4,949.7,540,949.7,0,23,15.2,1020,0,0,0,103,104,23,5.2,70.1,69.7
24/10/2024 16:17,23,17.8,61.4,949.7,542,949.7,0,23,15.2,1020,0,0,0,103,103,23,5.2,70.1,69.7
24/10/2024 16:17,23,17.8,61.4,949.7,540,949.8,0,23,15.2,1018,0,0,0,102,103,23,5.2,70.1,69.7
24/10/2024 16:18,23,17.8,61.4,949.7,540,949.7,0,22.9,15.2,1019,0,0,0,103,103,22.9,5.2,70.1,69.6
24/10/2024 16:18,23,17.8,61.4,949.7,540,949.7,0,23,15.2,1020,0,0,0,102,103,23,5.2,70.1,69.7
24/10/2024 16:19,23,17.8,61.4,949.7,540,949.8,0,22.9,15.2,1018,0,0,0,103,104,22.9,5.2,70.1,69.6
24/10/2024 16:19,23,17.8,61.5,949.7,540,949.8,0,22.9,15.2,1018,0,0,0,103,103,22.9,5.2,70.1,69.6
24/10/2024 16:20,23,17.8,61.4,949.7,540,949.8,0,22.9,15.2,1018,0,0,0,103,103,22.9,5.2,70.1,69.6
24/10/2024 16:20,23,17.8,61.4,949.7,540,949.8,0,22.9,15.2,1018,0,0,0,102,103,22.9,5.2,70.1,69.6
24/10/2024 16:21,23,17.8,61.4,949.7,542,949.7,0,22.9,15.2,1019,0,0,0,100,100,22.9,5.2,70.1,69.6
24/10/2024 16:21,23,17.8,61.4,949.7,540,949.8,0,22.9,15.2,1018,0,0,0,100,100,22.9,5.2,70.1,69.6
24/10/2024 16:22,23,17.8,61.4,949.7,540,949.8,0,22.9,15.2,1018,0,0,0,101,101,22.9,5.2,70.1,69.6
24/10/2024 16:22,23,17.8,61.4,949.5,542,949.6,0,22.9,15.2,1020,0,0,0,100,101,22.9,5.2,70.1,69.6
24/10/2024 16:23,23,17.8,61.4,949.7,540,949.7,0,22.9,15.2,1019,0,0,0,100,101,22.9,5.2,70.1,69.6
24/10/2024 16:23,23,17.8,61.4,949.7,542,949.6,0,22.9,15.2,1020,0,0,0,100,101,22.9,5.2,70.1,69.6
24/10/2024 16:24,23,17.8,61.4,949.7,542,949.7,0,22.9,15.2,1019,0,0,0,101,101,22.9,5.2,70.1,69.6
24/10/2024 16:24,23,17.8,61.4,949.5,542,949.6,0,22.9,15.2,1020,0,0,0,100,101,22.9,5.2,70.1,69.6
24/10/2024 16:25,23,17.8,61.4,949.5,542,949.6,0,22.9,15.2,1020,0,0,0,100,100,22.9,5.2,70.1,69.6
24/10/2024 16:25,23,17.8,61.4,949.5,542,949.6,0,22.9,15.2,1020,0,0,0,101,101,22.9,5.2,70.1,69.6
24/10/2024 16:26,23,17.8,61.4,949.5,542,949.5,0,22.9,15.2,1021,0,0,0,100,101,22.9,5.2,70.1,69.6
24/10/2024 16:26,23,17.8,61.4,949.5,542,949.6,0,22.9,15.2,1020,0,0,0,100,100,22.9,5.2,70.1,69.6
24/10/2024 16:27,23,17.8,61.4,949.5,542,949.6,0,22.9,15.2,1020,0,0,0,100,101,22.9,5.2,70.1,69.6
24/10/2024 16:27,23,17.8,61.4,949.5,542,949.5,0,22.9,15.2,1021,0,0,0,100,101,22.9,5.2,70.1,69.6
24/10/2024 16:28,23,17.8,61.5,949.5,542,949.5,0,22.9,15.2,1021,0,0,0,100,100,22.9,5.2,70.1,69.6
24/10/2024 16:28,23,17.8,61.4,949.5,542,949.6,0,23,15.2,1021,0,0,0,101,101,23,5.2,70.1,69.7
24/10/2024 16:29,23,17.8,61.4,949.5,543,949.5,0,23,15.2,1022,0,0,0,100,101,23,5.2,70.1,69.7
24/10/2024 16:29,23,17.8,61.5,949.4,544,949.4,0,23,15.2,1023,0,0,0,100,101,23,5.2,70.1,69.7
24/10/2024 16:30,23,17.8,61.4,949.4,544,949.4,0,23,15.2,1024,0,0,0,100,100,23,5.2,70.2,69.7
24/10/2024 16:30,23,17.8,61.4,949.4,543,949.4,0,23,15.2,1024,0,0,0,100,101,23,5.2,70.2,69.7
24/10/2024 16:31,23,17.8,61.5,949.4,543,949.4,0,23,15.2,1024,0,0,0,100,100,23,5.2,70.2,69.7
24/10/2024 16:31,23,17.8,61.5,949.2,544,949.3,0,23.1,15.2,1025,0,0,0,100,101,23,5.2,70.2,69.7
24/10/2024 16:32,23,17.8,61.5,949.4,543,949.4,0,23,15.2,1025,0,0,0,101,101,23,5.2,70.2,69.7
24/10/2024 16:32,23,17.9,61.5,949.5,542,949.5,0,23.1,15.3,1025,0,0,0,101,101,23,5.1,70.2,69.7
24/10/2024 16:33,23.1,17.9,61.5,949.4,543,949.4,0,23.1,15.3,1027,0,0,0,100,101,23,5.2,70.2,69.8
24/10/2024 16:33,23.1,17.9,61.5,949.2,544,949.3,0,23.1,15.3,1028,0,0,0,100,101,23,5.2,70.2,69.8
24/10/2024 16:34,23.1,17.9,61.6,949.4,544,949.4,0,23.1,15.3,1027,0,0,0,101,101,23,5.2,70.2,69.8
24/10/2024 16:34,23.1,17.9,61.5,949.4,544,949.4,0,23.1,15.3,1028,0,0,0,101,101,23,5.2,70.3,69.8
24/10/2024 16:35,23.1,17.9,61.7,949.4,543,949.4,0,23.1,15.3,1028,0,0,0,100,101,23,5.2,70.3,69.8
24/10/2024 16:35,23.1,18,61.8,949.2,544,949.3,0,23.1,15.4,1029,0,0,0,100,101,23,5.1,70.3,69.8
24/10/2024 16:36,23.1,18,61.8,949.4,544,949.4,0,23.1,15.4,1028,0,0,0,101,102,23,5.1,70.3,69.8
24/10/2024 16:36,23.1,18,61.8,949.2,544,949.4,0,23.2,15.4,1029,0,0,0,101,101,23.1,5.1,70.3,69.8
24/10/2024 16:37,23.1,18,61.8,949.2,545,949.3,0,23.2,15.4,1029,0,0,0,100,101,23.1,5.1,70.3,69.8
24/10/2024 16:37,23.1,18,61.8,949.5,543,949.5,0,23.2,15.4,1027,0,0,0,101,101,23.1,5.1,70.3,69.8
24/10/2024 16:38,23.1,18,61.8,949.5,543,949.5,0,23.2,15.4,1027,0,0,0,100,101,23.1,5.1,70.3,69.8
24/10/2024 16:38,23.1,18,61.8,949.4,543,949.4,0,23.2,15.4,1029,0,0,0,101,102,23.1,5.1,70.3,69.8
24/10/2024 16:39,23.1,18,61.9,949.4,543,949.4,0,23.2,15.4,1029,0,0,0,100,101,23.1,5.1,70.3,69.8
24/10/2024 16:39,23.1,18,61.8,949.5,543,949.5,0,23.2,15.4,1028,0,0,0,100,101,23.1,5.1,70.3,69.9
24/10/2024 16:40,23.1,18,61.8,949.2,544,949.4,0,23.2,15.4,1029,0,0,0,101,101,23.1,5.1,70.3,69.9
24/10/2024 16:40,23.1,18,61.8,949.4,543,949.4,0,23.2,15.4,1029,0,0,0,100,101,23.1,5.1,70.3,69.9
24/10/2024 16:41,23.1,18,61.8,949.5,542,949.5,0,23.2,15.4,1028,0,0,0,101,102,23.1,5.1,70.3,69.9
24/10/2024 16:41,23.1,18,61.8,949.4,543,949.4,0,23.2,15.4,1029,0,0,0,101,101,23.1,5.1,70.3,69.9
24/10/2024 16:42,23.1,18,61.8,949.4,543,949.4,0,23.2,15.4,1029,0,0,0,100,101,23.1,5.1,70.3,69.9
24/10/2024 16:42,23.1,18,61.9,949.5,543,949.5,0,23.2,15.4,1028,0,0,0,101,101,23.1,5.1,70.3,69.9
24/10/2024 16:43,23.1,18,61.8,949.5,543,949.5,0,23.2,15.4,1028,0,0,0,101,101,23.1,5.1,70.3,69.9
24/10/2024 16:43,23.1,18,61.7,949.4,544,949.4,0,23.2,15.4,1030,0,0,0,100,100,23.1,5.2,70.4,69.9
24/10/2024 16:44,23.1,18,61.8,949.5,542,949.5,0,23.2,15.4,1028,0,0,0,101,101,23.1,5.1,70.3,69.9
24/10/2024 16:44,23.1,18,61.7,949.5,543,949.5,0,23.2,15.4,1029,0,0,0,101,101,23.1,5.2,70.4,69.9
24/10/2024 16:45,23.1,18,61.8,949.5,543,949.5,0,23.2,15.4,1028,0,0,0,101,101,23.1,5.1,70.3,69.9
24/10/2024 16:45,23.1,18,61.8,949.5,542,949.6,0,23.2,15.4,1027,0,0,0,100,100,23.1,5.1,70.3,69.9
24/10/2024 16:46,23.1,18,61.7,949.5,542,949.5,0,23.2,15.4,1029,0,0,0,100,101,23.1,5.2,70.4,69.9
24/10/2024 16:46,23.1,18,61.7,949.5,543,949.5,0,23.2,15.4,1028,0,0,0,101,101,23.1,5.1,70.3,69.9
24/10/2024 16:47,23.1,18,61.7,949.5,542,949.5,0,23.2,15.4,1028,0,0,0,100,101,23.1,5.1,70.3,69.9
24/10/2024 16:47,23.1,18,61.8,949.5,542,949.6,0,23.2,15.4,1027,0,0,0,101,101,23.1,5.1,70.3,69.9
24/10/2024 16:48,23.1,18,61.7,949.5,543,949.5,0,23.2,15.4,1028,0,0,0,100,100,23.1,5.1,70.3,69.9
24/10/2024 16:48,23.1,18,61.6,949.5,542,949.5,0,23.2,15.4,1028,0,0,0,100,101,23.1,5.1,70.3,69.9
24/10/2024 16:49,23.1,18,61.7,949.5,543,949.5,0,23.2,15.4,1028,0,0,0,100,101,23.1,5.1,70.3,69.9
24/10/2024 16:49,23.1,18,61.7,949.5,542,949.6,0,23.2,15.4,1027,0,0,0,101,102,23.1,5.1,70.3,69.9
24/10/2024 16:50,23.1,18,61.6,949.5,543,949.5,0,23.2,15.4,1028,0,0,0,101,102,23.1,5.1,70.3,69.9
24/10/2024 16:50,23.1,18,61.6,949.5,543,949.5,0,23.2,15.4,1028,0,0,0,101,102,23.1,5.1,70.3,69.9
24/10/2024 16:51,23.1,18,61.6,949.5,542,949.5,0,23.2,15.3,1028,0,0,0,101,102,23.1,5.1,70.3,69.8
24/10/2024 16:51,23.1,18,61.6,949.5,543,949.5,0,23.2,15.3,1028,0,0,0,101,102,23.1,5.1,70.3,69.8
24/10/2024 16:52,23.1,18,61.6,949.5,543,949.5,0,23.2,15.4,1028,0,0,0,100,101,23.1,5.1,70.3,69.9
24/10/2024 16:52,23.1,18,61.6,949.5,542,949.6,0,23.2,15.3,1027,0,0,0,100,101,23.1,5.1,70.3,69.8
24/10/2024 16:53,23.1,18,61.6,949.5,542,949.6,0,23.2,15.3,1027,0,0,0,100,101,23.1,5.1,70.3,69.8
24/10/2024 16:53,23.1,18,61.6,949.5,543,949.5,0,23.2,15.3,1028,0,0,0,100,101,23.1,5.1,70.3,69.8
24/10/2024 16:54,23.1,18,61.6,949.5,542,949.5,0,23.2,15.3,1028,0,0,0,101,101,23.1,5.1,70.3,69.8
24/10/2024 16:54,23.1,18,61.6,949.5,543,949.5,0,23.2,15.3,1028,0,0,0,100,101,23.1,5.1,70.3,69.8
24/10/2024 16:55,23.1,18,61.6,949.5,542,949.5,0,23.2,15.3,1028,0,0,0,101,101,23.1,5.1,70.3,69.8
24/10/2024 16:55,23.1,18,61.6,949.5,543,949.5,0,23.2,15.3,1028,0,0,0,100,101,23.1,5.1,70.3,69.8
24/10/2024 16:56,23.1,18,61.6,949.5,542,949.5,0,23.2,15.3,1028,0,0,0,100,100,23.1,5.1,70.3,69.8
24/10/2024 16:56,23.1,18,61.6,949.5,543,949.5,0,23.2,15.3,1028,0,0,0,100,101,23.1,5.1,70.3,69.8
24/10/2024 16:57,23.1,18,61.6,949.4,543,949.4,0,23.2,15.3,1029,0,0,0,100,101,23.1,5.1,70.3,69.8
24/10/2024 16:57,23.1,18,61.6,949.5,543,949.5,0,23.2,15.3,1028,0,0,0,101,102,23.1,5.1,70.3,69.8
24/10/2024 16:58,23.1,18,61.5,949.4,543,949.4,0,23.2,15.3,1030,0,0,0,100,101,23.1,5.2,70.4,69.9
24/10/2024 16:58,23.1,18,61.6,949.5,543,949.5,0,23.2,15.3,1028,0,0,0,101,101,23.1,5.1,70.3,69.8
24/10/2024 16:59,23.1,18,61.6,949.4,543,949.4,0,23.2,15.4,1030,0,0,0,100,101,23.1,5.2,70.4,69.9
24/10/2024 16:59,23.1,18,61.6,949.4,543,949.4,0,23.2,15.4,1030,0,0,0,100,101,23.1,5.2,70.4,69.9
24/10/2024 17:00,23.1,18,61.6,949.5,542,949.5,0,23.2,15.4,1029,0,0,0,101,101,23.1,5.2,70.4,69.9
24/10/2024 17:00,23.1,18,61.6,949.5,542,949.5,0,23.2,15.4,1029,0,0,0,101,101,23.1,5.2,70.4,69.9
24/10/2024 17:01,23.1,18,61.6,949.4,543,949.4,0,23.2,15.4,1030,0,0,0,100,101,23.1,5.2,70.4,69.9
24/10/2024 17:01,23.1,18,61.6,949.5,543,949.5,0,23.2,15.4,1029,0,0,0,101,101,23.1,5.2,70.4,69.9
24/10/2024 17:02,23.1,18,61.6,949.2,544,949.3,0,23.2,15.4,1031,0,0,0,100,101,23.1,5.2,70.4,69.9
24/10/2024 17:02,23.2,18,61.6,949.4,544,949.4,0,23.2,15.4,1031,0,0,0,101,101,23.1,5.2,70.4,69.9
24/10/2024 17:03,23.2,18,61.6,949.4,544,949.4,0,23.2,15.4,1031,0,0,0,101,102,23.1,5.2,70.4,69.9
24/10/2024 17:03,23.2,18,61.6,949.4,543,949.4,0,23.2,15.4,1031,0,0,0,101,101,23.1,5.2,70.4,69.9
24/10/2024 17:04,23.2,18,61.6,949.2,545,949.3,0,23.2,15.4,1032,0,0,0,101,102,23.1,5.2,70.4,69.9
24/10/2024 17:04,23.2,18,61.6,949.2,544,949.3,0,23.2,15.4,1032,0,0,0,100,101,23.1,5.2,70.4,69.9
24/10/2024 17:05,23.2,18,61.6,949.2,545,949.3,0,23.2,15.4,1032,0,0,0,101,101,23.1,5.2,70.4,69.9
24/10/2024 17:05,23.2,18,61.6,949.2,545,949.2,0,23.2,15.4,1033,0,0,0,100,101,23.1,5.2,70.4,69.9
24/10/2024 17:06,23.2,18,61.6,949.2,545,949.3,0,23.2,15.4,1032,0,0,0,101,102,23.1,5.2,70.4,69.9
24/10/2024 17:06,23.2,18,61.6,949.2,544,949.3,0,23.2,15.4,1032,0,0,0,101,101,23.1,5.2,70.4,69.9
24/10/2024 17:07,23.2,18,61.6,949.2,545,949.3,0,23.2,15.4,1032,0,0,0,101,101,23.1,5.2,70.4,69.9
24/10/2024 17:07,23.2,18,61.6,949.2,544,949.3,0,23.2,15.4,1032,0,0,0,101,102,23.1,5.2,70.4,69.9
24/10/2024 17:08,23.2,18,61.6,949.4,543,949.4,0,23.2,15.4,1031,0,0,0,100,101,23.1,5.2,70.4,69.9
24/10/2024 17:08,23.2,18,61.6,949.4,543,949.4,0,23.2,15.4,1031,0,0,0,101,101,23.1,5.2,70.4,69.9
24/10/2024 17:09,23.2,18,61.6,949.5,543,949.5,0,23.2,15.4,1029,0,0,0,101,101,23.1,5.2,70.4,69.9
24/10/2024 17:09,23.2,18,61.5,949.4,544,949.4,0,23.2,15.4,1031,0,0,0,100,101,23.1,5.2,70.4,69.9
24/10/2024 17:10,23.2,18,61.5,949.4,544,949.4,0,23.2,15.4,1031,0,0,0,101,101,23.1,5.2,70.4,69.9
24/10/2024 17:10,23.1,18,61.6,949.5,543,949.5,0,23.2,15.4,1029,0,0,0,101,101,23.1,5.2,70.4,69.9
24/10/2024 17:11,23.1,18,61.5,949.4,543,949.4,0,23.2,15.4,1030,0,0,0,101,101,23.1,5.2,70.4,69.9
24/10/2024 17:11,23.1,18,61.5,949.4,543,949.4,0,23.2,15.3,1030,0,0,0,101,102,23.1,5.2,70.4,69.9
24/10/2024 17:12,23.1,18,61.5,949.4,543,949.4,0,23.2,15.3,1030,0,0,0,101,101,23.1,5.2,70.4,69.9
24/10/2024 17:12,23.1,18,61.5,949.5,543,949.5,0,23.2,15.3,1029,0,0,0,100,101,23.1,5.2,70.4,69.9
24/10/2024 17:13,23.1,18,61.5,949.4,543,949.4,0,23.1,15.3,1029,0,0,0,100,101,23.1,5.2,70.3,69.9
24/10/2024 17:13,23.1,18,61.4,949.4,544,949.4,0,23.1,15.3,1029,0,0,0,100,101,23.1,5.2,70.3,69.9
24/10/2024 17:14,23.1,17.9,61.5,949.2,544,949.3,0,23.2,15.3,1030,0,0,0,100,101,23.1,5.2,70.3,69.8
24/10/2024 17:14,23.1,17.9,61.5,949.2,544,949.3,0,23.1,15.3,1029,0,0,0,100,101,23.1,5.2,70.3,69.8
24/10/2024 17:15,23.1,17.9,61.5,949.2,544,949.3,0,23.1,15.3,1029,0,0,0,100,101,23.1,5.2,70.3,69.8
24/10/2024 17:15,23.1,17.9,61.5,949.4,544,949.4,0,23.1,15.3,1028,0,0,0,101,101,23.1,5.2,70.3,69.8
24/10/2024 17:16,23.1,17.9,61.5,949.2,545,949.2,0,23.1,15.3,1030,0,0,0,100,101,23.1,5.2,70.3,69.8
24/10/2024 17:16,23.1,17.9,61.4,949.2,545,949.3,0,23.1,15.3,1029,0,0,0,101,101,23.1,5.2,70.3,69.8
24/10/2024 17:17,23.1,17.9,61.5,949.2,545,949.2,0,23.1,15.3,1029,0,0,0,100,101,23.1,5.2,70.3,69.8
24/10/2024 17:17,23.1,17.9,61.5,949.2,546,949.1,0,23.1,15.3,1030,0,0,0,101,101,23.1,5.2,70.3,69.8
24/10/2024 17:18,23.1,17.9,61.4,949.2,545,949.2,0,23.1,15.3,1029,0,0,0,101,101,23.1,5.2,70.3,69.8
24/10/2024 17:18,23.1,17.9,61.4,949.2,546,949.2,0,23.1,15.3,1029,0,0,0,101,101,23.1,5.2,70.3,69.8
24/10/2024 17:19,23.1,17.9,61.4,949,547,949.1,0,23.1,15.3,1030,0,0,0,100,101,23.1,5.2,70.3,69.8
24/10/2024 17:19,23.1,17.9,61.4,949.2,546,949.2,0,23.1,15.3,1029,0,0,0,101,101,23.1,5.2,70.3,69.8
24/10/2024 17:20,23.1,17.9,61.4,949.2,545,949.2,0,23.1,15.3,1029,0,0,0,100,100,23.1,5.2,70.3,69.8
24/10/2024 17:20,23.1,17.9,61.4,949.2,544,949.3,0,23.1,15.3,1028,0,0,0,101,101,23.1,5.2,70.3,69.8
24/10/2024 17:21,23.1,17.9,61.4,949.2,545,949.3,0,23.1,15.3,1028,0,0,0,100,101,23.1,5.2,70.3,69.8
24/10/2024 17:21,23.1,17.9,61.4,949.4,544,949.4,0,23,15.3,1026,0,0,0,101,101,23,5.2,70.3,69.8
24/10/2024 17:22,23.1,17.9,61.4,949.2,545,949.3,0,23.1,15.3,1028,0,0,0,100,101,23.1,5.2,70.3,69.8
24/10/2024 17:22,23.1,17.9,61.4,949.2,544,949.3,0,23,15.3,1028,0,0,0,101,101,23,5.2,70.3,69.8
24/10/2024 17:23,23.1,17.9,61.4,949.2,544,949.4,0,23,15.3,1026,0,0,0,101,101,23,5.2,70.3,69.8
24/10/2024 17:23,23.1,17.9,61.4,949.2,544,949.3,0,23.1,15.3,1028,0,0,0,101,101,23.1,5.2,70.3,69.8
24/10/2024 17:24,23.1,17.9,61.4,949.4,544,949.4,0,23.1,15.3,1027,0,0,0,101,101,23.1,5.2,70.3,69.8
24/10/2024 17:24,23.1,17.9,61.4,949.2,544,949.4,0,23.1,15.3,1027,0,0,0,101,101,23.1,5.2,70.3,69.8
24/10/2024 17:25,23.1,17.9,61.4,949.2,545,949.3,0,23,15.3,1028,0,0,0,100,101,23,5.2,70.3,69.8
24/10/2024 17:25,23.1,17.9,61.4,949.2,544,949.4,0,23.1,15.3,1027,0,0,0,100,101,23.1,5.2,70.3,69.8
24/10/2024 17:26,23.1,17.9,61.4,949.2,545,949.2,0,23.1,15.3,1029,0,0,0,101,101,23.1,5.2,70.3,69.8
24/10/2024 17:26,23.1,17.9,61.4,949.2,544,949.3,0,23.1,15.3,1028,0,0,0,101,102,23.1,5.2,70.3,69.8
24/10/2024 17:27,23.1,17.9,61.4,949.2,544,949.3,0,23.1,15.3,1028,0,0,0,100,101,23.1,5.2,70.3,69.8
24/10/2024 17:27,23.1,17.9,61.5,949.2,544,949.3,0,23.1,15.3,1028,0,0,0,100,101,23.1,5.2,70.3,69.8
24/10/2024 17:28,23.1,17.9,61.5,949.2,545,949.3,0,23.1,15.3,1028,0,0,0,101,101,23.1,5.2,70.3,69.8
24/10/2024 17:28,23.1,17.9,61.5,949.4,544,949.4,0,23.1,15.3,1027,0,0,0,100,101,23.1,5.2,70.3,69.8
24/10/2024 17:29,23.1,17.9,61.5,949.4,544,949.4,0,23.1,15.3,1027,0,0,0,101,102,23.1,5.2,70.3,69.8
24/10/2024 17:29,23.1,17.9,61.5,949.2,544,949.3,0,23.1,15.3,1028,0,0,0,101,101,23.1,5.2,70.3,69.8
24/10/2024 17:30,23.1,17.9,61.5,949.2,544,949.3,0,23.2,15.3,1029,0,0,0,100,101,23.1,5.2,70.3,69.8
24/10/2024 17:30,23.1,17.9,61.5,949.2,544,949.3,0,23.2,15.3,1029,0,0,0,101,102,23.1,5.2,70.3,69.8
24/10/2024 17:31,23.1,17.9,61.5,949.2,546,949.2,0,23.2,15.3,1030,0,0,0,100,101,23.1,5.2,70.3,69.8
24/10/2024 17:31,23.1,17.9,61.6,949.2,545,949.2,0,23.2,15.3,1030,0,0,0,100,101,23.1,5.2,70.3,69.8
24/10/2024 17:32,23.1,17.9,61.5,949.2,546,949.2,0,23.2,15.3,1030,0,0,0,101,101,23.1,5.2,70.3,69.8
24/10/2024 17:32,23.1,17.9,61.6,949.2,546,949.1,0,23.2,15.3,1032,0,0,0,100,101,23.1,5.2,70.3,69.8
24/10/2024 17:33,23.1,17.9,61.5,949,546,949.1,0,23.2,15.3,1033,0,0,0,100,100,23.1,5.2,70.3,69.8
24/10/2024 17:33,23.1,17.9,61.6,949,547,949.1,0,23.2,15.3,1032,0,0,0,100,100,23.1,5.2,70.3,69.8
24/10/2024 17:34,23.1,17.9,61.5,949,546,949.1,0,23.2,15.3,1033,0,0,0,101,101,23.1,5.2,70.3,69.8
24/10/2024 17:34,23.1,17.9,61.6,949,547,949,0,23.2,15.3,1033,0,0,0,101,102,23.1,5.2,70.3,69.8
24/10/2024 17:35,23.1,17.9,61.6,948.9,548,948.9,0,23.2,15.3,1033,0,0,0,100,101,23.1,5.2,70.3,69.8
24/10/2024 17:35,23.1,17.9,61.6,948.9,548,948.9,0,23.2,15.3,1033,0,0,0,100,101,23.1,5.2,70.3,69.8
24/10/2024 17:36,23.1,17.9,61.6,948.9,548,948.9,0,23.2,15.3,1033,0,0,0,101,102,23.1,5.2,70.3,69.8
24/10/2024 17:36,23.1,17.9,61.6,948.9,549,948.9,0,23.2,15.3,1033,0,0,0,100,101,23.1,5.2,70.3,69.8
24/10/2024 17:37,23.1,17.9,61.6,948.9,548,948.9,0,23.2,15.3,1033,0,0,0,101,101,23.1,5.2,70.3,69.8
24/10/2024 17:37,23.1,17.9,61.6,948.9,549,948.9,0,23.2,15.3,1033,0,0,0,100,101,23.1,5.2,70.3,69.8
24/10/2024 17:38,23.1,17.9,61.5,948.9,549,948.9,0,23.2,15.3,1033,0,0,0,100,101,23.1,5.2,70.3,69.8
24/10/2024 17:38,23.1,17.9,61.5,948.9,549,948.9,0,23.1,15.3,1033,0,0,0,101,102,23.1,5.2,70.3,69.8
24/10/2024 17:39,23.1,17.9,61.5,948.9,549,948.9,0,23.1,15.3,1033,0,0,0,101,101,23.1,5.2,70.3,69.8
24/10/2024 17:39,23.1,17.9,61.5,948.9,548,948.9,0,23.1,15.3,1033,0,0,0,101,101,23.1,5.2,70.3,69.8
24/10/2024 17:40,23.1,17.9,61.5,949,548,949,0,23.1,15.3,1032,0,0,0,101,101,23.1,5.2,70.3,69.8
24/10/2024 17:40,23.1,17.9,61.5,948.9,548,948.9,0,23.1,15.3,1033,0,0,0,101,101,23.1,5.2,70.3,69.8
24/10/2024 17:41,23.1,17.9,61.5,948.7,549,948.9,0,23.1,15.3,1033,0,0,0,101,101,23.1,5.2,70.3,69.8
24/10/2024 17:41,23.1,17.9,61.5,948.9,549,948.9,0,23,15.3,1032,0,0,0,101,102,23,5.2,70.3,69.8
24/10/2024 17:42,23.1,17.9,61.5,948.9,549,948.9,0,23,15.3,1032,0,0,0,100,101,23,5.2,70.3,69.8
24/10/2024 17:42,23.1,17.9,61.5,948.7,550,948.8,0,23,15.3,1033,0,0,0,100,101,23,5.2,70.3,69.8
24/10/2024 17:43,23.1,17.9,61.4,948.7,550,948.7,0,23,15.3,1034,0,0,0,100,100,23,5.2,70.3,69.8
24/10/2024 17:43,23.1,17.9,61.4,948.5,550,948.6,0,23,15.3,1036,0,0,0,100,101,23,5.2,70.3,69.8
24/10/2024 17:44,23.1,17.9,61.4,948.7,550,948.7,0,23,15.3,1034,0,0,0,101,101,23,5.2,70.3,69.8
24/10/2024 17:44,23.1,17.9,61.4,948.5,552,948.6,0,23,15.3,1036,0,0,0,100,100,23,5.2,70.3,69.8
24/10/2024 17:45,23.1,17.9,61.4,948.7,550,948.7,0,23,15.3,1034,0,0,0,100,101,23,5.2,70.3,69.8
24/10/2024 17:45,23.1,17.9,61.4,948.5,552,948.6,0,23,15.3,1036,0,0,0,100,101,23,5.2,70.3,69.8
24/10/2024 17:46,23.1,17.9,61.4,948.7,550,948.7,0,23,15.3,1034,0,0,0,100,101,23,5.2,70.3,69.8
24/10/2024 17:46,23.1,17.9,61.4,948.7,550,948.7,0,23,15.3,1034,0,0,0,100,101,23,5.2,70.3,69.8
24/10/2024 17:47,23.1,17.9,61.5,948.5,550,948.6,0,23,15.3,1034,0,0,0,100,101,23,5.2,70.2,69.8
24/10/2024 17:47,23.1,17.9,61.4,948.7,550,948.7,0,23,15.3,1034,0,0,0,100,100,23,5.2,70.3,69.8
24/10/2024 17:48,23.1,17.9,61.4,948.7,550,948.7,0,23,15.3,1034,0,0,0,101,101,23,5.2,70.3,69.8
24/10/2024 17:48,23.1,17.9,61.4,948.7,550,948.7,0,23,15.3,1034,0,0,0,100,101,23,5.2,70.3,69.8
24/10/2024 17:49,23.1,17.9,61.4,948.7,550,948.7,0,23,15.3,1034,0,0,0,101,101,23,5.2,70.3,69.8
24/10/2024 17:49,23.1,17.9,61.4,948.7,550,948.7,0,23,15.3,1034,0,0,0,101,102,23,5.2,70.3,69.8
24/10/2024 17:50,23.1,17.9,61.5,948.7,550,948.8,0,23,15.3,1032,0,0,0,101,101,23,5.2,70.2,69.8
24/10/2024 17:50,23.1,17.9,61.4,948.7,550,948.7,0,23,15.2,1033,0,0,0,100,101,23,5.2,70.2,69.8
24/10/2024 17:51,23.1,17.9,61.5,948.7,550,948.7,0,23,15.3,1033,0,0,0,100,101,23,5.2,70.2,69.8
24/10/2024 17:51,23.1,17.9,61.5,948.7,550,948.7,0,23,15.3,1033,0,0,0,101,101,23,5.2,70.2,69.8
24/10/2024 17:52,23.1,17.9,61.4,948.7,550,948.7,0,23,15.3,1034,0,0,0,100,101,23,5.2,70.3,69.8
24/10/2024 17:52,23.1,17.9,61.4,948.7,550,948.7,0,23,15.3,1034,0,0,0,101,101,23,5.2,70.3,69.8
24/10/2024 17:53,23.1,17.9,61.4,948.7,550,948.7,0,23,15.3,1034,0,0,0,101,101,23,5.2,70.3,69.8
24/10/2024 17:53,23.1,17.9,61.4,948.5,550,948.6,0,23,15.3,1036,0,0,0,101,101,23,5.2,70.3,69.8
24/10/2024 17:54,23.1,17.9,61.4,948.7,550,948.7,0,23,15.3,1034,0,0,0,101,101,23,5.2,70.3,69.8
24/10/2024 17:54,23.1,17.9,61.4,948.5,550,948.6,0,23,15.3,1036,0,0,0,100,100,23,5.2,70.3,69.8
24/10/2024 17:55,23.1,17.9,61.5,948.7,550,948.7,0,23,15.3,1034,0,0,0,100,101,23,5.2,70.3,69.8
24/10/2024 17:55,23.1,17.9,61.5,948.7,550,948.7,0,23,15.3,1034,0,0,0,100,101,23,5.2,70.3,69.8
24/10/2024 17:56,23.1,17.9,61.5,948.7,550,948.7,0,23.1,15.3,1036,0,0,0,100,101,23,5.2,70.3,69.8
24/10/2024 17:56,23.1,17.9,61.5,948.7,550,948.7,0,23.2,15.3,1036,0,0,0,100,100,23.1,5.2,70.3,69.8
24/10/2024 17:57,23.1,17.9,61.5,948.7,550,948.7,0,23.2,15.3,1036,0,0,0,100,101,23.1,5.2,70.3,69.8
24/10/2024 17:57,23.1,17.9,61.5,948.7,550,948.7,0,23.2,15.3,1036,0,0,0,101,101,23.1,5.2,70.3,69.8
24/10/2024 17:58,23.1,17.9,61.5,948.7,550,948.7,0,23.2,15.3,1036,0,0,0,100,100,23.1,5.2,70.3,69.8
24/10/2024 17:58,23.1,17.9,61.5,948.7,550,948.6,0,23.2,15.3,1037,0,0,0,100,101,23.1,5.2,70.3,69.8
24/10/2024 17:59,23.1,17.9,61.6,948.7,550,948.7,0,23.2,15.3,1036,0,0,0,101,101,23.1,5.2,70.3,69.8
24/10/2024 17:59,23.1,17.9,61.6,948.7,549,948.8,0,23.2,15.3,1035,0,0,0,101,101,23.1,5.2,70.3,69.8
24/10/2024 18:00,23.1,17.9,61.6,948.7,550,948.7,0,23.2,15.3,1036,0,0,0,102,102,23.1,5.2,70.3,69.8
24/10/2024 18:00,23.1,17.9,61.6,948.7,550,948.7,0,23.2,15.3,1036,0,0,0,100,101,23.1,5.2,70.3,69.8
24/10/2024 18:01,23.1,17.9,61.6,948.7,550,948.7,0,23.2,15.3,1036,0,0,0,100,100,23.1,5.2,70.3,69.8
24/10/2024 18:01,23.1,17.9,61.6,948.7,550,948.7,0,23.2,15.3,1036,0,0,0,100,100,23.1,5.2,70.3,69.8
24/10/2024 18:02,23.1,17.9,61.6,948.7,550,948.7,0,23.2,15.3,1036,0,0,0,100,100,23.1,5.2,70.3,69.8
24/10/2024 18:02,23.1,17.9,61.6,948.5,552,948.6,0,23.2,15.3,1037,0,0,0,100,100,23.1,5.2,70.3,69.8
24/10/2024 18:03,23.1,17.9,61.6,948.7,550,948.7,0,23.2,15.3,1036,0,0,0,100,101,23.1,5.2,70.3,69.8
24/10/2024 18:03,23.1,17.9,61.6,948.5,550,948.6,0,23.2,15.3,1037,0,0,0,100,101,23.1,5.2,70.3,69.8
24/10/2024 18:04,23.1,17.9,61.6,948.7,550,948.7,0,23.2,15.3,1036,0,0,0,100,100,23.1,5.2,70.3,69.8
24/10/2024 18:04,23.1,17.9,61.6,948.7,550,948.7,0,23.2,15.3,1036,0,0,0,101,101,23.1,5.2,70.3,69.8
24/10/2024 18:05,23.1,17.9,61.5,948.5,552,948.6,0,23.2,15.3,1037,0,0,0,100,100,23.1,5.2,70.3,69.8
24/10/2024 18:05,23.1,17.9,61.5,948.7,550,948.7,0,23.2,15.3,1036,0,0,0,100,101,23.1,5.2,70.3,69.8
24/10/2024 18:06,23.1,17.9,61.5,948.7,550,948.7,0,23.2,15.3,1036,0,0,0,100,101,23.1,5.2,70.3,69.8
24/10/2024 18:06,23.1,17.9,61.5,948.7,550,948.7,0,23.2,15.3,1036,0,0,0,101,102,23.1,5.2,70.3,69.8
24/10/2024 18:07,23.1,17.9,61.5,948.7,550,948.8,0,23.2,15.3,1035,0,0,0,101,101,23.1,5.2,70.3,69.8
24/10/2024 18:07,23.1,17.9,61.5,948.7,550,948.7,0,23.2,15.3,1036,0,0,0,101,101,23.1,5.2,70.3,69.8
24/10/2024 18:08,23.1,17.9,61.5,948.7,550,948.7,0,23.2,15.3,1036,0,0,0,100,100,23.1,5.2,70.3,69.8
24/10/2024 18:08,23.1,17.9,61.5,948.7,550,948.7,0,23.2,15.3,1036,0,0,0,100,101,23.1,5.2,70.3,69.8
24/10/2024 18:09,23.1,17.9,61.5,948.7,550,948.7,0,23.1,15.3,1036,0,0,0,100,101,23,5.2,70.3,69.8
24/10/2024 18:09,23.1,17.9,61.5,948.7,550,948.7,0,23,15.3,1034,0,0,0,100,100,23,5.2,70.3,69.8
24/10/2024 18:10,23.1,17.9,61.5,948.7,550,948.7,0,23,15.3,1034,0,0,0,101,101,23,5.2,70.3,69.8
24/10/2024 18:10,23.1,17.9,61.5,948.7,550,948.7,0,23,15.3,1034,0,0,0,100,101,23,5.2,70.3,69.8
24/10/2024 18:11,23.1,17.9,61.5,948.7,550,948.7,0,23,15.3,1034,0,0,0,100,101,23,5.2,70.3,69.8
24/10/2024 18:11,23.1,17.9,61.4,948.7,550,948.7,0,23,15.3,1034,0,0,0,100,101,23,5.2,70.3,69.8
24/10/2024 18:12,23.1,17.9,61.5,948.7,550,948.8,0,23,15.3,1033,0,0,0,100,100,23,5.2,70.3,69.8
24/10/2024 18:12,23.1,17.9,61.4,948.7,549,948.8,0,23,15.3,1033,0,0,0,101,101,23,5.2,70.3,69.8
24/10/2024 18:13,23.1,17.9,61.4,948.7,550,948.7,0,23,15.3,1034,0,0,0,100,101,23,5.2,70.3,69.8
24/10/2024 18:13,23.1,17.9,61.4,948.7,550,948.8,0,23,15.3,1033,0,0,0,100,100,23,5.2,70.3,69.8
24/10/2024 18:14,23.1,17.9,61.4,948.7,549,948.8,0,23,15.3,1033,0,0,0,100,101,23,5.2,70.3,69.8
24/10/2024 18:14,23.1,17.9,61.4,948.7,550,948.7,0,23,15.3,1034,0,0,0,101,102,23,5.2,70.3,69.8
24/10/2024 18:15,23.1,17.9,61.4,948.7,550,948.8,0,23,15.3,1033,0,0,0,100,100,23,5.2,70.3,69.8
24/10/2024 18:15,23.1,17.9,61.4,948.7,550,948.8,0,23,15.3,1033,0,0,0,100,101,23,5.2,70.3,69.8
24/10/2024 18:16,23.1,17.9,61.4,948.7,550,948.7,0,23,15.2,1034,0,0,0,100,101,23,5.2,70.2,69.8
24/10/2024 18:16,23.1,17.9,61.4,948.7,549,948.8,0,23,15.3,1033,0,0,0,100,101,23,5.2,70.3,69.8
24/10/2024 18:17,23.1,17.9,61.4,948.7,550,948.8,0,23,15.3,1033,0,0,0,100,100,23,5.2,70.3,69.8
24/10/2024 18:17,23.1,17.9,61.4,948.7,550,948.7,0,23,15.3,1034,0,0,0,100,100,23,5.2,70.3,69.8
24/10/2024 18:18,23.1,17.9,61.4,948.7,550,948.8,0,23,15.3,1033,0,0,0,100,101,23,5.2,70.3,69.8
24/10/2024 18:18,23.1,17.9,61.4,948.7,549,948.8,0,23,15.3,1033,0,0,0,101,101,23,5.2,70.3,69.8
24/10/2024 18:19,23.1,17.9,61.4,948.7,549,948.8,0,23,15.3,1033,0,0,0,100,100,23,5.2,70.3,69.8
24/10/2024 18:19,23.1,17.9,61.4,948.7,550,948.7,0,23,15.3,1034,0,0,0,101,101,23,5.2,70.3,69.8
24/10/2024 18:20,23.1,17.9,61.4,948.7,550,948.7,0,23,15.3,1034,0,0,0,100,101,23,5.2,70.3,69.8
24/10/2024 18:20,23.1,17.9,61.4,948.7,550,948.8,0,23,15.3,1033,0,0,0,100,100,23,5.2,70.3,69.8
24/10/2024 18:21,23.1,17.9,61.4,948.7,550,948.7,0,23,15.3,1034,0,0,0,100,101,23,5.2,70.3,69.8
24/10/2024 18:21,23.1,17.9,61.4,948.7,550,948.8,0,23,15.3,1033,0,0,0,100,101,23,5.2,70.3,69.8
24/10/2024 18:22,23.1,17.9,61.4,948.7,550,948.6,0,23,15.3,1036,0,0,0,100,101,23,5.2,70.3,69.8
24/10/2024 18:22,23.1,17.9,61.4,948.7,550,948.8,0,23,15.3,1033,0,0,0,101,101,23,5.2,70.3,69.8
24/10/2024 18:23,23.1,17.9,61.4,948.5,550,948.6,0,23,15.3,1036,0,0,0,101,101,23,5.2,70.3,69.8
24/10/2024 18:23,23.1,17.9,61.4,948.7,550,948.8,0,23,15.3,1033,0,0,0,101,101,23,5.2,70.3,69.8
24/10/2024 18:24,23.1,17.9,61.4,948.7,550,948.6,0,23,15.3,1036,0,0,0,101,102,23,5.2,70.3,69.8
24/10/2024 18:24,23.1,17.9,61.4,948.7,550,948.7,0,23,15.3,1034,0,0,0,100,101,23,5.2,70.3,69.8
24/10/2024 18:25,23.1,17.9,61.4,948.7,550,948.8,0,23,15.3,1033,0,0,0,100,101,23,5.2,70.3,69.8
24/10/2024 18:25,23.1,17.9,61.4,948.7,549,948.8,0,23,15.3,1033,0,0,0,101,101,23,5.2,70.3,69.8
24/10/2024 18:26,23.1,17.9,61.4,948.7,550,948.8,0,23,15.3,1033,0,0,0,100,101,23,5.2,70.3,69.8
24/10/2024 18:26,23.1,17.9,61.4,948.9,549,948.9,0,23,15.3,1032,0,0,0,101,101,23,5.2,70.3,69.8
24/10/2024 18:27,23.1,17.9,61.5,948.9,549,948.9,0,23,15.3,1031,0,0,0,100,100,23,5.2,70.2,69.8
24/10/2024 18:27,23.1,17.9,61.4,948.7,550,948.8,0,23,15.2,1032,0,0,0,100,101,23,5.2,70.2,69.8
24/10/2024 18:28,23.1,17.9,61.4,948.7,549,948.8,0,23,15.2,1032,0,0,0,100,100,23,5.2,70.2,69.8
24/10/2024 18:28,23.1,17.9,61.4,948.9,548,948.9,0,23,15.2,1031,0,0,0,100,100,23,5.2,70.2,69.8
24/10/2024 18:29,23.1,17.9,61.4,948.9,549,948.9,0,23,15.2,1031,0,0,0,100,101,23,5.2,70.2,69.8
24/10/2024 18:29,23.1,17.9,61.4,948.7,550,948.7,0,23,15.2,1033,0,0,0,100,100,23,5.2,70.2,69.8
24/10/2024 18:30,23.1,17.9,61.4,948.9,549,948.9,0,23,15.2,1031,0,0,0,100,100,23,5.2,70.2,69.8
24/10/2024 18:30,23.1,17.9,61.4,948.7,549,948.8,0,23,15.2,1032,0,0,0,101,101,23,5.2,70.2,69.8
24/10/2024 18:31,23.1,17.9,61.4,948.7,550,948.7,0,23,15.2,1033,0,0,0,100,101,23,5.2,70.2,69.8
24/10/2024 18:31,23.1,17.9,61.4,948.7,550,948.8,0,23,15.2,1032,0,0,0,100,100,23,5.2,70.2,69.8
24/10/2024 18:32,23.1,17.9,61.4,948.7,550,948.8,0,23,15.2,1032,0,0,0,100,101,23,5.2,70.2,69.8
24/10/2024 18:32,23.1,17.9,61.4,948.7,550,948.7,0,23,15.2,1033,0,0,0,101,101,23,5.2,70.2,69.8
24/10/2024 18:33,23,17.8,61.4,948.7,550,948.8,0,23,15.2,1031,0,0,0,100,100,23,5.2,70.2,69.7
24/10/2024 18:33,23,17.8,61.4,948.7,550,948.8,0,23,15.2,1031,0,0,0,100,101,23,5.2,70.2,69.7
24/10/2024 18:34,23,17.8,61.4,948.7,549,948.8,0,23,15.2,1031,0,0,0,100,101,23,5.2,70.2,69.7
24/10/2024 18:34,23,17.8,61.4,948.9,549,948.9,0,23,15.2,1030,0,0,0,100,101,23,5.2,70.2,69.7
24/10/2024 18:35,23,17.8,61.4,948.7,550,948.8,0,23,15.2,1031,0,0,0,100,101,23,5.2,70.2,69.7
24/10/2024 18:35,23,17.8,61.4,948.9,549,948.9,0,23,15.2,1030,0,0,0,100,100,23,5.2,70.2,69.7
24/10/2024 18:36,23,17.8,61.4,948.9,549,948.9,0,23,15.2,1030,0,0,0,101,101,23,5.2,70.2,69.7
24/10/2024 18:36,23,17.8,61.4,948.9,549,948.9,0,23,15.2,1030,0,0,0,100,101,23,5.2,70.2,69.7
24/10/2024 18:37,23,17.8,61.4,948.7,549,948.8,0,23,15.2,1031,0,0,0,100,101,23,5.2,70.2,69.7
24/10/2024 18:37,23,17.8,61.4,948.7,549,948.8,0,23,15.2,1031,0,0,0,101,101,23,5.2,70.2,69.7
24/10/2024 18:38,23,17.8,61.4,949,548,949,0,23,15.2,1029,0,0,0,100,101,23,5.2,70.2,69.7
24/10/2024 18:38,23,17.8,61.4,948.7,549,948.9,0,23,15.2,1030,0,0,0,100,101,23,5.2,70.2,69.7
24/10/2024 18:39,23,17.8,61.5,948.7,549,948.8,0,23,15.2,1030,0,0,0,100,100,23,5.2,70.2,69.7
24/10/2024 18:39,23,17.8,61.5,948.9,549,948.9,0,23,15.2,1029,0,0,0,100,100,23,5.2,70.2,69.7
24/10/2024 18:40,23,17.8,61.4,948.9,549,948.9,0,23,15.2,1030,0,0,0,100,101,23,5.2,70.2,69.7
24/10/2024 18:40,23,17.8,61.3,948.7,549,948.8,0,23,15.2,1031,0,0,0,100,100,23,5.2,70.2,69.7
24/10/2024 18:41,23,17.8,61.3,948.7,549,948.8,0,23,15.2,1031,0,0,0,100,101,23,5.2,70.2,69.7
24/10/2024 18:41,23,17.8,61.5,948.7,549,948.9,0,23,15.2,1029,0,0,0,100,101,23,5.2,70.2,69.7
24/10/2024 18:42,23,17.8,61.3,948.9,548,948.9,0,23,15.2,1030,0,0,0,100,101,23,5.2,70.2,69.7
24/10/2024 18:42,23,17.8,61.4,948.9,548,948.9,0,23,15.2,1030,0,0,0,100,101,23,5.2,70.2,69.7
24/10/2024 18:43,23,17.8,61.4,949,548,949,0,23,15.2,1029,0,0,0,100,101,23,5.2,70.2,69.7
24/10/2024 18:43,23,17.8,61.3,948.9,549,948.9,0,23,15.2,1030,0,0,0,101,102,23,5.2,70.2,69.7
24/10/2024 18:44,23,17.8,61.4,948.9,548,948.9,0,23,15.2,1030,0,0,0,100,101,23,5.2,70.2,69.7
24/10/2024 18:44,23,17.8,61.5,949,548,949,0,23,15.2,1029,0,0,0,100,101,23,5.2,70.2,69.7
24/10/2024 18:45,23,17.8,61.4,948.9,548,948.9,0,23,15.2,1030,0,0,0,101,101,23,5.2,70.2,69.7
24/10/2024 18:45,23,17.8,61.4,948.9,548,948.9,0,23,15.2,1030,0,0,0,100,101,23,5.2,70.2,69.7
24/10/2024 18:46,23,17.9,61.5,948.9,548,948.9,0,23.1,15.2,1031,0,0,0,101,101,23,5.1,70.2,69.7
24/10/2024 18:46,23,17.9,61.5,949,548,949,0,23.1,15.2,1030,0,0,0,101,101,23,5.1,70.2,69.7
24/10/2024 18:47,23,17.9,61.6,949,548,949,0,23.1,15.3,1030,0,0,0,101,102,23,5.1,70.2,69.7
24/10/2024 18:47,23,17.9,61.6,949,548,949,0,23.1,15.3,1030,0,0,0,100,101,23,5.1,70.2,69.7
24/10/2024 18:48,23.1,17.9,61.5,949,547,949,0,23.1,15.3,1031,0,0,0,100,101,23,5.2,70.2,69.8
24/10/2024 18:48,23.1,17.9,61.5,949,547,949,0,23.1,15.3,1030,0,0,0,101,101,23,5.2,70.2,69.8
24/10/2024 18:49,23.1,17.9,61.5,949,547,949.1,0,23.1,15.3,1030,0,0,0,101,101,23,5.2,70.2,69.8
24/10/2024 18:49,23.1,17.9,61.6,949,547,949.1,0,23.1,15.3,1030,0,0,0,100,101,23,5.2,70.2,69.8
24/10/2024 18:50,23.1,17.9,61.5,949,547,949.1,0,23,15.3,1030,0,0,0,101,101,23,5.2,70.3,69.8
24/10/2024 18:50,23.1,17.9,61.6,948.9,548,948.9,0,23.1,15.3,1032,0,0,0,101,101,23,5.2,70.2,69.8
24/10/2024 18:51,23.1,17.9,61.5,949,548,949,0,23.1,15.3,1033,0,0,0,101,101,23,5.2,70.3,69.8
24/10/2024 18:51,23.1,17.9,61.5,949,547,949,0,23.1,15.3,1033,0,0,0,100,101,23,5.2,70.3,69.8
24/10/2024 18:52,23.1,17.9,61.5,949,548,949,0,23.1,15.3,1033,0,0,0,100,101,23,5.2,70.3,69.8
24/10/2024 18:52,23.1,17.9,61.6,949,547,949,0,23.1,15.3,1033,0,0,0,101,101,23,5.2,70.3,69.8
24/10/2024 18:53,23.1,17.9,61.6,949,547,949.1,0,23.1,15.3,1031,0,0,0,101,101,23,5.2,70.3,69.8
24/10/2024 18:53,23.1,17.9,61.6,949,547,949,0,23.1,15.3,1033,0,0,0,101,101,23,5.2,70.3,69.8
24/10/2024 18:54,23.1,17.9,61.6,949,547,949,0,23.1,15.3,1033,0,0,0,100,101,23,5.2,70.3,69.8
24/10/2024 18:54,23.1,17.9,61.5,948.9,548,948.9,0,23.2,15.3,1033,0,0,0,101,101,23.1,5.2,70.3,69.8
24/10/2024 18:55,23.1,17.9,61.5,949,548,949,0,23.2,15.3,1033,0,0,0,100,101,23.1,5.2,70.3,69.8
24/10/2024 18:55,23.1,17.9,61.6,948.9,549,948.9,0,23.2,15.3,1033,0,0,0,101,101,23.1,5.2,70.3,69.8
24/10/2024 18:56,23.1,17.9,61.6,948.9,549,948.9,0,23.2,15.3,1033,0,0,0,101,101,23.1,5.2,70.3,69.8
24/10/2024 18:56,23.1,17.9,61.6,948.7,550,948.8,0,23.2,15.3,1035,0,0,0,100,101,23.1,5.2,70.3,69.8
24/10/2024 18:57,23.1,17.9,61.6,948.7,550,948.8,0,23.2,15.3,1035,0,0,0,100,100,23.1,5.2,70.3,69.8
24/10/2024 18:57,23.1,18,61.7,948.7,550,948.8,0,23.2,15.3,1035,0,0,0,100,101,23.1,5.1,70.3,69.8
24/10/2024 18:58,23.1,18,61.7,948.7,549,948.9,0,23.2,15.3,1033,0,0,0,100,101,23.1,5.1,70.3,69.8
24/10/2024 18:58,23.1,17.9,61.6,948.7,549,948.8,0,23.2,15.3,1035,0,0,0,100,101,23.1,5.2,70.3,69.8
24/10/2024 18:59,23.1,17.9,61.6,948.7,550,948.8,0,23.2,15.3,1035,0,0,0,101,101,23.1,5.2,70.3,69.8
24/10/2024 18:59,23.1,17.9,61.6,948.7,549,948.8,0,23.2,15.3,1035,0,0,0,100,100,23.1,5.2,70.3,69.8
24/10/2024 19:00,23.1,17.9,61.6,948.7,550,948.7,0,23.2,15.3,1036,0,0,0,100,101,23.1,5.2,70.3,69.8
24/10/2024 19:00,23.1,17.9,61.6,948.7,550,948.7,0,23.2,15.3,1036,0,0,0,100,101,23.1,5.2,70.3,69.8
24/10/2024 19:01,23.1,17.9,61.6,948.7,550,948.7,0,23.2,15.3,1036,0,0,0,100,100,23.1,5.2,70.3,69.8
24/10/2024 19:01,23.1,17.9,61.6,948.7,550,948.7,0,23.2,15.3,1036,0,0,0,100,101,23.1,5.2,70.3,69.8
24/10/2024 19:02,23.1,17.9,61.6,948.7,550,948.7,0,23.2,15.3,1036,0,0,0,100,101,23.1,5.2,70.3,69.8
24/10/2024 19:02,23.1,17.9,61.6,948.5,550,948.6,0,23.2,15.3,1037,0,0,0,100,101,23.1,5.2,70.3,69.8
24/10/2024 19:03,23.1,17.9,61.6,948.5,550,948.6,0,23.2,15.3,1037,0,0,0,101,101,23.1,5.2,70.3,69.8
24/10/2024 19:03,23.1,17.9,61.6,948.5,552,948.6,0,23.2,15.3,1037,0,0,0,101,102,23.1,5.2,70.3,69.8
24/10/2024 19:04,23.1,17.9,61.6,948.5,552,948.6,0,23.2,15.3,1037,0,0,0,101,101,23.1,5.2,70.3,69.8
24/10/2024 19:04,23.1,17.9,61.6,948.5,552,948.5,0,23.2,15.3,1038,0,0,0,101,101,23.1,5.2,70.3,69.8
24/10/2024 19:05,23.1,17.9,61.6,948.4,552,948.4,0,23.2,15.3,1039,0,0,0,101,101,23.1,5.2,70.3,69.8
24/10/2024 19:05,23.1,17.9,61.6,948.5,552,948.5,0,23.2,15.3,1038,0,0,0,101,101,23.1,5.2,70.3,69.8
24/10/2024 19:06,23.1,17.9,61.6,948.4,552,948.4,0,23.2,15.3,1039,0,0,0,100,101,23.1,5.2,70.3,69.8
24/10/2024 19:06,23.1,17.9,61.6,948.4,552,948.4,0,23.2,15.3,1039,0,0,0,100,101,23.1,5.2,70.3,69.8
24/10/2024 19:07,23.1,17.9,61.6,948.2,554,948.3,0,23.2,15.3,1040,0,0,0,100,101,23.1,5.2,70.3,69.8
24/10/2024 19:07,23.1,17.9,61.6,948.2,554,948.2,0,23.2,15.3,1041,0,0,0,101,101,23.1,5.2,70.3,69.8
24/10/2024 19:08,23.1,17.9,61.6,948.2,554,948.3,0,23.2,15.3,1040,0,0,0,100,101,23.1,5.2,70.3,69.8
24/10/2024 19:08,23.1,17.9,61.6,948.2,554,948.2,0,23.2,15.3,1041,0,0,0,100,100,23.1,5.2,70.3,69.8
24/10/2024 19:09,23.1,17.9,61.6,948.2,554,948.3,0,23.2,15.3,1040,0,0,0,100,101,23.1,5.2,70.3,69.8
24/10/2024 19:09,23.1,17.9,61.6,948.2,554,948.3,0,23.2,15.3,1040,0,0,0,101,101,23.1,5.2,70.3,69.8
24/10/2024 19:10,23.1,17.9,61.6,948.2,554,948.2,0,23.2,15.3,1041,0,0,0,100,101,23.1,5.2,70.3,69.8
24/10/2024 19:10,23.1,17.9,61.6,948.2,554,948.3,0,23.2,15.3,1040,0,0,0,100,101,23.1,5.2,70.3,69.8
24/10/2024 19:11,23.1,17.9,61.5,948.2,553,948.3,0,23.2,15.3,1041,0,0,0,100,101,23.1,5.2,70.3,69.8
24/10/2024 19:11,23.1,17.9,61.6,948.4,552,948.4,0,23.2,15.3,1039,0,0,0,101,101,23.1,5.2,70.3,69.8
24/10/2024 19:12,23.1,18,61.6,948.4,552,948.4,0,23.2,15.3,1040,0,0,0,101,102,23.1,5.1,70.3,69.8
24/10/2024 19:12,23.1,18,61.6,948.4,553,948.4,0,23.2,15.3,1040,0,0,0,100,100,23.1,5.1,70.3,69.8
24/10/2024 19:13,23.1,18,61.6,948.5,552,948.5,0,23.2,15.3,1039,0,0,0,101,101,23.1,5.1,70.3,69.8
24/10/2024 19:13,23.1,18,61.6,948.5,552,948.5,0,23.2,15.3,1039,0,0,0,101,101,23.1,5.1,70.3,69.8
24/10/2024 19:14,23.1,18,61.6,948.5,552,948.6,0,23.2,15.4,1038,0,0,0,100,101,23.1,5.1,70.3,69.9
24/10/2024 19:14,23.1,18,61.6,948.7,550,948.7,0,23.2,15.4,1036,0,0,0,100,101,23.1,5.1,70.3,69.9
24/10/2024 19:15,23.1,18,61.6,948.7,550,948.7,0,23.2,15.4,1036,0,0,0,101,101,23.1,5.1,70.3,69.9
24/10/2024 19:15,23.1,18,61.6,948.7,550,948.8,0,23.2,15.4,1036,0,0,0,100,101,23.1,5.2,70.4,69.9
24/10/2024 19:16,23.1,18,61.6,948.7,550,948.7,0,23.2,15.4,1038,0,0,0,100,101,23.1,5.2,70.4,69.9
24/10/2024 19:16,23.1,18,61.6,948.7,550,948.7,0,23.2,15.4,1038,0,0,0,101,101,23.1,5.2,70.4,69.9
24/10/2024 19:17,23.1,18,61.6,948.7,550,948.6,0,23.2,15.4,1039,0,0,0,100,100,23.1,5.2,70.4,69.9
24/10/2024 19:17,23.1,18,61.6,948.7,550,948.7,0,23.2,15.4,1038,0,0,0,101,102,23.1,5.2,70.4,69.9
24/10/2024 19:18,23.1,18,61.6,948.7,550,948.6,0,23.2,15.4,1039,0,0,0,101,101,23.1,5.2,70.4,69.9
24/10/2024 19:18,23.1,18,61.7,948.7,550,948.7,0,23.2,15.4,1038,0,0,0,101,102,23.1,5.2,70.4,69.9
24/10/2024 19:19,23.2,18,61.7,948.7,550,948.7,0,23.2,15.4,1038,0,0,0,101,102,23.1,5.2,70.4,69.9
24/10/2024 19:19,23.2,18,61.7,948.7,550,948.7,0,23.2,15.4,1038,0,0,0,101,101,23.1,5.2,70.4,69.9
24/10/2024 19:20,23.2,18,61.7,948.5,552,948.6,0,23.2,15.4,1040,0,0,0,100,101,23.1,5.2,70.4,69.9
24/10/2024 19:20,23.2,18,61.7,948.5,552,948.6,0,23.2,15.4,1040,0,0,0,101,101,23.1,5.2,70.4,69.9
24/10/2024 19:21,23.2,18,61.7,948.5,550,948.6,0,23.2,15.4,1040,0,0,0,100,100,23.1,5.2,70.4,69.9
24/10/2024 19:21,23.2,18,61.7,948.5,552,948.5,0,23.2,15.4,1040,0,0,0,100,101,23.1,5.2,70.4,69.9
24/10/2024 19:22,23.2,18,61.7,948.4,552,948.4,0,23.2,15.4,1041,0,0,0,101,101,23.1,5.2,70.4,69.9
24/10/2024 19:22,23.2,18,61.7,948.4,553,948.4,0,23.2,15.4,1041,0,0,0,100,101,23.1,5.2,70.4,69.9
24/10/2024 19:23,23.2,18,61.7,948.2,553,948.3,0,23.2,15.4,1043,0,0,0,100,101,23.1,5.2,70.4,69.9
24/10/2024 19:23,23.2,18,61.7,948.2,554,948.2,0,23.2,15.4,1044,0,0,0,100,101,23.1,5.2,70.4,69.9
24/10/2024 19:24,23.2,18,61.7,948.2,555,948.2,0,23.2,15.4,1044,0,0,0,101,102,23.1,5.2,70.4,69.9
24/10/2024 19:24,23.2,18,61.7,948,555,948.1,0,23.2,15.4,1045,0,0,0,100,101,23.1,5.2,70.4,69.9
24/10/2024 19:25,23.2,18,61.7,948.2,555,948.2,0,23.2,15.4,1044,0,0,0,100,100,23.1,5.2,70.4,69.9
24/10/2024 19:25,23.2,18,61.7,948,555,948.1,0,23.2,15.4,1045,0,0,0,100,101,23.1,5.2,70.4,69.9
24/10/2024 19:26,23.2,18,61.6,948.2,554,948.2,0,23.2,15.4,1044,0,0,0,100,100,23.1,5.2,70.4,69.9
24/10/2024 19:26,23.2,18,61.7,948.2,554,948.2,0,23.2,15.4,1044,0,0,0,100,101,23.1,5.2,70.4,69.9
24/10/2024 19:27,23.2,18,61.6,948.2,554,948.3,0,23.2,15.4,1043,0,0,0,100,100,23.1,5.2,70.4,69.9
24/10/2024 19:27,23.2,18,61.6,948.2,554,948.2,0,23.2,15.4,1044,0,0,0,101,101,23.1,5.2,70.4,69.9
24/10/2024 19:28,23.2,18,61.7,948.2,554,948.3,0,23.2,15.4,1043,0,0,0,100,101,23.1,5.2,70.4,69.9
24/10/2024 19:28,23.2,18,61.6,948.2,555,948.2,0,23.2,15.4,1044,0,0,0,100,101,23.1,5.2,70.4,69.9
24/10/2024 19:29,23.1,18,61.6,948.2,554,948.2,0,23.2,15.4,1044,0,0,0,100,101,23.1,5.2,70.4,69.9
24/10/2024 19:29,23.2,18,61.6,948.2,554,948.2,0,23.2,15.4,1044,0,0,0,100,101,23.1,5.2,70.4,69.9
24/10/2024 19:30,23.1,18,61.6,948.2,555,948.2,0,23.2,15.4,1044,0,0,0,100,101,23.1,5.2,70.4,69.9
24/10/2024 19:30,23.1,18,61.6,948.2,555,948.2,0,23.2,15.4,1044,0,0,0,100,100,23.1,5.2,70.4,69.9
24/10/2024 19:31,23.1,18,61.6,948.2,554,948.3,0,23.2,15.4,1042,0,0,0,100,101,23.1,5.2,70.4,69.9
24/10/2024 19:31,23.1,18,61.6,948.2,554,948.3,0,23.2,15.4,1042,0,0,0,100,101,23.1,5.2,70.4,69.9
24/10/2024 19:32,23.1,18,61.5,948.2,554,948.3,0,23.2,15.4,1042,0,0,0,100,101,23.1,5.2,70.4,69.9
24/10/2024 19:32,23.1,18,61.5,948.2,554,948.2,0,23.2,15.3,1044,0,0,0,101,101,23.1,5.2,70.4,69.9
24/10/2024 19:33,23.1,18,61.5,948.2,554,948.3,0,23.2,15.3,1042,0,0,0,100,101,23.1,5.2,70.4,69.9
24/10/2024 19:33,23.1,18,61.6,948.2,554,948.2,0,23.2,15.3,1042,0,0,0,100,101,23.1,5.1,70.3,69.8
24/10/2024 19:34,23.1,17.9,61.5,948.2,554,948.2,0,23.2,15.3,1042,0,0,0,100,101,23.1,5.2,70.3,69.8
24/10/2024 19:34,23.1,17.9,61.5,948.2,554,948.2,0,23.2,15.3,1042,0,0,0,100,101,23.1,5.2,70.3,69.8
24/10/2024 19:35,23.1,17.9,61.5,948.2,554,948.2,0,23.2,15.3,1042,0,0,0,100,101,23.1,5.2,70.3,69.8
24/10/2024 19:35,23.1,17.9,61.5,948.2,555,948.1,0,23.2,15.3,1044,0,0,0,100,101,23.1,5.2,70.3,69.8
24/10/2024 19:36,23.1,17.9,61.5,948.2,555,948.2,0,23.2,15.3,1042,0,0,0,100,101,23.1,5.2,70.3,69.8
24/10/2024 19:36,23.1,17.9,61.5,948.2,555,948.2,0,23.2,15.3,1042,0,0,0,101,101,23.1,5.2,70.3,69.8
24/10/2024 19:37,23.1,17.9,61.5,948.2,554,948.3,0,23.2,15.3,1041,0,0,0,101,101,23.1,5.2,70.3,69.8
24/10/2024 19:37,23.1,17.9,61.5,948.2,555,948.2,0,23.1,15.3,1041,0,0,0,101,101,23.1,5.2,70.3,69.8
24/10/2024 19:38,23.1,17.9,61.6,948.2,554,948.3,0,23.2,15.3,1040,0,0,0,100,101,23.1,5.2,70.3,69.8
24/10/2024 19:38,23.1,17.9,61.6,948.2,553,948.3,0,23.2,15.3,1040,0,0,0,101,101,23.1,5.2,70.3,69.8
24/10/2024 19:39,23.1,17.9,61.5,948.2,554,948.2,0,23.1,15.3,1041,0,0,0,101,101,23.1,5.2,70.3,69.8
24/10/2024 19:39,23.1,17.9,61.5,948.2,554,948.2,0,23.2,15.3,1042,0,0,0,100,101,23.1,5.2,70.3,69.8
24/10/2024 19:40,23.1,17.9,61.5,948.2,554,948.3,0,23.1,15.3,1040,0,0,0,100,101,23.1,5.2,70.3,69.8
24/10/2024 19:40,23.1,17.9,61.6,948.2,554,948.3,0,23.2,15.3,1040,0,0,0,101,101,23.1,5.2,70.3,69.8
24/10/2024 19:41,23.1,17.9,61.6,948.2,553,948.3,0,23.2,15.3,1040,0,0,0,101,102,23.1,5.2,70.3,69.8
24/10/2024 19:41,23.1,17.9,61.6,948.2,554,948.2,0,23.2,15.3,1041,0,0,0,101,101,23.1,5.2,70.3,69.8
24/10/2024 19:42,23.1,17.9,61.5,948.2,555,948.1,0,23.1,15.3,1042,0,0,0,101,101,23.1,5.2,70.3,69.8
24/10/2024 19:42,23.1,17.9,61.6,948.2,555,948.2,0,23.2,15.3,1041,0,0,0,101,101,23.1,5.2,70.3,69.8
24/10/2024 19:43,23.1,17.9,61.5,948.2,554,948.2,0,23.2,15.3,1042,0,0,0,101,101,23.1,5.2,70.3,69.8
24/10/2024 19:43,23.1,17.9,61.5,948.2,555,948.2,0,23.2,15.3,1042,0,0,0,101,101,23.1,5.2,70.3,69.8
24/10/2024 19:44,23.1,17.9,61.5,948.2,554,948.2,0,23.2,15.3,1042,0,0,0,100,101,23.1,5.2,70.3,69.8
24/10/2024 19:44,23.1,17.9,61.5,948.2,555,948.2,0,23.2,15.3,1042,0,0,0,101,101,23.1,5.2,70.3,69.8
24/10/2024 19:45,23.1,17.9,61.5,948.2,554,948.3,0,23.2,15.3,1041,0,0,0,101,101,23.1,5.2,70.3,69.8
24/10/2024 19:45,23.1,17.9,61.5,948.2,555,948.2,0,23.2,15.3,1042,0,0,0,101,102,23.1,5.2,70.3,69.8
24/10/2024 19:46,23.1,17.9,61.5,948.2,554,948.3,0,23.2,15.3,1041,0,0,0,101,101,23.1,5.2,70.3,69.8
24/10/2024 19:46,23.1,17.9,61.5,948.2,554,948.2,0,23.2,15.3,1042,0,0,0,101,102,23.1,5.2,70.3,69.8
24/10/2024 19:47,23.1,18,61.6,948.2,555,948.2,0,23.2,15.3,1042,0,0,0,100,101,23.1,5.1,70.3,69.8
24/10/2024 19:47,23.1,18,61.6,948.2,554,948.3,0,23.2,15.4,1041,0,0,0,100,100,23.1,5.1,70.3,69.9
24/10/2024 19:48,23.1,18,61.6,948.2,554,948.3,0,23.2,15.4,1042,0,0,0,100,101,23.1,5.2,70.4,69.9
24/10/2024 19:48,23.1,18,61.6,948.2,554,948.3,0,23.2,15.4,1042,0,0,0,101,102,23.1,5.2,70.4,69.9
24/10/2024 19:49,23.1,18,61.6,948.2,555,948.2,0,23.2,15.4,1044,0,0,0,100,101,23.1,5.2,70.4,69.9
24/10/2024 19:49,23.1,18,61.6,948,555,948.1,0,23.2,15.4,1044,0,0,0,101,101,23.1,5.2,70.4,69.9
24/10/2024 19:50,23.1,18,61.6,948.2,554,948.3,0,23.2,15.4,1042,0,0,0,101,101,23.1,5.2,70.4,69.9
24/10/2024 19:50,23.1,18,61.6,948.2,554,948.3,0,23.2,15.4,1042,0,0,0,100,101,23.1,5.2,70.4,69.9
24/10/2024 19:51,23.2,18,61.6,948.4,553,948.4,0,23.2,15.4,1041,0,0,0,102,102,23.1,5.2,70.4,69.9
24/10/2024 19:51,23.2,18,61.6,948.4,553,948.4,0,23.2,15.4,1041,0,0,0,101,102,23.1,5.2,70.4,69.9
24/10/2024 19:52,23.2,18,61.6,948.2,554,948.2,0,23.2,15.4,1044,0,0,0,100,101,23.1,5.2,70.4,69.9
24/10/2024 19:52,23.2,18,61.6,948.2,554,948.3,0,23.2,15.4,1043,0,0,0,101,101,23.1,5.2,70.4,69.9
24/10/2024 19:53,23.2,18,61.6,948.4,553,948.4,0,23.2,15.4,1041,0,0,0,101,102,23.1,5.2,70.4,69.9
24/10/2024 19:53,23.2,18,61.6,948.2,553,948.3,0,23.2,15.4,1043,0,0,0,101,101,23.1,5.2,70.4,69.9
24/10/2024 19:54,23.2,18,61.6,948.4,552,948.4,0,23.2,15.4,1041,0,0,0,101,101,23.1,5.2,70.4,69.9
24/10/2024 19:54,23.2,18,61.6,948.2,554,948.3,0,23.2,15.4,1043,0,0,0,100,101,23.1,5.2,70.4,69.9
24/10/2024 19:55,23.2,18,61.7,948.4,552,948.4,0,23.2,15.4,1041,0,0,0,101,102,23.1,5.2,70.4,69.9
24/10/2024 19:55,23.2,18,61.7,948.4,552,948.4,0,23.2,15.4,1041,0,0,0,101,101,23.1,5.2,70.4,69.9
24/10/2024 19:56,23.2,18,61.7,948.5,552,948.5,0,23.2,15.4,1040,0,0,0,100,101,23.1,5.2,70.4,69.9
24/10/2024 19:56,23.2,18,61.7,948.5,552,948.5,0,23.2,15.4,1040,0,0,0,101,102,23.1,5.2,70.4,69.9
24/10/2024 19:57,23.2,18,61.7,948.5,552,948.5,0,23.2,15.4,1040,0,0,0,101,101,23.1,5.2,70.4,69.9
24/10/2024 19:57,23.2,18,61.7,948.5,552,948.5,0,23.2,15.4,1040,0,0,0,101,101,23.1,5.2,70.4,69.9
24/10/2024 19:58,23.2,18,61.7,948.5,552,948.6,0,23.2,15.4,1040,0,0,0,99,100,23.1,5.2,70.4,69.9
24/10/2024 19:58,23.2,18,61.7,948.5,552,948.5,0,23.2,15.4,1040,0,0,0,101,101,23.1,5.2,70.4,69.9
24/10/2024 19:59,23.2,18,61.7,948.5,550,948.6,0,23.2,15.4,1040,0,0,0,100,101,23.1,5.2,70.4,69.9
24/10/2024 19:59,23.2,18,61.7,948.5,552,948.6,0,23.2,15.4,1040,0,0,0,101,102,23.1,5.2,70.4,69.9
24/10/2024 20:00,23.2,18,61.7,948.7,550,948.7,0,23.2,15.4,1038,0,0,0,101,102,23.1,5.2,70.4,69.9
24/10/2024 20:00,23.2,18,61.7,948.5,552,948.5,0,23.2,15.4,1040,0,0,0,101,101,23.1,5.2,70.4,69.9
24/10/2024 20:01,23.2,18,61.7,948.5,552,948.5,0,23.2,15.4,1040,0,0,0,101,102,23.1,5.2,70.4,69.9
24/10/2024 20:01,23.2,18,61.7,948.5,552,948.6,0,23.2,15.4,1040,0,0,0,101,101,23.1,5.2,70.4,69.9
24/10/2024 20:02,23.2,18,61.7,948.5,552,948.5,0,23.2,15.4,1040,0,0,0,100,101,23.1,5.2,70.4,69.9
24/10/2024 20:02,23.2,18,61.7,948.5,552,948.5,0,23.2,15.4,1040,0,0,0,101,101,23.1,5.2,70.4,69.9
24/10/2024 20:03,23.2,18,61.7,948.4,552,948.4,0,23.2,15.4,1041,0,0,0,101,102,23.1,5.2,70.4,69.9
24/10/2024 20:03,23.2,18,61.7,948.5,552,948.5,0,23.2,15.4,1040,0,0,0,100,101,23.1,5.2,70.4,69.9
24/10/2024 20:04,23.2,18,61.6,948.5,552,948.5,0,23.2,15.4,1040,0,0,0,101,101,23.1,5.2,70.4,69.9
24/10/2024 20:04,23.2,18,61.7,948.4,552,948.4,0,23.2,15.4,1041,0,0,0,101,101,23.1,5.2,70.4,69.9
24/10/2024 20:05,23.2,18,61.7,948.4,553,948.4,0,23.2,15.4,1041,0,0,0,100,101,23.1,5.2,70.4,69.9
24/10/2024 20:05,23.2,18,61.6,948.2,553,948.3,0,23.2,15.4,1043,0,0,0,100,101,23.1,5.2,70.4,69.9
24/10/2024 20:06,23.2,18,61.6,948.2,553,948.3,0,23.2,15.4,1043,0,0,0,101,101,23.1,5.2,70.4,69.9
24/10/2024 20:06,23.2,18,61.7,948.4,553,948.4,0,23.2,15.4,1041,0,0,0,101,101,23.1,5.2,70.4,69.9
24/10/2024 20:07,23.2,18,61.6,948.2,554,948.3,0,23.2,15.4,1043,0,0,0,101,101,23.1,5.2,70.4,69.9
24/10/2024 20:07,23.2,18,61.6,948.2,554,948.3,0,23.2,15.4,1043,0,0,0,101,101,23.1,5.2,70.4,69.9
24/10/2024 20:08,23.2,18,61.7,948.2,554,948.3,0,23.2,15.4,1043,0,0,0,100,101,23.1,5.2,70.4,69.9
24/10/2024 20:08,23.2,18,61.7,948.2,554,948.2,0,23.2,15.4,1044,0,0,0,101,101,23.1,5.2,70.4,69.9
24/10/2024 20:09,23.2,18,61.6,948.2,554,948.3,0,23.2,15.4,1043,0,0,0,101,101,23.1,5.2,70.4,69.9
24/10/2024 20:09,23.2,18,61.7,948.2,555,948.2,0,23.2,15.4,1044,0,0,0,101,101,23.1,5.2,70.4,69.9
24/10/2024 20:10,23.2,18,61.7,948.2,554,948.3,0,23.2,15.4,1043,0,0,0,100,101,23.1,5.2,70.4,69.9
24/10/2024 20:10,23.2,18,61.7,948.2,554,948.3,0,23.2,15.4,1043,0,0,0,101,101,23.1,5.2,70.4,69.9
24/10/2024 20:11,23.2,18,61.7,948.2,554,948.3,0,23.2,15.4,1043,0,0,0,101,101,23.1,5.2,70.4,69.9
24/10/2024 20:11,23.2,18,61.5,948.2,554,948.3,0,23.3,15.4,1044,0,0,0,101,101,23.2,5.2,70.4,69.9
24/10/2024 20:12,23.2,18,61.5,948.2,554,948.3,0,23.3,15.4,1044,0,0,0,101,101,23.2,5.2,70.4,69.9
24/10/2024 20:12,23.2,18,61.5,948.2,554,948.3,0,23.3,15.4,1044,0,0,0,101,101,23.2,5.2,70.4,69.9
24/10/2024 20:13,23.2,18,61.6,948.2,554,948.3,0,23.3,15.4,1044,0,0,0,101,101,23.2,5.2,70.4,70
24/10/2024 20:13,23.2,18,61.6,948.2,553,948.3,0,23.3,15.4,1044,0,0,0,101,101,23.2,5.2,70.4,70
24/10/2024 20:14,23.2,18,61.6,948.4,552,948.4,0,23.3,15.4,1043,0,0,0,101,101,23.2,5.2,70.4,70
24/10/2024 20:14,23.2,18,61.6,948.4,552,948.4,0,23.3,15.4,1043,0,0,0,100,100,23.2,5.2,70.4,70
24/10/2024 20:15,23.2,18,61.6,948.4,553,948.4,0,23.3,15.4,1043,0,0,0,101,101,23.2,5.2,70.4,70
24/10/2024 20:15,23.2,18,61.7,948.4,553,948.4,0,23.3,15.4,1043,0,0,0,100,101,23.2,5.2,70.4,70
24/10/2024 20:16,23.2,18,61.6,948.4,552,948.4,0,23.3,15.4,1044,0,0,0,100,101,23.2,5.2,70.5,70
24/10/2024 20:16,23.2,18,61.6,948.4,553,948.4,0,23.3,15.4,1044,0,0,0,100,101,23.2,5.2,70.5,70
24/10/2024 20:17,23.2,18.1,61.6,948.4,552,948.4,0,23.3,15.4,1044,0,0,0,100,101,23.2,5.1,70.5,70
24/10/2024 20:17,23.2,18.1,61.6,948.4,552,948.4,0,23.3,15.4,1044,0,0,0,100,101,23.2,5.1,70.5,70
24/10/2024 20:18,23.2,18.1,61.7,948.4,553,948.4,0,23.3,15.5,1044,0,0,0,100,101,23.2,5.1,70.5,70
24/10/2024 20:18,23.2,18.1,61.6,948.4,553,948.4,0,23.3,15.4,1044,0,0,0,101,101,23.2,5.1,70.5,70
24/10/2024 20:19,23.2,18.1,61.7,948.4,552,948.4,0,23.3,15.5,1044,0,0,0,100,101,23.2,5.1,70.5,70
24/10/2024 20:19,23.2,18.1,61.7,948.4,553,948.4,0,23.3,15.5,1044,0,0,0,100,101,23.2,5.1,70.5,70
24/10/2024 20:20,23.2,18.1,61.7,948.4,553,948.4,0,23.3,15.5,1044,0,0,0,101,102,23.2,5.1,70.5,70
24/10/2024 20:20,23.2,18.1,61.7,948.4,553,948.4,0,23.3,15.5,1044,0,0,0,100,100,23.2,5.1,70.5,70
24/10/2024 20:21,23.2,18.1,61.7,948.4,553,948.4,0,23.3,15.5,1044,0,0,0,101,101,23.2,5.1,70.5,70
24/10/2024 20:21,23.2,18.1,61.7,948.4,552,948.4,0,23.3,15.5,1044,0,0,0,100,101,23.2,5.1,70.5,70
24/10/2024 20:22,23.2,18.1,61.7,948.4,553,948.4,0,23.3,15.5,1044,0,0,0,101,101,23.2,5.1,70.5,70
24/10/2024 20:22,23.2,18.1,61.7,948.4,552,948.4,0,23.3,15.5,1044,0,0,0,101,101,23.2,5.1,70.5,70
24/10/2024 20:23,23.2,18.1,61.7,948.2,553,948.3,0,23.3,15.5,1045,0,0,0,101,102,23.2,5.1,70.5,70
24/10/2024 20:23,23.2,18.1,61.7,948.4,552,948.4,0,23.3,15.5,1044,0,0,0,101,101,23.2,5.1,70.5,70
24/10/2024 20:24,23.2,18.1,61.6,948.5,552,948.5,0,23.3,15.5,1043,0,0,0,101,101,23.2,5.1,70.5,70
24/10/2024 20:24,23.2,18.1,61.7,948.2,553,948.3,0,23.3,15.5,1045,0,0,0,100,100,23.2,5.1,70.5,70
24/10/2024 20:25,23.2,18.1,61.7,948.4,552,948.4,0,23.3,15.5,1044,0,0,0,101,101,23.2,5.1,70.5,70
24/10/2024 20:25,23.2,18.1,61.7,948.5,552,948.5,0,23.3,15.5,1043,0,0,0,101,101,23.2,5.1,70.5,70
24/10/2024 20:26,23.2,18.1,61.7,948.5,552,948.5,0,23.3,15.5,1043,0,0,0,100,100,23.2,5.1,70.5,70
24/10/2024 20:26,23.2,18.1,61.7,948.5,552,948.5,0,23.3,15.5,1043,0,0,0,101,102,23.2,5.1,70.5,70
24/10/2024 20:27,23.2,18.1,61.7,948.5,552,948.5,0,23.3,15.4,1043,0,0,0,101,101,23.2,5.1,70.5,70
24/10/2024 20:27,23.2,18.1,61.7,948.5,552,948.5,0,23.3,15.5,1043,0,0,0,101,101,23.2,5.1,70.5,70
24/10/2024 20:28,23.2,18.1,61.7,948.5,552,948.5,0,23.3,15.4,1043,0,0,0,100,101,23.2,5.1,70.5,70
24/10/2024 20:28,23.2,18.1,61.7,948.4,552,948.4,0,23.3,15.4,1044,0,0,0,101,101,23.2,5.1,70.5,70
24/10/2024 20:29,23.2,18.1,61.7,948.4,552,948.4,0,23.3,15.4,1044,0,0,0,100,100,23.2,5.1,70.5,70
24/10/2024 20:29,23.2,18,61.6,948.4,552,948.4,0,23.3,15.4,1044,0,0,0,100,101,23.2,5.2,70.5,70
24/10/2024 20:30,23.2,18.1,61.6,948.2,553,948.3,0,23.3,15.4,1044,0,0,0,100,101,23.2,5.1,70.5,70
24/10/2024 20:30,23.2,18,61.5,948.2,553,948.4,0,23.3,15.4,1044,0,0,0,101,101,23.2,5.2,70.5,70
24/10/2024 20:31,23.2,18,61.5,948.2,554,948.3,0,23.3,15.4,1044,0,0,0,100,101,23.2,5.2,70.5,70
24/10/2024 20:31,23.2,18,61.6,948.2,555,948.2,0,23.3,15.4,1046,0,0,0,101,101,23.2,5.2,70.5,70
24/10/2024 20:32,23.2,18,61.5,948.2,553,948.3,0,23.3,15.4,1044,0,0,0,100,101,23.2,5.2,70.5,70
24/10/2024 20:32,23.2,18,61.5,948.2,554,948.2,0,23.3,15.4,1046,0,0,0,100,101,23.2,5.2,70.5,70
24/10/2024 20:33,23.2,18,61.6,948.2,553,948.3,0,23.3,15.4,1044,0,0,0,100,101,23.2,5.2,70.4,69.9
24/10/2024 20:33,23.2,18,61.6,948.2,554,948.2,0,23.3,15.4,1045,0,0,0,100,100,23.2,5.2,70.4,70
24/10/2024 20:34,23.2,18,61.6,948.2,554,948.2,0,23.3,15.4,1045,0,0,0,101,102,23.2,5.2,70.4,70
24/10/2024 20:34,23.2,18,61.5,948.2,553,948.3,0,23.3,15.4,1044,0,0,0,100,101,23.2,5.2,70.4,69.9
24/10/2024 20:35,23.2,18,61.5,948.4,553,948.4,0,23.3,15.4,1043,0,0,0,100,100,23.2,5.2,70.4,69.9
24/10/2024 20:35,23.2,18,61.5,948.5,552,948.5,0,23.3,15.4,1041,0,0,0,101,101,23.2,5.2,70.4,69.9
24/10/2024 20:36,23.2,18,61.5,948.4,553,948.4,0,23.3,15.4,1043,0,0,0,101,101,23.2,5.2,70.4,69.9
24/10/2024 20:36,23.2,18,61.5,948.5,552,948.5,0,23.3,15.4,1041,0,0,0,100,100,23.2,5.2,70.4,69.9
24/10/2024 20:37,23.2,18,61.5,948.5,552,948.5,0,23.3,15.4,1041,0,0,0,100,101,23.2,5.2,70.4,69.9
24/10/2024 20:37,23.2,18,61.5,948.4,552,948.4,0,23.3,15.4,1043,0,0,0,101,101,23.2,5.2,70.4,69.9
24/10/2024 20:38,23.2,18,61.5,948.5,552,948.5,0,23.3,15.4,1041,0,0,0,101,101,23.2,5.2,70.4,69.9
24/10/2024 20:38,23.2,18,61.5,948.5,552,948.5,0,23.3,15.4,1041,0,0,0,100,101,23.2,5.2,70.4,69.9
24/10/2024 20:39,23.2,18,61.5,948.5,552,948.5,0,23.3,15.4,1041,0,0,0,100,101,23.2,5.2,70.4,69.9
24/10/2024 20:39,23.2,18,61.5,948.5,552,948.5,0,23.3,15.4,1041,0,0,0,100,101,23.2,5.2,70.4,69.9
24/10/2024 20:40,23.2,18,61.5,948.5,552,948.5,0,23.3,15.4,1041,0,0,0,100,101,23.2,5.2,70.4,69.9
24/10/2024 20:40,23.2,18,61.5,948.5,550,948.6,0,23.3,15.4,1040,0,0,0,100,101,23.2,5.2,70.4,69.9
24/10/2024 20:41,23.2,18,61.6,948.5,552,948.5,0,23.3,15.4,1041,0,0,0,100,101,23.2,5.2,70.4,69.9
24/10/2024 20:41,23.2,18,61.6,948.5,550,948.6,0,23.3,15.4,1040,0,0,0,100,100,23.2,5.2,70.4,69.9
24/10/2024 20:42,23.2,18,61.6,948.7,550,948.6,0,23.3,15.4,1040,0,0,0,101,101,23.2,5.2,70.4,69.9
24/10/2024 20:42,23.2,18,61.6,948.7,550,948.7,0,23.3,15.4,1040,0,0,0,101,101,23.2,5.2,70.4,69.9
24/10/2024 20:43,23.2,18,61.5,948.7,550,948.7,0,23.3,15.4,1040,0,0,0,100,101,23.2,5.2,70.5,70
24/10/2024 20:43,23.2,18,61.5,948.5,552,948.6,0,23.3,15.4,1041,0,0,0,100,100,23.2,5.2,70.5,70
24/10/2024 20:44,23.2,18,61.6,948.5,552,948.6,0,23.3,15.4,1041,0,0,0,101,101,23.2,5.2,70.5,70
24/10/2024 20:44,23.2,18,61.5,948.5,552,948.5,0,23.3,15.4,1043,0,0,0,100,101,23.2,5.2,70.5,70
24/10/2024 20:45,23.2,18,61.6,948.5,552,948.6,0,23.3,15.4,1041,0,0,0,100,100,23.2,5.2,70.5,70
24/10/2024 20:45,23.2,18.1,61.6,948.5,552,948.6,0,23.3,15.4,1041,0,0,0,100,101,23.2,5.1,70.5,70
24/10/2024 20:46,23.2,18,61.6,948.5,552,948.5,0,23.3,15.4,1043,0,0,0,101,101,23.2,5.2,70.5,70
24/10/2024 20:46,23.2,18.1,61.6,948.5,552,948.5,0,23.3,15.4,1043,0,0,0,101,101,23.2,5.1,70.5,70
24/10/2024 20:47,23.2,18.1,61.7,948.5,552,948.6,0,23.3,15.4,1041,0,0,0,101,101,23.2,5.1,70.5,70
24/10/2024 20:47,23.2,18.1,61.7,948.5,552,948.5,0,23.3,15.5,1043,0,0,0,100,101,23.2,5.1,70.5,70
24/10/2024 20:48,23.2,18.1,61.6,948.4,552,948.4,0,23.3,15.4,1044,0,0,0,100,101,23.2,5.1,70.5,70
24/10/2024 20:48,23.2,18.1,61.6,948.4,552,948.4,0,23.3,15.5,1044,0,0,0,100,101,23.2,5.1,70.5,70
24/10/2024 20:49,23.2,18.1,61.7,948.5,552,948.5,0,23.3,15.5,1043,0,0,0,101,102,23.2,5.1,70.5,70
24/10/2024 20:49,23.2,18.1,61.7,948.4,552,948.4,0,23.3,15.5,1044,0,0,0,100,101,23.2,5.1,70.5,70
24/10/2024 20:50,23.2,18.1,61.7,948.5,552,948.5,0,23.3,15.5,1043,0,0,0,112,113,23.2,5.1,70.5,70
24/10/2024 20:50,23.2,18.1,61.7,948.5,552,948.5,0,23.3,15.5,1043,0,0,0,112,113,23.2,5.1,70.5,70
24/10/2024 20:51,23.2,18.1,61.7,948.5,552,948.5,0,23.3,15.5,1043,0,0,0,113,113,23.2,5.1,70.5,70
24/10/2024 20:51,23.2,18.1,61.7,948.5,552,948.5,0,23.3,15.5,1043,0,0,0,113,113,23.2,5.1,70.5,70
24/10/2024 20:52,23.2,18.1,61.7,948.5,550,948.6,0,23.3,15.5,1042,0,0,0,112,113,23.2,5.1,70.5,70
24/10/2024 20:52,23.2,18.1,61.7,948.5,550,948.6,0,23.3,15.5,1042,0,0,0,113,113,23.2,5.1,70.5,70
24/10/2024 20:53,23.2,18.1,61.7,948.5,550,948.6,0,23.3,15.5,1042,0,0,0,113,113,23.2,5.1,70.5,70
24/10/2024 20:53,23.2,18.1,61.7,948.7,550,948.7,0,23.3,15.5,1041,0,0,0,113,113,23.2,5.1,70.5,70
24/10/2024 20:54,23.2,18.1,61.7,948.7,550,948.7,0,23.3,15.5,1041,0,0,0,113,113,23.2,5.1,70.5,70
24/10/2024 20:54,23.2,18.1,61.7,948.7,550,948.8,0,23.3,15.5,1040,0,0,0,112,113,23.2,5.1,70.5,70
24/10/2024 20:55,23.2,18.1,61.7,948.7,550,948.7,0,23.3,15.5,1041,0,0,0,112,113,23.2,5.1,70.5,70
24/10/2024 20:55,23.2,18.1,61.7,948.7,550,948.7,0,23.3,15.5,1041,0,0,0,112,113,23.2,5.1,70.5,70
24/10/2024 20:56,23.2,18.1,61.7,948.7,549,948.8,0,23.3,15.5,1040,0,0,0,112,113,23.2,5.1,70.5,70
24/10/2024 20:56,23.2,18.1,61.7,948.7,550,948.7,0,23.3,15.5,1041,0,0,0,113,113,23.2,5.1,70.5,70
24/10/2024 20:57,23.2,18.1,61.7,948.7,549,948.8,0,23.3,15.5,1040,0,0,0,113,113,23.2,5.1,70.5,70
24/10/2024 20:57,23.2,18.1,61.6,948.7,549,948.8,0,23.3,15.5,1040,0,0,0,113,113,23.2,5.1,70.5,70
24/10/2024 20:58,23.2,18.1,61.7,948.7,550,948.7,0,23.3,15.5,1040,0,0,0,113,113,23.2,5.1,70.5,70
24/10/2024 20:58,23.2,18.1,61.6,948.7,550,948.8,0,23.3,15.5,1040,0,0,0,112,113,23.2,5.1,70.5,70
24/10/2024 20:59,23.2,18.1,61.6,948.7,550,948.7,0,23.3,15.4,1040,0,0,0,112,113,23.2,5.1,70.5,70
24/10/2024 20:59,23.2,18,61.6,948.7,550,948.7,0,23.3,15.4,1040,0,0,0,113,113,23.2,5.2,70.5,70
24/10/2024 21:00,23.2,18,61.6,948.7,550,948.6,0,23.3,15.4,1041,0,0,0,112,113,23.2,5.2,70.5,70
24/10/2024 21:00,23.2,18,61.6,948.5,550,948.6,0,23.3,15.4,1041,0,0,0,113,113,23.2,5.2,70.5,70
24/10/2024 21:01,23.2,18,61.6,948.5,552,948.6,0,23.3,15.4,1041,0,0,0,113,113,23.2,5.2,70.5,70
24/10/2024 21:01,23.2,18,61.5,948.5,552,948.5,0,23.3,15.4,1043,0,0,0,112,113,23.2,5.2,70.5,70
24/10/2024 21:02,23.2,18,61.6,948.5,552,948.5,0,23.3,15.4,1041,0,0,0,112,113,23.2,5.2,70.4,70
24/10/2024 21:02,23.2,18,61.6,948.2,553,948.4,0,23.3,15.4,1043,0,0,0,113,113,23.2,5.2,70.4,69.9
24/10/2024 21:03,23.2,18,61.6,948.4,553,948.4,0,23.3,15.4,1043,0,0,0,113,114,23.2,5.2,70.4,69.9
24/10/2024 21:03,23.2,18,61.6,948.4,552,948.4,0,23.3,15.4,1043,0,0,0,113,113,23.2,5.2,70.4,69.9
24/10/2024 21:04,23.2,18,61.6,948.5,552,948.5,0,23.3,15.4,1041,0,0,0,112,113,23.2,5.2,70.4,69.9
24/10/2024 21:04,23.2,18,61.5,948.4,552,948.4,0,23.3,15.4,1043,0,0,0,113,113,23.2,5.2,70.4,69.9
24/10/2024 21:05,23.2,18,61.5,948.5,552,948.5,0,23.2,15.4,1040,0,0,0,113,113,23.2,5.2,70.4,69.9
24/10/2024 21:05,23.2,18,61.5,948.4,553,948.4,0,23.2,15.4,1041,0,0,0,113,113,23.2,5.2,70.4,69.9
24/10/2024 21:06,23.2,18,61.5,948.5,552,948.5,0,23.2,15.4,1040,0,0,0,112,113,23.2,5.2,70.4,69.9
24/10/2024 21:06,23.2,18,61.5,948.4,552,948.4,0,23.2,15.4,1041,0,0,0,112,113,23.2,5.2,70.4,69.9
24/10/2024 21:07,23.2,18,61.6,948.4,552,948.4,0,23.2,15.4,1041,0,0,0,113,113,23.1,5.2,70.4,69.9
24/10/2024 21:07,23.2,18,61.6,948.5,552,948.5,0,23.2,15.4,1040,0,0,0,112,113,23.1,5.2,70.4,69.9
24/10/2024 21:08,23.2,18,61.6,948.4,552,948.4,0,23.2,15.4,1041,0,0,0,113,113,23.1,5.2,70.4,69.9
24/10/2024 21:08,23.2,18,61.6,948.4,552,948.4,0,23.2,15.4,1041,0,0,0,113,114,23.1,5.2,70.4,69.9
24/10/2024 21:09,23.2,18,61.6,948.4,552,948.4,0,23.2,15.4,1041,0,0,0,113,113,23.1,5.2,70.4,69.9
24/10/2024 21:09,23.2,18,61.6,948.5,552,948.5,0,23.2,15.4,1040,0,0,0,112,113,23.1,5.2,70.4,69.9
24/10/2024 21:10,23.2,18,61.6,948.5,552,948.5,0,23.2,15.4,1040,0,0,0,113,113,23.1,5.2,70.4,69.9
24/10/2024 21:10,23.2,18,61.6,948.2,553,948.3,0,23.2,15.4,1043,0,0,0,113,113,23.1,5.2,70.4,69.9
24/10/2024 21:11,23.2,18,61.6,948.4,553,948.4,0,23.2,15.4,1041,0,0,0,112,113,23.1,5.2,70.4,69.9
24/10/2024 21:11,23.2,18,61.6,948.4,553,948.4,0,23.2,15.4,1041,0,0,0,113,113,23.1,5.2,70.4,69.9
24/10/2024 21:12,23.2,18,61.6,948.2,553,948.3,0,23.2,15.4,1043,0,0,0,112,112,23.1,5.2,70.4,69.9
24/10/2024 21:12,23.2,18,61.6,948.4,552,948.4,0,23.2,15.4,1041,0,0,0,112,113,23.1,5.2,70.4,69.9
24/10/2024 21:13,23.2,18,61.6,948.4,552,948.4,0,23.2,15.4,1041,0,0,0,113,113,23.1,5.2,70.4,69.9
24/10/2024 21:13,23.2,18,61.6,948.4,552,948.4,0,23.2,15.4,1041,0,0,0,113,113,23.1,5.2,70.4,69.9
24/10/2024 21:14,23.2,18,61.6,948.4,552,948.4,0,23.2,15.4,1041,0,0,0,112,113,23.1,5.2,70.4,69.9
24/10/2024 21:14,23.2,18,61.6,948.2,553,948.3,0,23.2,15.4,1043,0,0,0,112,113,23.1,5.2,70.4,69.9
24/10/2024 21:15,23.2,18,61.6,948.5,552,948.5,0,23.2,15.4,1040,0,0,0,113,113,23.1,5.2,70.4,69.9
24/10/2024 21:15,23.2,18,61.6,948.4,553,948.4,0,23.2,15.4,1041,0,0,0,112,112,23.1,5.2,70.4,69.9
24/10/2024 21:16,23.2,18,61.6,948.2,553,948.3,0,23.2,15.4,1043,0,0,0,112,113,23.1,5.2,70.4,69.9
24/10/2024 21:16,23.2,18,61.6,948.4,552,948.4,0,23.2,15.4,1041,0,0,0,113,114,23.1,5.2,70.4,69.9
24/10/2024 21:17,23.2,18,61.5,948.4,552,948.4,0,23.2,15.4,1041,0,0,0,113,113,23.2,5.2,70.4,69.9
24/10/2024 21:17,23.2,18,61.6,948.4,553,948.4,0,23.2,15.4,1041,0,0,0,113,113,23.1,5.2,70.4,69.9
24/10/2024 21:18,23.2,18,61.5,948.2,553,948.3,0,23.3,15.4,1044,0,0,0,112,113,23.2,5.2,70.4,69.9
24/10/2024 21:18,23.2,18,61.5,948.4,552,948.4,0,23.3,15.4,1043,0,0,0,112,113,23.2,5.2,70.4,69.9
24/10/2024 21:19,23.2,18,61.6,948.5,550,948.6,0,23.2,15.4,1040,0,0,0,112,113,23.1,5.2,70.4,69.9
24/10/2024 21:19,23.2,18,61.5,948.4,552,948.4,0,23.3,15.4,1043,0,0,0,113,113,23.2,5.2,70.4,69.9
24/10/2024 21:20,23.2,18,61.6,948.4,552,948.4,0,23.3,15.4,1043,0,0,0,113,113,23.2,5.2,70.4,69.9
24/10/2024 21:20,23.2,18,61.6,948.4,552,948.4,0,23.3,15.4,1043,0,0,0,112,113,23.2,5.2,70.4,69.9
24/10/2024 21:21,23.2,18,61.6,948.4,552,948.4,0,23.3,15.4,1043,0,0,0,113,113,23.2,5.2,70.4,70
24/10/2024 21:21,23.2,18,61.6,948.4,552,948.4,0,23.3,15.4,1043,0,0,0,113,113,23.2,5.2,70.4,70
24/10/2024 21:22,23.2,18,61.6,948.4,552,948.4,0,23.3,15.4,1043,0,0,0,112,113,23.2,5.2,70.4,70
24/10/2024 21:22,23.2,18,61.6,948.4,553,948.4,0,23.3,15.4,1043,0,0,0,113,113,23.2,5.2,70.4,70
24/10/2024 21:23,23.2,18,61.6,948.4,552,948.4,0,23.3,15.4,1043,0,0,0,112,112,23.2,5.2,70.4,70
24/10/2024 21:23,23.2,18,61.6,948.2,553,948.3,0,23.3,15.4,1044,0,0,0,113,113,23.2,5.2,70.4,70
24/10/2024 21:24,23.2,18,61.6,948.2,553,948.3,0,23.3,15.4,1044,0,0,0,112,113,23.2,5.2,70.4,70
24/10/2024 21:24,23.2,18,61.7,948.2,554,948.3,0,23.3,15.4,1044,0,0,0,112,113,23.2,5.2,70.4,70
24/10/2024 21:25,23.2,18,61.6,948.2,554,948.3,0,23.3,15.4,1044,0,0,0,112,113,23.2,5.2,70.5,70
24/10/2024 21:25,23.2,18,61.6,948.2,553,948.3,0,23.3,15.4,1044,0,0,0,112,113,23.2,5.2,70.5,70
24/10/2024 21:26,23.2,18,61.6,948.2,555,948.2,0,23.3,15.4,1046,0,0,0,113,113,23.2,5.2,70.5,70
24/10/2024 21:26,23.2,18,61.6,948.2,554,948.3,0,23.3,15.4,1044,0,0,0,113,113,23.2,5.2,70.5,70
24/10/2024 21:27,23.2,18,61.6,948.5,552,948.5,0,23.3,15.4,1043,0,0,0,113,113,23.2,5.2,70.5,70
24/10/2024 21:27,23.2,18.1,61.7,948.2,553,948.3,0,23.3,15.4,1044,0,0,0,113,113,23.2,5.1,70.5,70
24/10/2024 21:28,23.2,18.1,61.7,948.4,552,948.4,0,23.3,15.4,1044,0,0,0,113,113,23.2,5.1,70.5,70
24/10/2024 21:28,23.2,18.1,61.7,948.2,553,948.3,0,23.3,15.5,1044,0,0,0,112,112,23.2,5.1,70.5,70
24/10/2024 21:29,23.2,18.1,61.7,948.2,553,948.3,0,23.3,15.5,1044,0,0,0,112,113,23.2,5.1,70.5,70
24/10/2024 21:29,23.2,18.1,61.6,948.2,553,948.3,0,23.3,15.5,1045,0,0,0,113,114,23.2,5.1,70.5,70
24/10/2024 21:30,23.2,18.1,61.7,948.4,553,948.4,0,23.3,15.5,1044,0,0,0,113,113,23.2,5.1,70.5,70
24/10/2024 21:30,23.2,18.1,61.7,948.5,552,948.5,0,23.3,15.5,1043,0,0,0,112,113,23.2,5.1,70.5,70
24/10/2024 21:31,23.2,18.1,61.7,948.4,552,948.4,0,23.3,15.5,1044,0,0,0,113,113,23.2,5.1,70.5,70
24/10/2024 21:31,23.2,18.1,61.7,948.4,553,948.4,0,23.3,15.5,1044,0,0,0,112,113,23.2,5.1,70.5,70
24/10/2024 21:32,23.2,18.1,61.7,948.4,553,948.4,0,23.3,15.5,1044,0,0,0,112,113,23.2,5.1,70.5,70
24/10/2024 21:32,23.2,18.1,61.7,948.4,553,948.4,0,23.3,15.5,1044,0,0,0,113,113,23.2,5.1,70.5,70
24/10/2024 21:33,23.2,18.1,61.7,948.2,553,948.3,0,23.3,15.5,1045,0,0,0,112,113,23.2,5.1,70.5,70
24/10/2024 21:33,23.2,18.1,61.8,948.4,553,948.4,0,23.3,15.5,1044,0,0,0,112,113,23.2,5.1,70.5,70
24/10/2024 21:34,23.2,18.1,61.7,948.4,553,948.4,0,23.3,15.5,1044,0,0,0,112,113,23.2,5.1,70.5,70
24/10/2024 21:34,23.2,18.1,61.7,948.2,553,948.3,0,23.3,15.5,1045,0,0,0,112,112,23.2,5.1,70.5,70
24/10/2024 21:35,23.2,18.1,61.7,948.4,552,948.4,0,23.3,15.5,1044,0,0,0,112,113,23.2,5.1,70.5,70
24/10/2024 21:35,23.2,18.1,61.6,948.2,553,948.3,0,23.3,15.5,1045,0,0,0,113,113,23.2,5.1,70.5,70
24/10/2024 21:36,23.2,18.1,61.6,948.2,554,948.3,0,23.3,15.5,1045,0,0,0,113,113,23.2,5.1,70.5,70
24/10/2024 21:36,23.2,18.1,61.6,948.2,554,948.3,0,23.3,15.5,1045,0,0,0,112,113,23.2,5.1,70.5,70
24/10/2024 21:37,23.2,18.1,61.6,948.2,553,948.3,0,23.3,15.5,1045,0,0,0,113,113,23.2,5.1,70.5,70
24/10/2024 21:37,23.2,18.1,61.6,948.2,553,948.3,0,23.3,15.5,1045,0,0,0,112,113,23.2,5.1,70.5,70
24/10/2024 21:38,23.2,18.1,61.7,948.2,553,948.3,0,23.3,15.4,1044,0,0,0,113,114,23.2,5.1,70.5,70
24/10/2024 21:38,23.2,18.1,61.7,948.2,553,948.3,0,23.3,15.4,1044,0,0,0,112,112,23.2,5.1,70.5,70
24/10/2024 21:39,23.2,18,61.6,948.4,552,948.4,0,23.3,15.4,1044,0,0,0,112,113,23.2,5.2,70.5,70
24/10/2024 21:39,23.2,18.1,61.6,948.4,553,948.4,0,23.3,15.4,1044,0,0,0,113,114,23.2,5.1,70.5,70
24/10/2024 21:40,23.2,18.1,61.6,948.4,553,948.4,0,23.3,15.4,1044,0,0,0,112,113,23.2,5.1,70.5,70
24/10/2024 21:40,23.2,18,61.7,948.4,552,948.4,0,23.3,15.4,1043,0,0,0,113,113,23.2,5.2,70.4,70
24/10/2024 21:41,23.2,18,61.6,948.2,553,948.4,0,23.3,15.4,1044,0,0,0,112,113,23.2,5.2,70.5,70
24/10/2024 21:41,23.2,18,61.6,948.2,553,948.3,0,23.3,15.4,1044,0,0,0,112,113,23.2,5.2,70.4,69.9
24/10/2024 21:42,23.2,18,61.6,948.4,552,948.4,0,23.3,15.4,1043,0,0,0,112,113,23.2,5.2,70.4,69.9
24/10/2024 21:42,23.2,18,61.6,948.2,553,948.3,0,23.3,15.4,1044,0,0,0,112,113,23.2,5.2,70.4,69.9
24/10/2024 21:43,23.2,18,61.6,948.4,552,948.4,0,23.3,15.4,1043,0,0,0,112,113,23.2,5.2,70.4,69.9
24/10/2024 21:43,23.2,18,61.5,948.5,552,948.5,0,23.3,15.4,1041,0,0,0,113,113,23.2,5.2,70.4,69.9
24/10/2024 21:44,23.2,18,61.5,948.5,552,948.5,0,23.3,15.4,1041,0,0,0,113,113,23.2,5.2,70.4,69.9
24/10/2024 21:44,23.2,18,61.6,948.5,552,948.5,0,23.2,15.4,1040,0,0,0,112,113,23.1,5.2,70.4,69.9
24/10/2024 21:45,23.2,18,61.6,948.5,552,948.5,0,23.2,15.4,1040,0,0,0,112,113,23.1,5.2,70.4,69.9
24/10/2024 21:45,23.2,18,61.6,948.5,552,948.5,0,23.2,15.4,1040,0,0,0,113,113,23.1,5.2,70.4,69.9
24/10/2024 21:46,23.2,18,61.6,948.5,552,948.6,0,23.2,15.4,1040,0,0,0,113,113,23.1,5.2,70.4,69.9
24/10/2024 21:46,23.2,18,61.5,948.7,550,948.6,0,23.2,15.4,1040,0,0,0,113,114,23.1,5.2,70.4,69.9
24/10/2024 21:47,23.2,18,61.5,948.5,552,948.5,0,23.2,15.4,1040,0,0,0,113,113,23.1,5.2,70.4,69.9
24/10/2024 21:47,23.2,18,61.5,948.5,552,948.6,0,23.2,15.4,1040,0,0,0,112,113,23.1,5.2,70.4,69.9
24/10/2024 21:48,23.2,18,61.5,948.5,552,948.5,0,23.2,15.4,1040,0,0,0,113,113,23.1,5.2,70.4,69.9
24/10/2024 21:48,23.1,18,61.6,948.5,552,948.5,0,23.2,15.4,1040,0,0,0,113,113,23.1,5.2,70.4,69.9
24/10/2024 21:49,23.1,18,61.6,948.5,552,948.5,0,23.2,15.4,1040,0,0,0,113,113,23.1,5.2,70.4,69.9
24/10/2024 21:49,23.1,18,61.6,948.5,552,948.5,0,23.2,15.4,1040,0,0,0,112,113,23.1,5.2,70.4,69.9
24/10/2024 21:50,23.1,18,61.6,948.5,552,948.5,0,23.2,15.4,1040,0,0,0,113,113,23.1,5.2,70.4,69.9
24/10/2024 21:50,23.1,18,61.6,948.5,550,948.6,0,23.2,15.4,1039,0,0,0,112,113,23.1,5.2,70.4,69.9
24/10/2024 21:51,23.1,18,61.5,948.5,552,948.6,0,23.2,15.3,1039,0,0,0,113,113,23.1,5.2,70.4,69.9
24/10/2024 21:51,23.1,18,61.5,948.5,552,948.6,0,23.2,15.3,1039,0,0,0,113,113,23.1,5.2,70.4,69.9
24/10/2024 21:52,23.1,18,61.5,948.4,552,948.4,0,23.2,15.3,1041,0,0,0,113,114,23.1,5.2,70.4,69.9
24/10/2024 21:52,23.1,18,61.5,948.4,553,948.4,0,23.2,15.3,1041,0,0,0,113,113,23.1,5.2,70.4,69.9
24/10/2024 21:53,23.1,18,61.5,948.4,553,948.4,0,23.2,15.3,1041,0,0,0,113,113,23.1,5.2,70.4,69.9
24/10/2024 21:53,23.1,18,61.5,948.5,552,948.5,0,23.2,15.3,1040,0,0,0,113,113,23.1,5.2,70.4,69.9
24/10/2024 21:54,23.1,18,61.5,948.4,553,948.4,0,23.2,15.3,1041,0,0,0,113,113,23.1,5.2,70.4,69.9
24/10/2024 21:54,23.1,18,61.6,948.2,553,948.3,0,23.2,15.3,1041,0,0,0,112,113,23.1,5.1,70.3,69.8
24/10/2024 21:55,23.1,18,61.6,948.5,552,948.5,0,23.2,15.3,1039,0,0,0,113,113,23.1,5.1,70.3,69.8
24/10/2024 21:55,23.1,18,61.6,948.4,552,948.4,0,23.2,15.3,1040,0,0,0,113,113,23.1,5.1,70.3,69.8
24/10/2024 21:56,23.1,18,61.5,948.4,553,948.4,0,23.1,15.3,1040,0,0,0,113,113,23.1,5.2,70.3,69.9
24/10/2024 21:56,23.1,18,61.6,948.2,554,948.3,0,23.2,15.3,1041,0,0,0,112,113,23.1,5.1,70.3,69.8
24/10/2024 21:57,23.1,18,61.6,948.2,553,948.3,0,23.2,15.3,1041,0,0,0,113,113,23.1,5.1,70.3,69.8
24/10/2024 21:57,23.1,18,61.6,948.2,553,948.3,0,23.2,15.3,1041,0,0,0,113,113,23.1,5.1,70.3,69.8
24/10/2024 21:58,23.1,18,61.6,948.4,552,948.4,0,23.2,15.3,1040,0,0,0,113,114,23.1,5.1,70.3,69.8
24/10/2024 21:58,23.1,18,61.6,948.4,552,948.4,0,23.2,15.4,1040,0,0,0,113,113,23.1,5.1,70.3,69.9
24/10/2024 21:59,23.1,18,61.6,948.4,552,948.4,0,23.2,15.4,1040,0,0,0,113,113,23.1,5.1,70.3,69.9
24/10/2024 21:59,23.1,18,61.5,948.4,552,948.4,0,23.2,15.4,1041,0,0,0,112,113,23.1,5.2,70.4,69.9
24/10/2024 22:00,23.1,18,61.6,948.5,552,948.5,0,23.2,15.4,1039,0,0,0,112,112,23.1,5.1,70.3,69.9
24/10/2024 22:00,23.1,18,61.5,948.5,552,948.5,0,23.2,15.4,1040,0,0,0,113,113,23.1,5.2,70.4,69.9
24/10/2024 22:01,23.1,18,61.6,948.4,552,948.4,0,23.2,15.4,1040,0,0,0,113,113,23.1,5.1,70.3,69.9
24/10/2024 22:01,23.1,18,61.6,948.2,553,948.3,0,23.2,15.4,1041,0,0,0,112,113,23.1,5.1,70.3,69.9
24/10/2024 22:02,23.1,18,61.6,948.5,552,948.5,0,23.2,15.4,1040,0,0,0,113,114,23.1,5.2,70.4,69.9
24/10/2024 22:02,23.1,18,61.6,948.4,553,948.4,0,23.2,15.4,1041,0,0,0,113,114,23.1,5.2,70.4,69.9
24/10/2024 22:03,23.1,18,61.6,948.4,553,948.4,0,23.2,15.4,1041,0,0,0,113,114,23.1,5.2,70.4,69.9
24/10/2024 22:03,23.1,18,61.6,948.2,554,948.3,0,23.2,15.4,1042,0,0,0,113,113,23.1,5.2,70.4,69.9
24/10/2024 22:04,23.1,18,61.6,948.2,554,948.3,0,23.2,15.4,1042,0,0,0,113,114,23.1,5.2,70.4,69.9
24/10/2024 22:04,23.1,18,61.6,948.2,553,948.3,0,23.2,15.4,1042,0,0,0,113,113,23.1,5.2,70.4,69.9
24/10/2024 22:05,23.1,18,61.6,948.2,555,948.2,0,23.2,15.4,1044,0,0,0,112,113,23.1,5.2,70.4,69.9
24/10/2024 22:05,23.1,18,61.6,948.2,554,948.2,0,23.2,15.4,1044,0,0,0,112,113,23.1,5.2,70.4,69.9
24/10/2024 22:06,23.1,18,61.6,948.2,553,948.3,0,23.2,15.4,1042,0,0,0,112,112,23.1,5.2,70.4,69.9
24/10/2024 22:06,23.1,18,61.6,948.2,553,948.3,0,23.2,15.4,1042,0,0,0,112,112,23.1,5.2,70.4,69.9
24/10/2024 22:07,23.1,18,61.6,948.2,555,948.2,0,23.2,15.4,1044,0,0,0,113,113,23.1,5.2,70.4,69.9
24/10/2024 22:07,23.1,18,61.7,948.2,554,948.2,0,23.2,15.4,1044,0,0,0,113,113,23.1,5.2,70.4,69.9
24/10/2024 22:08,23.1,18,61.6,948,555,948.1,0,23.2,15.4,1044,0,0,0,113,113,23.1,5.2,70.4,69.9
24/10/2024 22:08,23.1,18,61.7,948.2,555,948.1,0,23.2,15.4,1044,0,0,0,112,113,23.1,5.2,70.4,69.9
24/10/2024 22:09,23.1,18,61.7,948,556,948.1,0,23.2,15.4,1044,0,0,0,113,113,23.1,5.2,70.4,69.9
24/10/2024 22:09,23.1,18,61.7,948.2,554,948.2,0,23.2,15.4,1044,0,0,0,113,114,23.1,5.2,70.4,69.9
24/10/2024 22:10,23.1,18,61.7,948,555,948.1,0,23.2,15.4,1044,0,0,0,113,113,23.1,5.2,70.4,69.9
24/10/2024 22:10,23.2,18,61.7,948,555,948.1,0,23.2,15.4,1045,0,0,0,112,113,23.1,5.2,70.4,69.9
24/10/2024 22:11,23.2,18,61.7,948.2,555,948.1,0,23.2,15.4,1045,0,0,0,113,113,23.1,5.2,70.4,69.9
24/10/2024 22:11,23.2,18,61.7,948,555,948.1,0,23.2,15.4,1045,0,0,0,113,113,23.1,5.2,70.4,69.9
24/10/2024 22:12,23.2,18,61.7,948,556,948.1,0,23.2,15.4,1045,0,0,0,113,113,23.1,5.2,70.4,69.9
24/10/2024 22:12,23.2,18,61.8,948,557,948,0,23.2,15.4,1046,0,0,0,113,113,23.1,5.2,70.4,69.9
24/10/2024 22:13,23.2,18,61.7,948,556,948,0,23.2,15.4,1046,0,0,0,113,113,23.1,5.2,70.4,69.9
24/10/2024 22:13,23.2,18,61.8,948,556,948.1,0,23.2,15.4,1045,0,0,0,112,113,23.1,5.2,70.4,69.9
24/10/2024 22:14,23.2,18,61.8,948,556,948,0,23.2,15.4,1046,0,0,0,113,114,23.1,5.2,70.4,69.9
24/10/2024 22:14,23.2,18,61.8,948,556,948.1,0,23.2,15.4,1045,0,0,0,112,113,23.1,5.2,70.4,69.9
24/10/2024 22:15,23.2,18,61.8,948,556,948.1,0,23.2,15.4,1045,0,0,0,112,113,23.1,5.2,70.4,69.9
24/10/2024 22:15,23.2,18.1,61.8,948,556,948.1,0,23.2,15.4,1045,0,0,0,113,113,23.1,5.1,70.4,69.9
24/10/2024 22:16,23.2,18.1,61.8,948,556,948,0,23.2,15.4,1046,0,0,0,113,113,23.1,5.1,70.4,69.9
24/10/2024 22:16,23.2,18.1,61.7,948,556,948,0,23.3,15.4,1047,0,0,0,113,113,23.2,5.1,70.4,70
24/10/2024 22:17,23.2,18,61.7,948.2,555,948.2,0,23.3,15.4,1045,0,0,0,113,113,23.2,5.2,70.4,70
24/10/2024 22:17,23.2,18.1,61.7,948.2,555,948.2,0,23.3,15.4,1045,0,0,0,113,113,23.2,5.1,70.4,70
24/10/2024 22:18,23.2,18.1,61.7,948.2,555,948.2,0,23.3,15.4,1045,0,0,0,113,113,23.2,5.1,70.4,70
24/10/2024 22:18,23.2,18.1,61.7,948.2,554,948.2,0,23.3,15.4,1045,0,0,0,113,114,23.2,5.1,70.4,70
24/10/2024 22:19,23.2,18.1,61.7,948.2,553,948.3,0,23.3,15.4,1044,0,0,0,112,113,23.2,5.1,70.4,70
24/10/2024 22:19,23.2,18.1,61.7,948.2,553,948.3,0,23.3,15.4,1044,0,0,0,113,113,23.2,5.1,70.4,70
24/10/2024 22:20,23.2,18.1,61.7,948.5,552,948.5,0,23.3,15.4,1043,0,0,0,113,113,23.2,5.1,70.5,70
24/10/2024 22:20,23.2,18.1,61.7,948.5,552,948.6,0,23.3,15.4,1040,0,0,0,112,113,23.2,5.1,70.4,70
24/10/2024 22:21,23.2,18.1,61.8,948.5,552,948.5,0,23.3,15.5,1041,0,0,0,112,112,23.2,5.1,70.4,70
24/10/2024 22:21,23.2,18.1,61.7,948.5,550,948.6,0,23.3,15.5,1041,0,0,0,113,113,23.2,5.1,70.5,70
24/10/2024 22:22,23.2,18.1,61.8,948.7,550,948.7,0,23.3,15.5,1040,0,0,0,113,113,23.2,5.1,70.4,70
24/10/2024 22:22,23.2,18.1,61.8,948.5,550,948.6,0,23.3,15.5,1041,0,0,0,113,114,23.2,5.1,70.5,70
24/10/2024 22:23,23.2,18.1,61.8,948.5,550,948.6,0,23.3,15.5,1041,0,0,0,112,113,23.2,5.1,70.5,70
24/10/2024 22:23,23.2,18.1,61.8,948.7,550,948.7,0,23.3,15.5,1040,0,0,0,112,113,23.2,5.1,70.5,70
24/10/2024 22:24,23.2,18.1,61.8,948.5,550,948.6,0,23.3,15.5,1041,0,0,0,112,113,23.2,5.1,70.5,70
24/10/2024 22:24,23.2,18.1,61.8,948.5,552,948.6,0,23.3,15.5,1041,0,0,0,113,114,23.2,5.1,70.5,70
24/10/2024 22:25,23.2,18.1,61.8,948.7,550,948.7,0,23.3,15.5,1040,0,0,0,113,113,23.2,5.1,70.5,70
24/10/2024 22:25,23.2,18.1,61.8,948.7,550,948.7,0,23.3,15.5,1040,0,0,0,113,113,23.2,5.1,70.5,70
24/10/2024 22:26,23.2,18.1,61.8,948.7,550,948.8,0,23.3,15.5,1039,0,0,0,113,113,23.2,5.1,70.5,70
24/10/2024 22:26,23.2,18.1,61.8,948.7,550,948.8,0,23.3,15.5,1039,0,0,0,113,113,23.2,5.1,70.5,70
24/10/2024 22:27,23.2,18.1,61.8,948.7,549,948.8,0,23.3,15.5,1040,0,0,0,112,113,23.2,5.1,70.5,70
24/10/2024 22:27,23.2,18.1,61.8,948.7,549,948.8,0,23.3,15.5,1040,0,0,0,113,113,23.2,5.1,70.5,70
24/10/2024 22:28,23.2,18.1,61.8,948.9,548,948.9,0,23.3,15.5,1039,0,0,0,113,113,23.2,5.1,70.5,70
24/10/2024 22:28,23.2,18.1,61.8,948.7,550,948.8,0,23.3,15.5,1040,0,0,0,113,113,23.2,5.1,70.5,70
24/10/2024 22:29,23.2,18.1,61.8,948.9,549,948.9,0,23.3,15.5,1039,0,0,0,112,113,23.2,5.1,70.5,70
24/10/2024 22:29,23.2,18.1,61.8,948.7,549,948.8,0,23.3,15.5,1040,0,0,0,113,113,23.2,5.1,70.5,70
24/10/2024 22:30,23.2,18.1,61.8,948.7,549,948.8,0,23.3,15.5,1040,0,0,0,113,114,23.2,5.1,70.5,70
24/10/2024 22:30,23.2,18.1,61.8,948.7,549,948.8,0,23.3,15.5,1040,0,0,0,113,113,23.2,5.1,70.5,70
24/10/2024 22:31,23.3,18.1,61.7,948.7,550,948.8,0,23.3,15.5,1041,0,0,0,113,113,23.2,5.2,70.5,70
24/10/2024 22:31,23.2,18.1,61.8,948.7,550,948.8,0,23.3,15.5,1040,0,0,0,113,113,23.2,5.1,70.5,70
24/10/2024 22:32,23.3,18.1,61.8,948.7,550,948.8,0,23.3,15.5,1041,0,0,0,113,113,23.2,5.2,70.5,70
24/10/2024 22:32,23.3,18.1,61.8,948.7,550,948.7,0,23.3,15.5,1042,0,0,0,113,113,23.2,5.2,70.5,70
24/10/2024 22:33,23.3,18.1,61.8,948.7,550,948.7,0,23.3,15.5,1042,0,0,0,113,113,23.2,5.2,70.5,70
24/10/2024 22:33,23.3,18.1,61.8,948.7,549,948.8,0,23.3,15.5,1041,0,0,0,112,113,23.2,5.2,70.5,70
24/10/2024 22:34,23.3,18.1,61.8,948.9,548,948.9,0,23.3,15.5,1040,0,0,0,112,113,23.2,5.2,70.5,70
24/10/2024 22:34,23.3,18.1,61.8,949,548,949,0,23.3,15.5,1039,0,0,0,112,112,23.2,5.2,70.5,70
24/10/2024 22:35,23.3,18.1,61.9,949,547,949.1,0,23.3,15.6,1038,0,0,0,113,113,23.2,5.2,70.5,70.1
24/10/2024 22:35,23.3,18.1,61.9,949,547,949,0,23.3,15.6,1039,0,0,0,113,113,23.2,5.2,70.5,70.1
24/10/2024 22:36,23.3,18.1,61.9,949,547,949,0,23.3,15.6,1039,0,0,0,113,114,23.2,5.2,70.5,70.1
24/10/2024 22:36,23.3,18.1,61.9,949.2,546,949.2,0,23.3,15.6,1036,0,0,0,113,113,23.2,5.2,70.5,70.1
24/10/2024 22:37,23.3,18.1,61.9,949.2,546,949.1,0,23.3,15.6,1038,0,0,0,112,113,23.2,5.2,70.5,70.1
24/10/2024 22:37,23.3,18.1,61.9,949.2,545,949.2,0,23.3,15.6,1036,0,0,0,113,114,23.2,5.2,70.5,70.1
24/10/2024 22:38,23.3,18.1,61.8,949.2,546,949.2,0,23.3,15.6,1037,0,0,0,112,113,23.2,5.2,70.6,70.1
24/10/2024 22:38,23.3,18.1,61.8,949,546,949.1,0,23.3,15.6,1039,0,0,0,112,113,23.2,5.2,70.6,70.1
24/10/2024 22:39,23.3,18.1,61.8,949,546,949.1,0,23.3,15.6,1039,0,0,0,113,113,23.2,5.2,70.6,70.1
24/10/2024 22:39,23.3,18.1,61.8,949.2,545,949.2,0,23.3,15.6,1037,0,0,0,113,113,23.2,5.2,70.6,70.1
24/10/2024 22:40,23.3,18.1,61.8,949.2,545,949.3,0,23.3,15.6,1036,0,0,0,113,113,23.2,5.2,70.6,70.1
24/10/2024 22:40,23.3,18.1,61.8,949.2,545,949.2,0,23.3,15.6,1037,0,0,0,113,113,23.2,5.2,70.6,70.1
24/10/2024 22:41,23.3,18.1,61.8,949.2,544,949.3,0,23.3,15.6,1036,0,0,0,113,113,23.2,5.2,70.6,70.1
24/10/2024 22:41,23.3,18.1,61.8,949.2,545,949.2,0,23.3,15.6,1037,0,0,0,112,113,23.2,5.2,70.6,70.1
24/10/2024 22:42,23.3,18.1,61.8,949.2,545,949.3,0,23.3,15.6,1036,0,0,0,113,113,23.2,5.2,70.6,70.1
24/10/2024 22:42,23.3,18.1,61.9,949.2,545,949.3,0,23.3,15.6,1036,0,0,0,113,113,23.2,5.2,70.6,70.1
24/10/2024 22:43,23.3,18.1,61.8,949.2,545,949.3,0,23.4,15.6,1036,0,0,0,112,113,23.3,5.2,70.6,70.1
24/10/2024 22:43,23.3,18.1,61.8,949.2,544,949.3,0,23.4,15.6,1036,0,0,0,112,113,23.3,5.2,70.6,70.1
24/10/2024 22:44,23.3,18.1,61.8,949.2,546,949.2,0,23.4,15.6,1038,0,0,0,112,113,23.3,5.2,70.6,70.1
24/10/2024 22:44,23.3,18.1,61.8,949.2,544,949.3,0,23.4,15.6,1036,0,0,0,113,113,23.3,5.2,70.6,70.1
24/10/2024 22:45,23.3,18.1,61.8,949.2,546,949.2,0,23.4,15.6,1038,0,0,0,113,113,23.3,5.2,70.6,70.1
24/10/2024 22:45,23.3,18.1,61.8,949,547,949.1,0,23.4,15.6,1039,0,0,0,112,113,23.3,5.2,70.6,70.1
24/10/2024 22:46,23.3,18.1,61.8,949.2,546,949.2,0,23.4,15.6,1038,0,0,0,112,113,23.3,5.2,70.6,70.1
24/10/2024 22:46,23.3,18.1,61.8,949,546,949.1,0,23.4,15.6,1039,0,0,0,113,113,23.3,5.2,70.6,70.1
24/10/2024 22:47,23.3,18.1,61.8,949.2,546,949.2,0,23.4,15.6,1038,0,0,0,113,113,23.3,5.2,70.6,70.1
24/10/2024 22:47,23.3,18.1,61.8,949.2,546,949.2,0,23.4,15.6,1038,0,0,0,113,113,23.3,5.2,70.6,70.1
24/10/2024 22:48,23.3,18.1,61.8,949.2,546,949.2,0,23.4,15.6,1039,0,0,0,112,113,23.3,5.2,70.6,70.1
24/10/2024 22:48,23.3,18.1,61.7,949.2,546,949.2,0,23.4,15.6,1039,0,0,0,112,113,23.3,5.2,70.6,70.1
24/10/2024 22:49,23.3,18.1,61.8,949.2,545,949.2,0,23.4,15.6,1039,0,0,0,112,113,23.3,5.2,70.6,70.1
24/10/2024 22:49,23.3,18.1,61.8,949.2,545,949.3,0,23.4,15.6,1038,0,0,0,113,113,23.3,5.2,70.6,70.1
24/10/2024 22:50,23.3,18.1,61.8,949.2,545,949.3,0,23.4,15.6,1038,0,0,0,112,113,23.3,5.2,70.6,70.1
24/10/2024 22:50,23.3,18.1,61.9,949.2,545,949.3,0,23.4,15.6,1038,0,0,0,113,113,23.3,5.2,70.6,70.1
24/10/2024 22:51,23.3,18.1,61.9,949.4,544,949.4,0,23.4,15.6,1036,0,0,0,113,113,23.3,5.2,70.6,70.1
24/10/2024 22:51,23.3,18.1,61.9,949.4,544,949.4,0,23.4,15.6,1036,0,0,0,113,113,23.3,5.2,70.6,70.1
24/10/2024 22:52,23.3,18.1,61.9,949.5,543,949.5,0,23.4,15.6,1036,0,0,0,113,114,23.3,5.2,70.6,70.1
24/10/2024 22:52,23.3,18.1,61.9,949.5,543,949.5,0,23.4,15.6,1036,0,0,0,113,113,23.3,5.2,70.6,70.1
24/10/2024 22:53,23.3,18.1,61.9,949.5,542,949.5,0,23.4,15.6,1036,0,0,0,113,114,23.3,5.2,70.6,70.1
24/10/2024 22:53,23.3,18.1,61.9,949.5,542,949.5,0,23.4,15.6,1036,0,0,0,112,113,23.3,5.2,70.6,70.1
24/10/2024 22:54,23.4,18.2,61.8,949.4,543,949.4,0,23.4,15.6,1038,0,0,0,112,113,23.3,5.1,70.7,70.2
24/10/2024 22:54,23.4,18.2,61.8,949.5,542,949.5,0,23.4,15.6,1036,0,0,0,113,113,23.3,5.1,70.7,70.2
24/10/2024 22:55,23.4,18.2,61.8,949.5,542,949.6,0,23.4,15.6,1036,0,0,0,112,113,23.3,5.1,70.7,70.2
24/10/2024 22:55,23.4,18.2,61.8,949.4,543,949.4,0,23.4,15.6,1038,0,0,0,114,114,23.3,5.1,70.7,70.2
24/10/2024 22:56,23.4,18.2,61.8,949.5,542,949.6,0,23.4,15.6,1036,0,0,0,112,113,23.3,5.1,70.7,70.2
24/10/2024 22:56,23.4,18.2,61.8,949.5,542,949.5,0,23.4,15.6,1036,0,0,0,113,114,23.3,5.1,70.7,70.2
24/10/2024 22:57,23.4,18.2,61.8,949.5,542,949.6,0,23.4,15.6,1036,0,0,0,113,114,23.3,5.1,70.7,70.2
24/10/2024 22:57,23.4,18.2,61.8,949.5,542,949.5,0,23.4,15.6,1036,0,0,0,113,113,23.3,5.1,70.7,70.2
24/10/2024 22:58,23.4,18.2,61.9,949.5,543,949.5,0,23.4,15.6,1036,0,0,0,113,113,23.3,5.1,70.7,70.2
24/10/2024 22:58,23.4,18.2,61.9,949.5,542,949.5,0,23.4,15.6,1036,0,0,0,113,113,23.3,5.1,70.7,70.2
24/10/2024 22:59,23.4,18.2,61.9,949.5,542,949.5,0,23.4,15.6,1036,0,0,0,113,113,23.3,5.1,70.7,70.2
24/10/2024 22:59,23.4,18.2,61.9,949.5,542,949.5,0,23.4,15.6,1036,0,0,0,113,113,23.3,5.1,70.7,70.2
24/10/2024 23:00,23.4,18.2,61.8,949.5,542,949.5,0,23.4,15.6,1037,0,0,0,112,113,23.3,5.2,70.7,70.2
24/10/2024 23:00,23.4,18.2,61.8,949.4,543,949.4,0,23.4,15.6,1038,0,0,0,113,113,23.3,5.2,70.7,70.2
24/10/2024 23:01,23.4,18.2,61.8,949.5,543,949.5,0,23.4,15.6,1037,0,0,0,113,113,23.3,5.2,70.7,70.2
24/10/2024 23:01,23.4,18.2,61.8,949.5,543,949.5,0,23.4,15.6,1037,0,0,0,113,113,23.3,5.2,70.7,70.2
24/10/2024 23:02,23.4,18.2,61.8,949.2,544,949.4,0,23.4,15.6,1038,0,0,0,112,113,23.3,5.2,70.7,70.2
24/10/2024 23:02,23.4,18.2,61.8,949.4,543,949.4,0,23.4,15.6,1038,0,0,0,112,113,23.3,5.2,70.7,70.2
24/10/2024 23:03,23.4,18.2,61.9,949.4,543,949.4,0,23.4,15.6,1038,0,0,0,112,113,23.3,5.2,70.7,70.2
24/10/2024 23:03,23.4,18.2,61.9,949.2,544,949.3,0,23.4,15.6,1039,0,0,0,112,113,23.3,5.2,70.7,70.2
24/10/2024 23:04,23.4,18.2,61.9,949.4,543,949.4,0,23.4,15.6,1038,0,0,0,113,113,23.3,5.2,70.7,70.2
24/10/2024 23:04,23.4,18.2,61.8,949.4,544,949.4,0,23.4,15.6,1038,0,0,0,113,114,23.3,5.2,70.7,70.2
24/10/2024 23:05,23.4,18.2,61.8,949.4,543,949.4,0,23.4,15.6,1040,0,0,0,113,113,23.3,5.2,70.7,70.2
24/10/2024 23:05,23.4,18.2,61.8,949.5,543,949.5,0,23.4,15.6,1038,0,0,0,113,113,23.3,5.2,70.7,70.2
24/10/2024 23:06,23.4,18.2,61.9,949.4,544,949.4,0,23.4,15.7,1038,0,0,0,113,113,23.3,5.2,70.7,70.2
24/10/2024 23:06,23.4,18.2,61.9,949.2,545,949.3,0,23.4,15.6,1039,0,0,0,112,113,23.3,5.2,70.7,70.2
24/10/2024 23:07,23.4,18.2,61.8,949.2,545,949.3,0,23.4,15.7,1040,0,0,0,113,113,23.3,5.2,70.7,70.2
24/10/2024 23:07,23.4,18.2,61.8,949.2,545,949.3,0,23.4,15.7,1040,0,0,0,113,113,23.3,5.2,70.7,70.2
24/10/2024 23:08,23.4,18.2,61.8,949.2,545,949.2,0,23.4,15.7,1041,0,0,0,113,114,23.3,5.2,70.7,70.2
24/10/2024 23:08,23.4,18.2,61.8,949.2,544,949.3,0,23.4,15.7,1040,0,0,0,113,113,23.3,5.2,70.7,70.2
24/10/2024 23:09,23.4,18.2,61.8,949.2,544,949.3,0,23.4,15.7,1040,0,0,0,113,113,23.3,5.2,70.7,70.2
24/10/2024 23:09,23.4,18.2,61.9,949.4,544,949.4,0,23.4,15.7,1040,0,0,0,113,113,23.3,5.2,70.7,70.2
24/10/2024 23:10,23.4,18.2,61.9,949.5,543,949.5,0,23.4,15.7,1038,0,0,0,113,114,23.3,5.2,70.7,70.2
24/10/2024 23:10,23.4,18.2,61.9,949.5,543,949.5,0,23.4,15.7,1038,0,0,0,113,113,23.3,5.2,70.7,70.2
24/10/2024 23:11,23.4,18.2,61.9,949.5,542,949.6,0,23.4,15.7,1037,0,0,0,113,113,23.3,5.2,70.7,70.2
24/10/2024 23:11,23.4,18.2,61.9,949.7,542,949.7,0,23.4,15.7,1036,0,0,0,112,113,23.3,5.2,70.7,70.2
24/10/2024 23:12,23.4,18.2,61.9,949.7,542,949.7,0,23.4,15.7,1036,0,0,0,112,113,23.3,5.2,70.7,70.2
24/10/2024 23:12,23.4,18.2,61.8,949.7,542,949.7,0,23.5,15.7,1036,0,0,0,113,113,23.4,5.2,70.8,70.2
24/10/2024 23:13,23.4,18.2,61.8,949.7,542,949.7,0,23.5,15.7,1036,0,0,0,113,114,23.4,5.2,70.8,70.2
24/10/2024 23:13,23.4,18.2,61.9,949.7,542,949.7,0,23.5,15.7,1036,0,0,0,113,113,23.4,5.2,70.8,70.3
24/10/2024 23:14,23.4,18.2,61.8,949.5,542,949.6,0,23.5,15.7,1038,0,0,0,113,113,23.4,5.2,70.8,70.2
24/10/2024 23:14,23.4,18.2,61.9,949.5,542,949.6,0,23.5,15.7,1038,0,0,0,113,113,23.4,5.2,70.8,70.3
24/10/2024 23:15,23.4,18.2,61.8,949.7,540,949.7,0,23.5,15.7,1036,0,0,0,113,114,23.4,5.2,70.8,70.2
24/10/2024 23:15,23.4,18.2,61.9,949.5,542,949.6,0,23.5,15.7,1038,0,0,0,112,113,23.4,5.2,70.8,70.3
24/10/2024 23:16,23.4,18.2,61.9,949.5,542,949.6,0,23.5,15.7,1038,0,0,0,112,113,23.4,5.2,70.8,70.3
24/10/2024 23:16,23.4,18.2,61.9,949.5,542,949.6,0,23.5,15.7,1038,0,0,0,113,114,23.4,5.2,70.8,70.3
24/10/2024 23:17,23.4,18.2,61.9,949.7,542,949.7,0,23.5,15.7,1036,0,0,0,113,114,23.4,5.2,70.8,70.3
24/10/2024 23:17,23.4,18.2,61.9,949.5,542,949.6,0,23.5,15.7,1038,0,0,0,113,113,23.4,5.2,70.8,70.3
24/10/2024 23:18,23.4,18.2,61.9,949.7,542,949.7,0,23.5,15.7,1036,0,0,0,113,113,23.4,5.2,70.8,70.3
24/10/2024 23:18,23.4,18.2,61.9,949.5,542,949.5,0,23.5,15.7,1039,0,0,0,113,113,23.4,5.2,70.8,70.3
24/10/2024 23:19,23.4,18.2,61.9,949.7,542,949.6,0,23.5,15.7,1039,0,0,0,113,113,23.4,5.2,70.8,70.3
24/10/2024 23:19,23.4,18.2,61.9,949.7,542,949.7,0,23.5,15.7,1038,0,0,0,113,113,23.4,5.2,70.8,70.3
24/10/2024 23:20,23.4,18.2,61.9,949.7,542,949.7,0,23.5,15.7,1038,0,0,0,112,113,23.4,5.2,70.8,70.3
24/10/2024 23:20,23.4,18.2,61.9,949.7,540,949.7,0,23.5,15.7,1038,0,0,0,113,113,23.4,5.2,70.8,70.3
24/10/2024 23:21,23.4,18.2,61.9,949.7,540,949.7,0,23.5,15.7,1038,0,0,0,112,113,23.4,5.2,70.8,70.3
24/10/2024 23:21,23.4,18.2,61.9,949.7,540,949.8,0,23.5,15.7,1036,0,0,0,113,113,23.4,5.2,70.8,70.3
24/10/2024 23:22,23.4,18.2,61.9,949.7,542,949.7,0,23.5,15.7,1038,0,0,0,113,113,23.4,5.2,70.8,70.3
24/10/2024 23:22,23.4,18.2,61.9,949.7,542,949.7,0,23.5,15.7,1038,0,0,0,113,114,23.4,5.2,70.8,70.3
24/10/2024 23:23,23.4,18.2,61.9,949.7,540,949.7,0,23.5,15.7,1038,0,0,0,113,113,23.4,5.2,70.8,70.3
24/10/2024 23:23,23.4,18.2,61.9,949.7,540,949.7,0,23.5,15.7,1038,0,0,0,112,113,23.4,5.2,70.8,70.3
24/10/2024 23:24,23.4,18.2,61.9,949.7,540,949.7,0,23.5,15.7,1038,0,0,0,112,113,23.4,5.2,70.8,70.3
24/10/2024 23:24,23.4,18.2,61.9,949.7,540,949.8,0,23.5,15.7,1036,0,0,0,113,114,23.4,5.2,70.8,70.3
24/10/2024 23:25,23.4,18.2,61.9,949.7,540,949.8,0,23.5,15.7,1036,0,0,0,113,114,23.4,5.2,70.8,70.3
24/10/2024 23:25,23.4,18.2,61.9,949.9,539,949.9,0,23.5,15.7,1036,0,0,0,113,114,23.4,5.2,70.8,70.3
24/10/2024 23:26,23.5,18.3,61.9,949.7,540,949.8,0,23.5,15.7,1037,0,0,0,113,113,23.4,5.2,70.8,70.3
24/10/2024 23:26,23.5,18.3,61.9,949.7,540,949.8,0,23.5,15.7,1037,0,0,0,113,113,23.4,5.2,70.8,70.3
24/10/2024 23:27,23.5,18.4,61.9,949.7,540,949.7,0,23.5,15.8,1039,0,0,0,113,113,23.4,5.1,70.8,70.3
24/10/2024 23:27,23.5,18.4,61.9,949.9,540,949.9,0,23.5,15.8,1036,0,0,0,113,113,23.4,5.1,70.8,70.3
24/10/2024 23:28,23.5,18.4,61.9,949.7,540,949.7,0,23.5,15.8,1039,0,0,0,113,113,23.4,5.1,70.8,70.3
24/10/2024 23:28,23.5,18.4,61.9,949.7,540,949.7,0,23.5,15.8,1039,0,0,0,113,113,23.4,5.1,70.8,70.3
24/10/2024 23:29,23.5,18.4,61.9,949.7,540,949.8,0,23.5,15.8,1037,0,0,0,113,113,23.4,5.1,70.8,70.3
24/10/2024 23:29,23.5,18.4,61.9,950,539,950,0,23.5,15.8,1036,0,0,0,113,113,23.4,5.1,70.8,70.3
24/10/2024 23:30,23.5,18.3,61.9,950,538,950,0,23.5,15.7,1036,0,0,0,113,114,23.4,5.2,70.8,70.3
24/10/2024 23:30,23.5,18.4,61.9,950,538,950,0,23.5,15.8,1036,0,0,0,113,114,23.4,5.1,70.8,70.3
24/10/2024 23:31,23.5,18.3,61.9,950,538,950,0,23.5,15.7,1036,0,0,0,112,112,23.4,5.2,70.8,70.3
24/10/2024 23:31,23.5,18.3,61.9,950,537,950.1,0,23.5,15.7,1034,0,0,0,113,113,23.4,5.2,70.8,70.3
24/10/2024 23:32,23.5,18.3,61.9,950,539,950,0,23.5,15.7,1036,0,0,0,113,113,23.4,5.2,70.8,70.3
24/10/2024 23:32,23.5,18.3,61.9,950,537,950.1,0,23.5,15.7,1034,0,0,0,113,113,23.4,5.2,70.8,70.3
24/10/2024 23:33,23.5,18.3,61.8,950.2,537,950.1,0,23.5,15.7,1035,0,0,0,113,113,23.4,5.2,70.8,70.3
24/10/2024 23:33,23.5,18.3,61.8,950.2,536,950.2,0,23.5,15.7,1034,0,0,0,113,114,23.4,5.2,70.8,70.3
24/10/2024 23:34,23.5,18.3,61.8,950.2,536,950.2,0,23.5,15.7,1034,0,0,0,112,113,23.4,5.2,70.8,70.3
24/10/2024 23:34,23.5,18.3,61.8,950.2,537,950.2,0,23.5,15.7,1034,0,0,0,113,113,23.4,5.2,70.8,70.3
24/10/2024 23:35,23.5,18.3,61.8,950.2,537,950.2,0,23.5,15.7,1034,0,0,0,113,113,23.4,5.2,70.8,70.3
24/10/2024 23:35,23.5,18.3,61.8,950.2,537,950.2,0,23.5,15.7,1034,0,0,0,113,113,23.4,5.2,70.8,70.3
24/10/2024 23:36,23.5,18.3,61.8,950.2,537,950.2,0,23.5,15.7,1034,0,0,0,112,113,23.4,5.2,70.8,70.3
24/10/2024 23:36,23.5,18.3,61.8,950,537,950.1,0,23.5,15.7,1035,0,0,0,113,113,23.4,5.2,70.8,70.3
24/10/2024 23:37,23.5,18.3,61.8,950,538,950.1,0,23.5,15.7,1035,0,0,0,113,113,23.4,5.2,70.8,70.3
24/10/2024 23:37,23.5,18.3,61.8,950.2,537,950.2,0,23.5,15.7,1034,0,0,0,113,113,23.4,5.2,70.8,70.3
24/10/2024 23:38,23.5,18.3,61.8,950.2,537,950.1,0,23.5,15.7,1035,0,0,0,113,113,23.4,5.2,70.8,70.3
24/10/2024 23:38,23.5,18.3,61.8,950,538,950.1,0,23.5,15.7,1035,0,0,0,113,114,23.4,5.2,70.8,70.3
24/10/2024 23:39,23.5,18.3,61.8,950.2,537,950.1,0,23.5,15.7,1035,0,0,0,113,113,23.4,5.2,70.8,70.3
24/10/2024 23:39,23.5,18.3,61.8,950.2,536,950.2,0,23.5,15.7,1034,0,0,0,113,113,23.4,5.2,70.8,70.3
24/10/2024 23:40,23.5,18.3,61.8,950.2,536,950.2,0,23.5,15.7,1034,0,0,0,113,113,23.4,5.2,70.8,70.3
24/10/2024 23:40,23.5,18.3,61.7,950,537,950.1,0,23.6,15.7,1036,0,0,0,113,113,23.5,5.2,70.9,70.4
24/10/2024 23:41,23.5,18.3,61.7,950.2,537,950.1,0,23.6,15.7,1036,0,0,0,113,113,23.5,5.2,70.9,70.4
24/10/2024 23:41,23.5,18.3,61.7,950.2,536,950.3,0,23.6,15.7,1034,0,0,0,113,113,23.5,5.2,70.9,70.4
24/10/2024 23:42,23.5,18.3,61.7,950.2,536,950.3,0,23.6,15.7,1034,0,0,0,112,113,23.5,5.2,70.9,70.4
24/10/2024 23:42,23.5,18.3,61.7,950.2,536,950.3,0,23.6,15.7,1034,0,0,0,113,113,23.5,5.2,70.9,70.4
24/10/2024 23:43,23.5,18.3,61.7,950.2,536,950.2,0,23.6,15.7,1035,0,0,0,113,113,23.5,5.2,70.9,70.4
24/10/2024 23:43,23.5,18.3,61.7,950.2,536,950.3,0,23.6,15.7,1034,0,0,0,112,113,23.5,5.2,70.9,70.4
24/10/2024 23:44,23.5,18.3,61.7,950.2,536,950.2,0,23.6,15.7,1035,0,0,0,113,113,23.5,5.2,70.9,70.4
24/10/2024 23:44,23.5,18.3,61.7,950.2,537,950.1,0,23.6,15.7,1036,0,0,0,113,114,23.5,5.2,70.9,70.4
24/10/2024 23:45,23.5,18.3,61.7,950,537,950.1,0,23.6,15.7,1036,0,0,0,112,112,23.5,5.2,70.9,70.4
24/10/2024 23:45,23.5,18.3,61.7,950.2,537,950.2,0,23.6,15.7,1035,0,0,0,112,113,23.5,5.2,70.9,70.4
24/10/2024 23:46,23.5,18.3,61.7,950.2,536,950.2,0,23.6,15.7,1035,0,0,0,113,113,23.5,5.2,70.9,70.4
24/10/2024 23:46,23.5,18.3,61.7,950.2,536,950.3,0,23.6,15.7,1034,0,0,0,113,113,23.5,5.2,70.9,70.4
24/10/2024 23:47,23.5,18.3,61.7,950.2,536,950.3,0,23.6,15.7,1034,0,0,0,113,113,23.5,5.2,70.9,70.4
24/10/2024 23:47,23.5,18.3,61.7,950.2,536,950.3,0,23.6,15.7,1034,0,0,0,113,113,23.5,5.2,70.9,70.4
24/10/2024 23:48,23.5,18.3,61.7,950.2,536,950.2,0,23.6,15.7,1035,0,0,0,113,113,23.5,5.2,70.9,70.4
24/10/2024 23:48,23.5,18.3,61.7,950.2,536,950.3,0,23.6,15.7,1034,0,0,0,113,113,23.5,5.2,70.9,70.4
24/10/2024 23:49,23.5,18.3,61.7,950.2,536,950.3,0,23.6,15.7,1034,0,0,0,113,113,23.5,5.2,70.9,70.4
24/10/2024 23:49,23.5,18.3,61.6,950.2,536,950.3,0,23.6,15.7,1035,0,0,0,112,113,23.5,5.2,70.9,70.4
24/10/2024 23:50,23.5,18.3,61.6,950.2,537,950.2,0,23.6,15.7,1036,0,0,0,113,114,23.5,5.2,70.9,70.4
24/10/2024 23:50,23.5,18.4,61.7,950.2,536,950.2,0,23.6,15.8,1036,0,0,0,112,112,23.5,5.1,70.9,70.4
24/10/2024 23:51,23.5,18.4,61.7,950.2,536,950.3,0,23.6,15.8,1035,0,0,0,112,113,23.5,5.1,70.9,70.4
24/10/2024 23:51,23.5,18.4,61.7,950.2,536,950.2,0,23.6,15.8,1036,0,0,0,113,113,23.5,5.1,70.9,70.4
24/10/2024 23:52,23.5,18.4,61.7,950.2,536,950.2,0,23.6,15.8,1036,0,0,0,113,113,23.5,5.1,70.9,70.4
24/10/2024 23:52,23.5,18.4,61.7,950.2,536,950.2,0,23.6,15.8,1036,0,0,0,112,112,23.5,5.1,70.9,70.4
24/10/2024 23:53,23.5,18.4,61.7,950.2,536,950.2,0,23.6,15.8,1036,0,0,0,113,113,23.5,5.1,70.9,70.4
24/10/2024 23:53,23.5,18.4,61.7,950.2,536,950.2,0,23.6,15.8,1036,0,0,0,113,114,23.5,5.1,70.9,70.4
24/10/2024 23:54,23.5,18.4,61.7,950.2,536,950.2,0,23.6,15.8,1036,0,0,0,113,114,23.5,5.1,70.9,70.4
24/10/2024 23:54,23.5,18.4,61.7,950.2,536,950.2,0,23.6,15.8,1036,0,0,0,113,114,23.5,5.1,70.9,70.4
24/10/2024 23:55,23.5,18.4,61.7,950.2,536,950.2,0,23.6,15.8,1036,0,0,0,113,114,23.5,5.1,70.9,70.4
24/10/2024 23:55,23.5,18.4,61.7,950.2,536,950.2,0,23.6,15.8,1036,0,0,0,112,113,23.5,5.1,70.9,70.4
24/10/2024 23:56,23.5,18.4,61.7,950.2,536,950.2,0,23.6,15.8,1036,0,0,0,113,113,23.5,5.1,70.9,70.4
24/10/2024 23:56,23.5,18.4,61.7,950.2,536,950.3,0,23.6,15.8,1035,0,0,0,113,114,23.5,5.1,70.9,70.4
24/10/2024 23:57,23.5,18.4,61.7,950.2,536,950.3,0,23.6,15.8,1036,0,0,0,113,113,23.5,5.1,70.9,70.4
24/10/2024 23:57,23.5,18.4,61.7,950.4,535,950.4,0,23.6,15.8,1034,0,0,0,112,113,23.5,5.1,70.9,70.4
24/10/2024 23:58,23.5,18.4,61.7,950.2,535,950.3,0,23.6,15.8,1036,0,0,0,112,113,23.5,5.1,70.9,70.4
24/10/2024 23:58,23.5,18.4,61.7,950.2,535,950.3,0,23.6,15.8,1036,0,0,0,113,114,23.5,5.1,70.9,70.4
24/10/2024 23:59,23.5,18.4,61.8,950.4,535,950.4,0,23.6,15.8,1034,0,0,0,113,114,23.5,5.1,70.9,70.4
24/10/2024 23:59,23.5,18.4,61.7,950.4,535,950.4,0,23.6,15.8,1034,0,0,0,113,113,23.5,5.1,70.9,70.4
22/04/2024 00:00,23.5,18.4,61.7,950.5,535,950.5,0,23.6,15.8,1033,0,0,0,112,113,23.5,5.1,70.9,70.4
22/04/2024 00:00,23.5,18.4,61.8,950.5,535,950.5,0,23.6,15.8,1033,0,0,0,113,113,23.5,5.1,70.9,70.4
22/04/2024 00:01,23.5,18.4,61.7,950.4,535,950.4,0,23.6,15.8,1034,0,0,0,113,113,23.5,5.1,70.9,70.4
22/04/2024 00:01,23.5,18.4,61.8,950.4,535,950.4,0,23.6,15.8,1034,0,0,0,113,114,23.5,5.1,70.9,70.4
22/04/2024 00:02,23.5,18.4,61.8,950.5,535,950.5,0,23.6,15.8,1033,0,0,0,112,113,23.5,5.1,70.9,70.4
22/04/2024 00:02,23.5,18.4,61.8,950.5,535,950.5,0,23.6,15.8,1033,0,0,0,113,113,23.5,5.1,70.9,70.4
22/04/2024 00:03,23.5,18.4,61.8,950.5,535,950.5,0,23.6,15.8,1033,0,0,0,112,113,23.5,5.1,70.9,70.4
22/04/2024 00:03,23.5,18.4,61.8,950.5,534,950.5,0,23.6,15.8,1033,0,0,0,113,114,23.5,5.1,70.9,70.4
22/04/2024 00:04,23.5,18.4,61.8,950.5,535,950.5,0,23.6,15.8,1033,0,0,0,113,113,23.5,5.1,70.9,70.4
22/04/2024 00:04,23.5,18.4,61.8,950.5,534,950.6,0,23.6,15.8,1032,0,0,0,113,113,23.5,5.1,70.9,70.4
22/04/2024 00:05,23.5,18.4,61.8,950.5,535,950.5,0,23.6,15.8,1033,0,0,0,113,114,23.5,5.1,70.9,70.4
22/04/2024 00:05,23.5,18.4,61.8,950.5,534,950.5,0,23.6,15.8,1033,0,0,0,113,114,23.5,5.1,70.9,70.4
22/04/2024 00:06,23.6,18.4,61.6,950.5,535,950.5,0,23.6,15.8,1035,0,0,0,113,113,23.5,5.2,71,70.5
22/04/2024 00:06,23.5,18.4,61.8,950.5,534,950.5,0,23.6,15.8,1033,0,0,0,112,113,23.5,5.1,70.9,70.4
22/04/2024 00:07,23.5,18.4,61.8,950.4,535,950.4,0,23.6,15.8,1034,0,0,0,113,113,23.5,5.1,70.9,70.4
22/04/2024 00:07,23.5,18.4,61.8,950.4,535,950.4,0,23.6,15.8,1034,0,0,0,113,113,23.5,5.1,70.9,70.4
22/04/2024 00:08,23.6,18.4,61.7,950.4,535,950.4,0,23.6,15.8,1036,0,0,0,113,113,23.5,5.2,71,70.5
22/04/2024 00:08,23.6,18.4,61.7,950.5,534,950.5,0,23.6,15.8,1035,0,0,0,113,113,23.5,5.2,71,70.5
22/04/2024 00:09,23.6,18.4,61.7,950.5,535,950.5,0,23.6,15.8,1035,0,0,0,113,113,23.5,5.2,71,70.5
22/04/2024 00:09,23.6,18.4,61.7,950.4,535,950.4,0,23.6,15.8,1036,0,0,0,113,113,23.5,5.2,71,70.5
22/04/2024 00:10,23.6,18.4,61.7,950.5,534,950.5,0,23.6,15.8,1035,0,0,0,113,113,23.5,5.2,71,70.5
22/04/2024 00:10,23.6,18.4,61.7,950.4,535,950.4,0,23.6,15.8,1036,0,0,0,113,113,23.5,5.2,71,70.5
22/04/2024 00:11,23.6,18.4,61.7,950.4,535,950.4,0,23.6,15.8,1036,0,0,0,113,113,23.5,5.2,71,70.5
22/04/2024 00:11,23.6,18.4,61.7,950.2,535,950.3,0,23.6,15.8,1036,0,0,0,113,113,23.5,5.2,71,70.5
22/04/2024 00:12,23.6,18.4,61.7,950.2,535,950.3,0,23.6,15.8,1036,0,0,0,114,114,23.5,5.2,71,70.5
22/04/2024 00:12,23.6,18.4,61.7,950.4,535,950.4,0,23.6,15.8,1036,0,0,0,113,114,23.5,5.2,71,70.5
22/04/2024 00:13,23.6,18.4,61.7,950.2,536,950.3,0,23.6,15.8,1036,0,0,0,113,113,23.5,5.2,71,70.5
22/04/2024 00:13,23.6,18.4,61.7,950.2,536,950.3,0,23.6,15.8,1036,0,0,0,113,113,23.5,5.2,71,70.5
22/04/2024 00:14,23.6,18.4,61.7,950.2,536,950.3,0,23.6,15.8,1036,0,0,0,113,114,23.5,5.2,71,70.5
22/04/2024 00:14,23.6,18.4,61.7,950.2,537,950.2,0,23.6,15.8,1038,0,0,0,113,113,23.5,5.2,71,70.5
22/04/2024 00:15,23.6,18.4,61.7,950.2,536,950.3,0,23.6,15.8,1036,0,0,0,113,113,23.5,5.2,71,70.5
22/04/2024 00:15,23.6,18.4,61.7,950.2,535,950.3,0,23.6,15.8,1036,0,0,0,113,113,23.5,5.2,71,70.5
22/04/2024 00:16,23.6,18.4,61.7,950.2,536,950.3,0,23.6,15.8,1036,0,0,0,113,113,23.5,5.2,71,70.5
22/04/2024 00:16,23.6,18.4,61.7,950.2,536,950.3,0,23.6,15.8,1036,0,0,0,113,113,23.5,5.2,71,70.5
22/04/2024 00:17,23.6,18.4,61.7,950.2,536,950.2,0,23.6,15.8,1038,0,0,0,113,113,23.5,5.2,71,70.5
22/04/2024 00:17,23.6,18.4,61.7,950.2,537,950.2,0,23.6,15.8,1038,0,0,0,113,113,23.5,5.2,71,70.5
22/04/2024 00:18,23.6,18.4,61.7,950.2,536,950.2,0,23.6,15.8,1038,0,0,0,113,114,23.5,5.2,71,70.5
22/04/2024 00:18,23.6,18.4,61.7,950.2,537,950.2,0,23.6,15.8,1038,0,0,0,113,114,23.5,5.2,71,70.5
22/04/2024 00:19,23.6,18.4,61.7,950.2,535,950.3,0,23.7,15.8,1037,0,0,0,113,113,23.6,5.2,71,70.5
22/04/2024 00:19,23.6,18.4,61.7,950.2,536,950.2,0,23.7,15.8,1039,0,0,0,113,113,23.6,5.2,71,70.5
22/04/2024 00:20,23.6,18.4,61.7,950,537,950.1,0,23.7,15.8,1040,0,0,0,112,113,23.6,5.2,71,70.5
22/04/2024 00:20,23.6,18.4,61.7,950,538,950.1,0,23.6,15.8,1039,0,0,0,112,113,23.5,5.2,71,70.5
22/04/2024 00:21,23.6,18.4,61.8,950,538,950.1,0,23.6,15.8,1039,0,0,0,113,114,23.5,5.2,71,70.5
22/04/2024 00:21,23.6,18.4,61.7,950,537,950.1,0,23.7,15.8,1040,0,0,0,113,114,23.6,5.2,71,70.5
22/04/2024 00:22,23.6,18.4,61.7,950,537,950.1,0,23.7,15.8,1040,0,0,0,113,113,23.6,5.2,71,70.5
22/04/2024 00:22,23.6,18.4,61.7,950,539,950,0,23.7,15.8,1041,0,0,0,113,114,23.6,5.2,71,70.5
22/04/2024 00:23,23.6,18.4,61.7,949.9,539,949.9,0,23.7,15.8,1042,0,0,0,112,113,23.6,5.2,71,70.5
22/04/2024 00:23,23.6,18.4,61.7,949.9,540,949.9,0,23.7,15.8,1042,0,0,0,113,113,23.6,5.2,71,70.5
22/04/2024 00:24,23.6,18.4,61.8,949.9,539,949.9,0,23.6,15.8,1041,0,0,0,112,113,23.5,5.2,71,70.5
22/04/2024 00:24,23.6,18.4,61.7,949.7,540,949.8,0,23.7,15.8,1043,0,0,0,113,113,23.6,5.2,71,70.5
22/04/2024 00:25,23.6,18.4,61.7,949.7,540,949.8,0,23.7,15.8,1043,0,0,0,113,113,23.6,5.2,71,70.5
22/04/2024 00:25,23.6,18.4,61.7,949.7,540,949.8,0,23.7,15.8,1043,0,0,0,113,113,23.6,5.2,71,70.5
22/04/2024 00:26,23.6,18.4,61.7,949.7,540,949.7,0,23.7,15.8,1044,0,0,0,113,114,23.6,5.2,71,70.5
22/04/2024 00:26,23.6,18.4,61.7,949.7,540,949.7,0,23.7,15.8,1044,0,0,0,113,113,23.6,5.2,71,70.5
22/04/2024 00:27,23.6,18.4,61.7,949.7,540,949.7,0,23.7,15.8,1044,0,0,0,113,113,23.6,5.2,71,70.5
22/04/2024 00:28,23.6,18.4,61.7,949.7,540,949.8,0,23.7,15.8,1043,0,0,0,113,114,23.6,5.2,71,70.5
22/04/2024 00:28,23.6,18.4,61.7,949.7,542,949.7,0,23.7,15.8,1044,0,0,0,113,113,23.6,5.2,71,70.5
22/04/2024 00:29,23.6,18.4,61.6,949.5,542,949.5,0,23.7,15.8,1046,0,0,0,113,113,23.6,5.2,71,70.5
22/04/2024 00:29,23.6,18.4,61.6,949.5,542,949.6,0,23.7,15.8,1045,0,0,0,113,113,23.6,5.2,71,70.5
22/04/2024 00:30,23.6,18.4,61.6,949.7,542,949.7,0,23.7,15.8,1044,0,0,0,113,114,23.6,5.2,71,70.5
22/04/2024 00:30,23.6,18.4,61.6,949.7,540,949.7,0,23.7,15.8,1044,0,0,0,113,114,23.6,5.2,71,70.5
22/04/2024 00:31,23.6,18.4,61.6,949.9,539,949.9,0,23.7,15.8,1042,0,0,0,113,113,23.6,5.2,71,70.5
22/04/2024 00:31,23.6,18.4,61.6,950,538,950.1,0,23.7,15.8,1040,0,0,0,113,113,23.6,5.2,71,70.5
22/04/2024 00:32,23.6,18.4,61.6,950,538,950.1,0,23.7,15.8,1040,0,0,0,113,113,23.6,5.2,71,70.5
22/04/2024 00:32,23.6,18.4,61.6,950,538,950.1,0,23.7,15.8,1040,0,0,0,112,113,23.6,5.2,71,70.5
22/04/2024 00:33,23.6,18.4,61.6,950,539,950,0,23.7,15.8,1041,0,0,0,113,113,23.6,5.2,71,70.5
22/04/2024 00:33,23.6,18.4,61.6,950,539,950,0,23.7,15.8,1041,0,0,0,113,113,23.6,5.2,71,70.5
22/04/2024 00:34,23.6,18.4,61.6,949.9,539,949.9,0,23.7,15.8,1042,0,0,0,113,113,23.6,5.2,71,70.5
22/04/2024 00:34,23.6,18.4,61.6,950,539,950,0,23.7,15.8,1041,0,0,0,112,113,23.6,5.2,71,70.5
22/04/2024 00:35,23.6,18.4,61.6,950,539,950,0,23.7,15.8,1041,0,0,0,112,113,23.6,5.2,71,70.5
22/04/2024 00:35,23.6,18.4,61.6,950,538,950.1,0,23.7,15.8,1040,0,0,0,113,113,23.6,5.2,71,70.5
22/04/2024 00:36,23.6,18.4,61.6,950,537,950.1,0,23.7,15.8,1040,0,0,0,113,113,23.6,5.2,71,70.5
22/04/2024 00:36,23.6,18.4,61.6,950,538,950.1,0,23.7,15.8,1040,0,0,0,113,113,23.6,5.2,71,70.5
22/04/2024 00:37,23.6,18.4,61.6,950,538,950.1,0,23.7,15.8,1040,0,0,0,112,113,23.6,5.2,71,70.5
22/04/2024 00:37,23.6,18.4,61.6,950,538,950,0,23.7,15.8,1041,0,0,0,113,113,23.6,5.2,71,70.5
22/04/2024 00:38,23.6,18.4,61.6,950,538,950.1,0,23.7,15.8,1040,0,0,0,113,114,23.6,5.2,71,70.5
22/04/2024 00:38,23.6,18.4,61.6,950.2,537,950.2,0,23.7,15.8,1039,0,0,0,112,113,23.6,5.2,71,70.5
22/04/2024 00:39,23.6,18.4,61.6,950.2,537,950.2,0,23.7,15.8,1039,0,0,0,113,113,23.6,5.2,71,70.5
22/04/2024 00:39,23.6,18.4,61.6,950.2,536,950.2,0,23.7,15.8,1039,0,0,0,113,113,23.6,5.2,71,70.5
22/04/2024 00:40,23.6,18.4,61.6,950.2,536,950.2,0,23.7,15.8,1039,0,0,0,113,113,23.6,5.2,71,70.5
22/04/2024 00:40,23.6,18.4,61.6,950.2,536,950.2,0,23.7,15.8,1039,0,0,0,113,113,23.6,5.2,71,70.5
22/04/2024 00:41,23.6,18.4,61.6,950.2,536,950.3,0,23.6,15.8,1036,0,0,0,113,113,23.5,5.2,71,70.5
22/04/2024 00:41,23.6,18.4,61.6,950.2,536,950.2,0,23.7,15.8,1039,0,0,0,112,113,23.6,5.2,71,70.5
22/04/2024 00:42,23.6,18.4,61.6,950.2,535,950.3,0,23.6,15.8,1036,0,0,0,113,113,23.5,5.2,71,70.5
22/04/2024 00:42,23.6,18.4,61.6,950.2,535,950.3,0,23.6,15.8,1036,0,0,0,113,113,23.5,5.2,71,70.5
22/04/2024 00:43,23.6,18.4,61.6,950.2,535,950.3,0,23.6,15.8,1036,0,0,0,113,113,23.5,5.2,71,70.5
22/04/2024 00:43,23.6,18.4,61.6,950.4,535,950.4,0,23.6,15.8,1036,0,0,0,112,112,23.5,5.2,71,70.5
22/04/2024 00:44,23.6,18.4,61.6,950.2,535,950.3,0,23.6,15.8,1036,0,0,0,113,113,23.5,5.2,71,70.5
22/04/2024 00:44,23.6,18.4,61.6,950.2,536,950.3,0,23.6,15.8,1036,0,0,0,113,113,23.5,5.2,71,70.5
22/04/2024 00:45,23.6,18.4,61.6,950.2,535,950.3,0,23.6,15.8,1036,0,0,0,113,113,23.5,5.2,71,70.5
22/04/2024 00:45,23.6,18.4,61.6,950.2,536,950.3,0,23.6,15.8,1036,0,0,0,113,113,23.5,5.2,71,70.5
22/04/2024 00:46,23.6,18.4,61.6,950.2,536,950.3,0,23.6,15.8,1036,0,0,0,112,113,23.5,5.2,71,70.5
22/04/2024 00:46,23.6,18.4,61.6,950.2,536,950.3,0,23.6,15.8,1036,0,0,0,113,113,23.5,5.2,71,70.5
22/04/2024 00:47,23.6,18.4,61.6,950.4,535,950.4,0,23.6,15.8,1036,0,0,0,113,113,23.5,5.2,71,70.5
22/04/2024 00:47,23.6,18.4,61.6,950.2,535,950.3,0,23.6,15.8,1036,0,0,0,113,113,23.5,5.2,71,70.5
22/04/2024 00:48,23.6,18.4,61.6,950.2,536,950.3,0,23.6,15.8,1036,0,0,0,113,114,23.5,5.2,71,70.5
22/04/2024 00:48,23.6,18.4,61.6,950.2,536,950.2,0,23.6,15.8,1038,0,0,0,113,113,23.5,5.2,71,70.5
22/04/2024 00:49,23.6,18.4,61.6,950.2,536,950.2,0,23.6,15.8,1038,0,0,0,113,113,23.5,5.2,71,70.5
22/04/2024 00:49,23.6,18.4,61.6,950.2,537,950.2,0,23.6,15.8,1038,0,0,0,113,113,23.5,5.2,71,70.5
22/04/2024 00:50,23.6,18.4,61.6,950,538,950.1,0,23.6,15.8,1039,0,0,0,113,113,23.5,5.2,71,70.5
22/04/2024 00:50,23.5,18.4,61.7,950.2,537,950.2,0,23.6,15.8,1036,0,0,0,113,113,23.5,5.1,70.9,70.4
22/04/2024 00:51,23.6,18.4,61.6,950,538,950,0,23.6,15.8,1040,0,0,0,113,113,23.5,5.2,71,70.5
22/04/2024 00:51,23.6,18.4,61.6,950,538,950.1,0,23.6,15.8,1039,0,0,0,112,113,23.5,5.2,71,70.5
22/04/2024 00:52,23.5,18.4,61.7,950,539,950,0,23.6,15.8,1039,0,0,0,113,113,23.5,5.1,70.9,70.4
22/04/2024 00:52,23.6,18.4,61.5,950,539,950,0,23.6,15.8,1040,0,0,0,113,113,23.5,5.2,71,70.4
22/04/2024 00:53,23.6,18.4,61.5,950,538,950,0,23.6,15.8,1040,0,0,0,112,113,23.5,5.2,71,70.4
22/04/2024 00:53,23.5,18.4,61.6,949.9,539,949.9,0,23.6,15.8,1040,0,0,0,113,114,23.5,5.1,70.9,70.4
22/04/2024 00:54,23.5,18.3,61.6,950,539,950,0,23.6,15.7,1039,0,0,0,112,113,23.5,5.2,70.9,70.4
22/04/2024 00:54,23.5,18.4,61.6,949.9,539,949.9,0,23.6,15.8,1040,0,0,0,113,113,23.5,5.1,70.9,70.4
22/04/2024 00:55,23.5,18.4,61.6,949.9,539,949.9,0,23.6,15.8,1040,0,0,0,113,113,23.5,5.1,70.9,70.4
22/04/2024 00:55,23.5,18.3,61.6,949.9,539,949.9,0,23.6,15.7,1040,0,0,0,113,113,23.5,5.2,70.9,70.4
22/04/2024 00:56,23.5,18.3,61.6,949.9,539,949.9,0,23.6,15.7,1040,0,0,0,112,113,23.5,5.2,70.9,70.4
22/04/2024 00:56,23.5,18.3,61.6,949.9,539,949.9,0,23.6,15.7,1040,0,0,0,112,113,23.5,5.2,70.9,70.4
22/04/2024 00:57,23.5,18.4,61.6,950,538,950,0,23.6,15.8,1039,0,0,0,113,113,23.5,5.1,70.9,70.4
22/04/2024 00:57,23.5,18.4,61.6,950,538,950.1,0,23.6,15.8,1037,0,0,0,112,113,23.5,5.1,70.9,70.4
22/04/2024 00:58,23.5,18.3,61.6,950,538,950,0,23.6,15.7,1039,0,0,0,113,113,23.5,5.2,70.9,70.4
22/04/2024 00:58,23.5,18.3,61.6,950.2,536,950.2,0,23.6,15.7,1036,0,0,0,113,113,23.5,5.2,70.9,70.4
22/04/2024 00:59,23.5,18.3,61.6,950,537,950.1,0,23.6,15.7,1037,0,0,0,113,113,23.5,5.2,70.9,70.4
22/04/2024 00:59,23.5,18.3,61.6,950.2,536,950.2,0,23.6,15.7,1036,0,0,0,113,113,23.5,5.2,70.9,70.4
22/04/2024 01:00,23.5,18.3,61.6,950.2,536,950.3,0,23.6,15.7,1036,0,0,0,113,114,23.5,5.2,70.9,70.4
22/04/2024 01:00,23.5,18.3,61.6,950.2,535,950.3,0,23.6,15.7,1035,0,0,0,114,114,23.5,5.2,70.9,70.4
22/04/2024 01:01,23.5,18.3,61.6,950.2,536,950.3,0,23.6,15.7,1035,0,0,0,112,113,23.5,5.2,70.9,70.4
22/04/2024 01:01,23.5,18.3,61.6,950.2,535,950.3,0,23.6,15.7,1035,0,0,0,113,113,23.5,5.2,70.9,70.4
22/04/2024 01:02,23.5,18.3,61.6,950.4,535,950.4,0,23.6,15.7,1034,0,0,0,113,113,23.5,5.2,70.9,70.4
22/04/2024 01:02,23.5,18.3,61.6,950.2,536,950.2,0,23.6,15.7,1036,0,0,0,112,113,23.5,5.2,70.9,70.4
22/04/2024 01:03,23.5,18.3,61.6,950.2,536,950.3,0,23.6,15.7,1035,0,0,0,112,113,23.5,5.2,70.9,70.4
22/04/2024 01:03,23.5,18.3,61.6,950.2,535,950.3,0,23.6,15.7,1035,0,0,0,113,114,23.5,5.2,70.9,70.4
22/04/2024 01:04,23.5,18.3,61.6,950.4,535,950.4,0,23.6,15.7,1034,0,0,0,112,113,23.5,5.2,70.9,70.4
22/04/2024 01:04,23.5,18.3,61.5,950.4,535,950.4,0,23.6,15.7,1034,0,0,0,113,113,23.5,5.2,70.9,70.4
22/04/2024 01:05,23.5,18.3,61.5,950.2,535,950.3,0,23.6,15.7,1035,0,0,0,113,113,23.5,5.2,70.9,70.4
22/04/2024 01:05,23.5,18.3,61.5,950.2,535,950.3,0,23.6,15.7,1035,0,0,0,113,113,23.5,5.2,70.9,70.4
22/04/2024 01:06,23.5,18.3,61.5,950.4,535,950.4,0,23.6,15.7,1034,0,0,0,112,113,23.5,5.2,70.9,70.4
22/04/2024 01:06,23.5,18.3,61.5,950.4,535,950.4,0,23.6,15.7,1034,0,0,0,113,113,23.5,5.2,70.9,70.4
22/04/2024 01:07,23.5,18.3,61.5,950.4,535,950.4,0,23.6,15.7,1034,0,0,0,113,114,23.5,5.2,70.9,70.4
22/04/2024 01:07,23.5,18.3,61.5,950.5,535,950.5,0,23.6,15.7,1033,0,0,0,113,113,23.5,5.2,70.9,70.4
22/04/2024 01:08,23.5,18.3,61.5,950.5,534,950.5,0,23.6,15.7,1033,0,0,0,113,113,23.5,5.2,70.9,70.4
22/04/2024 01:08,23.5,18.3,61.6,950.5,535,950.5,0,23.6,15.7,1032,0,0,0,112,113,23.5,5.2,70.9,70.4
22/04/2024 01:09,23.5,18.3,61.6,950.5,535,950.5,0,23.6,15.7,1032,0,0,0,112,113,23.5,5.2,70.9,70.4
22/04/2024 01:09,23.5,18.3,61.6,950.5,534,950.6,0,23.6,15.7,1031,0,0,0,112,113,23.5,5.2,70.9,70.3
22/04/2024 01:10,23.5,18.3,61.6,950.5,534,950.6,0,23.6,15.7,1031,0,0,0,113,113,23.5,5.2,70.9,70.3
22/04/2024 01:10,23.5,18.3,61.6,950.5,534,950.5,0,23.6,15.7,1032,0,0,0,113,113,23.5,5.2,70.9,70.3
22/04/2024 01:11,23.5,18.3,61.6,950.5,535,950.5,0,23.6,15.7,1032,0,0,0,113,113,23.5,5.2,70.9,70.3
22/04/2024 01:11,23.5,18.3,61.5,950.5,535,950.5,0,23.6,15.7,1032,0,0,0,113,113,23.5,5.2,70.8,70.3
22/04/2024 01:12,23.5,18.3,61.5,950.4,535,950.4,0,23.6,15.7,1033,0,0,0,113,114,23.5,5.2,70.8,70.3
22/04/2024 01:12,23.5,18.3,61.5,950.2,535,950.3,0,23.6,15.7,1034,0,0,0,113,113,23.5,5.2,70.8,70.3
22/04/2024 01:13,23.5,18.3,61.5,950.2,536,950.3,0,23.6,15.7,1034,0,0,0,113,114,23.5,5.2,70.8,70.3
22/04/2024 01:13,23.5,18.3,61.5,950.2,537,950.2,0,23.6,15.7,1035,0,0,0,112,113,23.5,5.2,70.8,70.3
22/04/2024 01:14,23.5,18.3,61.6,950.2,536,950.2,0,23.5,15.7,1034,0,0,0,113,113,23.4,5.2,70.8,70.3
22/04/2024 01:14,23.5,18.3,61.6,950.2,537,950.1,0,23.5,15.7,1035,0,0,0,113,113,23.4,5.2,70.8,70.3
22/04/2024 01:15,23.5,18.3,61.5,950.2,536,950.2,0,23.6,15.7,1035,0,0,0,112,113,23.5,5.2,70.8,70.3
22/04/2024 01:15,23.5,18.3,61.6,950.2,536,950.2,0,23.5,15.7,1034,0,0,0,113,113,23.4,5.2,70.8,70.3
22/04/2024 01:16,23.5,18.3,61.6,950.4,535,950.4,0,23.5,15.7,1032,0,0,0,112,113,23.4,5.2,70.8,70.3
22/04/2024 01:16,23.5,18.3,61.6,950.2,535,950.3,0,23.5,15.7,1033,0,0,0,112,113,23.4,5.2,70.8,70.3
22/04/2024 01:17,23.5,18.3,61.6,950.4,535,950.4,0,23.5,15.7,1032,0,0,0,113,113,23.4,5.2,70.8,70.3
22/04/2024 01:17,23.5,18.3,61.6,950.2,536,950.3,0,23.5,15.7,1033,0,0,0,113,114,23.4,5.2,70.8,70.3
22/04/2024 01:18,23.5,18.3,61.5,950.2,535,950.4,0,23.5,15.7,1032,0,0,0,112,112,23.4,5.2,70.8,70.3
22/04/2024 01:18,23.5,18.3,61.5,950.2,537,950.2,0,23.5,15.7,1034,0,0,0,113,113,23.4,5.2,70.8,70.3
22/04/2024 01:19,23.5,18.3,61.5,950.2,536,950.2,0,23.4,15.7,1033,0,0,0,113,113,23.4,5.2,70.8,70.3
22/04/2024 01:19,23.5,18.3,61.5,950.2,536,950.2,0,23.4,15.7,1033,0,0,0,112,113,23.4,5.2,70.8,70.3
22/04/2024 01:20,23.5,18.3,61.5,950.2,537,950.2,0,23.4,15.7,1033,0,0,0,113,113,23.4,5.2,70.8,70.3
22/04/2024 01:20,23.5,18.3,61.5,950.2,536,950.2,0,23.4,15.7,1033,0,0,0,113,113,23.4,5.2,70.8,70.3
22/04/2024 01:21,23.5,18.3,61.5,950.2,536,950.2,0,23.4,15.6,1033,0,0,0,113,113,23.4,5.2,70.8,70.3
22/04/2024 01:21,23.5,18.3,61.5,950.2,535,950.3,0,23.4,15.6,1032,0,0,0,113,113,23.4,5.2,70.8,70.3
22/04/2024 01:22,23.5,18.3,61.5,950.2,536,950.2,0,23.4,15.6,1033,0,0,0,113,113,23.4,5.2,70.8,70.3
22/04/2024 01:22,23.5,18.3,61.6,950.2,535,950.3,0,23.5,15.7,1032,0,0,0,113,114,23.4,5.2,70.8,70.3
22/04/2024 01:23,23.5,18.3,61.6,950.2,537,950.2,0,23.5,15.7,1033,0,0,0,113,114,23.4,5.2,70.8,70.3
22/04/2024 01:23,23.5,18.3,61.6,950.2,536,950.3,0,23.5,15.7,1032,0,0,0,112,113,23.4,5.2,70.8,70.3
22/04/2024 01:24,23.5,18.3,61.6,950.2,536,950.3,0,23.5,15.7,1032,0,0,0,113,114,23.4,5.2,70.8,70.3
22/04/2024 01:24,23.5,18.3,61.6,950.2,535,950.3,0,23.5,15.7,1032,0,0,0,112,113,23.4,5.2,70.8,70.3
22/04/2024 01:25,23.5,18.3,61.6,950.2,536,950.2,0,23.5,15.7,1033,0,0,0,113,114,23.4,5.2,70.8,70.3
22/04/2024 01:25,23.5,18.3,61.6,950.2,537,950.2,0,23.5,15.7,1033,0,0,0,113,113,23.4,5.2,70.8,70.3
22/04/2024 01:26,23.5,18.3,61.6,950.2,536,950.3,0,23.5,15.7,1032,0,0,0,113,114,23.4,5.2,70.8,70.3
22/04/2024 01:26,23.5,18.3,61.6,950.2,535,950.3,0,23.5,15.7,1032,0,0,0,113,113,23.4,5.2,70.8,70.3
22/04/2024 01:27,23.5,18.3,61.6,950.2,536,950.3,0,23.5,15.7,1032,0,0,0,113,113,23.4,5.2,70.8,70.3
22/04/2024 01:27,23.5,18.3,61.6,950.2,536,950.3,0,23.5,15.7,1032,0,0,0,112,113,23.4,5.2,70.8,70.3
22/04/2024 01:28,23.5,18.3,61.6,950.2,536,950.3,0,23.5,15.7,1032,0,0,0,113,113,23.4,5.2,70.8,70.3
22/04/2024 01:28,23.5,18.3,61.6,950.2,536,950.2,0,23.5,15.7,1033,0,0,0,112,113,23.4,5.2,70.8,70.3
22/04/2024 01:29,23.5,18.3,61.6,950.2,536,950.3,0,23.5,15.7,1032,0,0,0,113,113,23.4,5.2,70.8,70.3
22/04/2024 01:29,23.5,18.3,61.6,950.2,536,950.3,0,23.5,15.7,1032,0,0,0,113,113,23.4,5.2,70.8,70.3
22/04/2024 01:30,23.5,18.3,61.6,950.2,535,950.3,0,23.5,15.7,1032,0,0,0,113,113,23.4,5.2,70.8,70.3
22/04/2024 01:30,23.5,18.3,61.6,950.4,535,950.4,0,23.5,15.7,1031,0,0,0,112,113,23.4,5.2,70.8,70.3
22/04/2024 01:31,23.4,18.2,61.7,950.2,536,950.2,0,23.5,15.7,1033,0,0,0,112,113,23.4,5.2,70.8,70.3
22/04/2024 01:31,23.4,18.2,61.7,950.2,537,950.2,0,23.5,15.7,1033,0,0,0,112,113,23.4,5.2,70.8,70.3
22/04/2024 01:32,23.4,18.2,61.7,950,537,950.1,0,23.5,15.7,1033,0,0,0,113,113,23.4,5.2,70.8,70.3
22/04/2024 01:32,23.4,18.2,61.7,950,537,950.1,0,23.5,15.7,1033,0,0,0,113,114,23.4,5.2,70.8,70.3
22/04/2024 01:33,23.4,18.2,61.7,950,537,950.1,0,23.5,15.7,1033,0,0,0,112,113,23.4,5.2,70.8,70.3
22/04/2024 01:33,23.4,18.2,61.7,950,538,950,0,23.5,15.7,1035,0,0,0,113,113,23.4,5.2,70.8,70.3
22/04/2024 01:34,23.4,18.2,61.7,950,537,950.1,0,23.5,15.7,1033,0,0,0,113,113,23.4,5.2,70.8,70.3
22/04/2024 01:34,23.4,18.2,61.7,950,538,950,0,23.5,15.7,1035,0,0,0,113,113,23.4,5.2,70.8,70.3
22/04/2024 01:35,23.4,18.2,61.7,950,538,950.1,0,23.5,15.7,1033,0,0,0,113,113,23.4,5.2,70.8,70.3
22/04/2024 01:35,23.4,18.2,61.7,949.9,540,949.9,0,23.5,15.7,1036,0,0,0,113,113,23.4,5.2,70.8,70.3
22/04/2024 01:36,23.4,18.2,61.7,949.7,540,949.8,0,23.5,15.7,1036,0,0,0,113,114,23.4,5.2,70.8,70.3
22/04/2024 01:36,23.4,18.2,61.7,949.7,540,949.8,0,23.5,15.7,1036,0,0,0,112,113,23.4,5.2,70.8,70.3
22/04/2024 01:37,23.4,18.2,61.7,949.9,540,949.9,0,23.5,15.7,1036,0,0,0,113,113,23.4,5.2,70.8,70.3
22/04/2024 01:37,23.4,18.2,61.7,949.7,540,949.9,0,23.5,15.7,1036,0,0,0,113,113,23.4,5.2,70.8,70.3
22/04/2024 01:38,23.4,18.2,61.8,949.9,540,949.9,0,23.5,15.7,1035,0,0,0,113,113,23.4,5.2,70.7,70.2
22/04/2024 01:38,23.4,18.2,61.8,950,539,950,0,23.5,15.7,1033,0,0,0,113,113,23.4,5.2,70.7,70.2
22/04/2024 01:39,23.4,18.2,61.8,950,538,950,0,23.5,15.7,1033,0,0,0,113,113,23.4,5.2,70.7,70.2
22/04/2024 01:39,23.4,18.2,61.8,950.2,537,950.2,0,23.5,15.7,1032,0,0,0,112,113,23.4,5.2,70.7,70.2
22/04/2024 01:40,23.4,18.2,61.8,950.2,537,950.2,0,23.5,15.7,1032,0,0,0,112,113,23.4,5.2,70.7,70.2
22/04/2024 01:40,23.4,18.2,61.8,950,538,950.1,0,23.5,15.7,1033,0,0,0,113,113,23.4,5.2,70.7,70.2
22/04/2024 01:41,23.4,18.2,61.8,950.2,536,950.2,0,23.5,15.7,1032,0,0,0,112,113,23.4,5.2,70.7,70.2
22/04/2024 01:41,23.4,18.2,61.8,950.2,537,950.2,0,23.5,15.7,1032,0,0,0,113,113,23.4,5.2,70.7,70.2
22/04/2024 01:42,23.4,18.2,61.8,950.2,536,950.2,0,23.5,15.7,1032,0,0,0,113,113,23.4,5.2,70.7,70.2
22/04/2024 01:42,23.4,18.2,61.7,950.2,536,950.3,0,23.5,15.7,1030,0,0,0,113,113,23.4,5.2,70.7,70.2
22/04/2024 01:43,23.4,18.2,61.7,950.2,536,950.2,0,23.5,15.6,1032,0,0,0,113,114,23.4,5.2,70.7,70.2
22/04/2024 01:43,23.4,18.2,61.8,950.2,537,950.2,0,23.5,15.7,1032,0,0,0,113,113,23.4,5.2,70.7,70.2
22/04/2024 01:44,23.4,18.2,61.7,950.2,537,950.2,0,23.5,15.7,1032,0,0,0,113,114,23.4,5.2,70.7,70.2
22/04/2024 01:44,23.4,18.2,61.7,950.2,537,950.2,0,23.5,15.7,1032,0,0,0,113,113,23.4,5.2,70.7,70.2
22/04/2024 01:45,23.4,18.2,61.7,950,537,950.1,0,23.5,15.7,1033,0,0,0,112,113,23.4,5.2,70.7,70.2
22/04/2024 01:45,23.4,18.2,61.8,950,537,950.1,0,23.4,15.7,1032,0,0,0,113,113,23.3,5.2,70.7,70.2
22/04/2024 01:46,23.4,18.2,61.8,950,537,950.1,0,23.4,15.6,1032,0,0,0,113,113,23.3,5.2,70.7,70.2
22/04/2024 01:46,23.4,18.2,61.8,950.2,537,950.1,0,23.4,15.6,1032,0,0,0,114,114,23.3,5.2,70.7,70.2
22/04/2024 01:47,23.4,18.2,61.7,950.2,537,950.2,0,23.5,15.6,1032,0,0,0,112,113,23.4,5.2,70.7,70.2
22/04/2024 01:47,23.4,18.2,61.8,950.2,537,950.2,0,23.4,15.6,1030,0,0,0,113,113,23.3,5.2,70.7,70.2
22/04/2024 01:48,23.4,18.2,61.7,950,537,950.1,0,23.4,15.6,1032,0,0,0,113,113,23.3,5.2,70.7,70.2
22/04/2024 01:48,23.4,18.2,61.7,950.2,537,950.2,0,23.4,15.6,1030,0,0,0,113,113,23.3,5.2,70.7,70.2
22/04/2024 01:49,23.4,18.2,61.7,950,537,950.1,0,23.4,15.6,1032,0,0,0,114,114,23.3,5.2,70.7,70.2
22/04/2024 01:49,23.4,18.2,61.7,950.2,536,950.2,0,23.4,15.6,1030,0,0,0,113,113,23.3,5.2,70.7,70.2
22/04/2024 01:50,23.4,18.2,61.7,950.2,536,950.3,0,23.4,15.6,1029,0,0,0,113,114,23.3,5.2,70.7,70.2
22/04/2024 01:50,23.4,18.2,61.7,950.2,536,950.2,0,23.4,15.6,1030,0,0,0,113,114,23.3,5.2,70.7,70.2
22/04/2024 01:51,23.4,18.2,61.7,950.4,535,950.4,0,23.4,15.6,1029,0,0,0,113,113,23.3,5.2,70.7,70.2
22/04/2024 01:51,23.4,18.2,61.7,950.2,536,950.3,0,23.4,15.6,1029,0,0,0,114,114,23.3,5.2,70.7,70.2
22/04/2024 01:52,23.4,18.2,61.8,950.2,535,950.3,0,23.4,15.6,1029,0,0,0,112,113,23.3,5.2,70.7,70.2
22/04/2024 01:52,23.4,18.2,61.8,950.2,535,950.3,0,23.4,15.6,1029,0,0,0,112,113,23.3,5.2,70.7,70.2
22/04/2024 01:53,23.4,18.2,61.8,950.2,536,950.3,0,23.4,15.6,1029,0,0,0,112,113,23.3,5.2,70.7,70.2
22/04/2024 01:53,23.4,18.2,61.7,950.4,535,950.4,0,23.4,15.6,1029,0,0,0,112,113,23.3,5.2,70.7,70.2
22/04/2024 01:54,23.4,18.2,61.8,950.2,535,950.3,0,23.4,15.6,1029,0,0,0,113,113,23.3,5.2,70.7,70.2
22/04/2024 01:54,23.4,18.2,61.8,950.2,535,950.3,0,23.4,15.6,1029,0,0,0,113,114,23.3,5.2,70.7,70.2
22/04/2024 01:55,23.4,18.2,61.8,950.4,535,950.4,0,23.4,15.6,1027,0,0,0,113,113,23.3,5.2,70.7,70.2
22/04/2024 01:55,23.4,18.2,61.8,950.4,535,950.4,0,23.4,15.6,1027,0,0,0,113,113,23.3,5.2,70.7,70.2
22/04/2024 01:56,23.4,18.2,61.8,950.4,535,950.4,0,23.4,15.6,1027,0,0,0,113,114,23.3,5.2,70.7,70.2
22/04/2024 01:56,23.4,18.2,61.8,950.4,535,950.4,0,23.4,15.6,1027,0,0,0,113,113,23.3,5.2,70.7,70.2
22/04/2024 01:57,23.4,18.2,61.7,950.5,535,950.5,0,23.4,15.6,1026,0,0,0,113,113,23.3,5.2,70.7,70.2
22/04/2024 01:57,23.4,18.2,61.7,950.2,535,950.3,0,23.4,15.6,1029,0,0,0,113,113,23.3,5.2,70.7,70.2
22/04/2024 01:58,23.4,18.2,61.7,950.2,535,950.3,0,23.4,15.6,1029,0,0,0,113,113,23.3,5.2,70.7,70.2
22/04/2024 01:58,23.4,18.2,61.7,950.2,535,950.3,0,23.4,15.6,1029,0,0,0,113,113,23.3,5.2,70.7,70.2
22/04/2024 01:59,23.4,18.2,61.7,950.2,535,950.3,0,23.4,15.6,1029,0,0,0,113,113,23.3,5.2,70.7,70.2
22/04/2024 01:59,23.4,18.2,61.7,950.2,536,950.3,0,23.4,15.6,1028,0,0,0,113,113,23.3,5.1,70.7,70.2
22/04/2024 02:00,23.4,18.2,61.7,950.2,536,950.3,0,23.4,15.6,1029,0,0,0,113,113,23.3,5.2,70.7,70.2
22/04/2024 02:00,23.4,18.2,61.7,950.2,536,950.3,0,23.4,15.6,1029,0,0,0,113,113,23.3,5.2,70.7,70.2
22/04/2024 02:01,23.4,18.2,61.7,950.2,535,950.3,0,23.4,15.6,1028,0,0,0,113,114,23.3,5.1,70.7,70.2
22/04/2024 02:01,23.4,18.2,61.7,950.2,536,950.2,0,23.4,15.6,1029,0,0,0,113,113,23.3,5.1,70.7,70.2
22/04/2024 02:02,23.4,18.2,61.7,950.2,537,950.2,0,23.4,15.6,1029,0,0,0,113,113,23.3,5.1,70.7,70.2
22/04/2024 02:02,23.4,18.2,61.7,950.4,535,950.4,0,23.4,15.6,1027,0,0,0,113,114,23.3,5.1,70.7,70.2
22/04/2024 02:03,23.4,18.2,61.7,950.2,535,950.3,0,23.4,15.6,1028,0,0,0,113,114,23.3,5.1,70.7,70.2
22/04/2024 02:03,23.4,18.2,61.7,950.2,536,950.2,0,23.4,15.6,1029,0,0,0,113,113,23.3,5.1,70.7,70.2
22/04/2024 02:04,23.4,18.2,61.7,950.2,535,950.3,0,23.4,15.6,1028,0,0,0,113,114,23.3,5.1,70.7,70.2
22/04/2024 02:04,23.4,18.2,61.7,950.2,535,950.3,0,23.4,15.6,1028,0,0,0,112,113,23.3,5.1,70.7,70.2
22/04/2024 02:05,23.4,18.2,61.7,950.2,536,950.3,0,23.4,15.6,1028,0,0,0,113,113,23.3,5.1,70.7,70.2
22/04/2024 02:05,23.4,18.2,61.7,950.4,535,950.4,0,23.4,15.6,1027,0,0,0,112,113,23.3,5.1,70.7,70.2
22/04/2024 02:06,23.4,18.2,61.7,950.2,535,950.3,0,23.4,15.6,1028,0,0,0,113,113,23.3,5.1,70.7,70.2
22/04/2024 02:06,23.4,18.2,61.7,950.2,535,950.3,0,23.4,15.6,1028,0,0,0,114,114,23.3,5.1,70.7,70.2
22/04/2024 02:07,23.4,18.2,61.7,950.4,535,950.4,0,23.4,15.6,1027,0,0,0,113,113,23.3,5.1,70.7,70.2
22/04/2024 02:07,23.4,18.2,61.7,950.4,535,950.4,0,23.4,15.6,1027,0,0,0,113,114,23.3,5.1,70.7,70.2
22/04/2024 02:08,23.4,18.2,61.6,950.2,536,950.3,0,23.4,15.6,1028,0,0,0,113,113,23.3,5.1,70.6,70.2
22/04/2024 02:08,23.4,18.2,61.6,950.2,535,950.3,0,23.4,15.6,1028,0,0,0,113,114,23.3,5.1,70.6,70.2
22/04/2024 02:09,23.4,18.2,61.6,950.2,536,950.3,0,23.4,15.6,1028,0,0,0,113,114,23.3,5.1,70.6,70.2
22/04/2024 02:09,23.3,18.1,61.8,950.2,535,950.3,0,23.4,15.6,1027,0,0,0,113,113,23.3,5.2,70.6,70.1
22/04/2024 02:10,23.3,18.1,61.8,950.2,535,950.3,0,23.4,15.6,1027,0,0,0,113,114,23.3,5.2,70.6,70.1
22/04/2024 02:10,23.3,18.1,61.8,950.4,535,950.4,0,23.4,15.6,1026,0,0,0,113,113,23.3,5.2,70.6,70.1
22/04/2024 02:11,23.3,18.1,61.7,950.4,535,950.4,0,23.4,15.6,1026,0,0,0,113,113,23.3,5.2,70.6,70.1
22/04/2024 02:11,23.3,18.1,61.7,950.4,535,950.4,0,23.4,15.6,1026,0,0,0,113,113,23.3,5.2,70.6,70.1
22/04/2024 02:12,23.3,18.1,61.7,950.2,536,950.3,0,23.4,15.6,1027,0,0,0,113,114,23.3,5.2,70.6,70.1
22/04/2024 02:12,23.3,18.1,61.7,950.2,536,950.3,0,23.4,15.6,1027,0,0,0,113,114,23.3,5.2,70.6,70.1
22/04/2024 02:13,23.3,18.1,61.7,950.2,536,950.3,0,23.4,15.6,1027,0,0,0,113,113,23.3,5.2,70.6,70.1
22/04/2024 02:13,23.3,18.1,61.7,950.2,536,950.2,0,23.4,15.6,1028,0,0,0,113,113,23.3,5.2,70.6,70.1
22/04/2024 02:14,23.3,18.1,61.7,950.2,536,950.2,0,23.4,15.6,1028,0,0,0,113,113,23.3,5.2,70.6,70.1
22/04/2024 02:14,23.3,18.1,61.7,950.2,536,950.2,0,23.4,15.6,1028,0,0,0,113,114,23.3,5.2,70.6,70.1
22/04/2024 02:15,23.3,18.1,61.7,950.2,536,950.2,0,23.4,15.6,1028,0,0,0,113,114,23.3,5.2,70.6,70.1
22/04/2024 02:15,23.3,18.1,61.7,950.2,536,950.2,0,23.4,15.6,1028,0,0,0,113,114,23.3,5.2,70.6,70.1
22/04/2024 02:16,23.3,18.1,61.7,950.2,536,950.3,0,23.4,15.6,1027,0,0,0,113,113,23.3,5.2,70.6,70.1
22/04/2024 02:16,23.3,18.1,61.7,950.2,537,950.2,0,23.4,15.6,1028,0,0,0,113,114,23.3,5.2,70.6,70.1
22/04/2024 02:17,23.3,18.1,61.7,950.2,536,950.2,0,23.4,15.6,1028,0,0,0,112,113,23.3,5.2,70.6,70.1
22/04/2024 02:17,23.3,18.1,61.7,950.2,536,950.2,0,23.4,15.6,1028,0,0,0,113,113,23.3,5.2,70.6,70.1
22/04/2024 02:18,23.3,18.1,61.8,950.2,535,950.3,0,23.4,15.6,1026,0,0,0,113,113,23.3,5.2,70.6,70.1
22/04/2024 02:18,23.3,18.1,61.7,950.2,535,950.3,0,23.4,15.6,1027,0,0,0,113,113,23.3,5.2,70.6,70.1
22/04/2024 02:19,23.3,18.1,61.8,950.2,536,950.3,0,23.4,15.6,1026,0,0,0,112,113,23.3,5.2,70.6,70.1
22/04/2024 02:19,23.3,18.1,61.7,950.2,536,950.2,0,23.4,15.6,1027,0,0,0,113,113,23.3,5.2,70.6,70.1
22/04/2024 02:20,23.3,18.1,61.7,950.2,536,950.2,0,23.4,15.6,1027,0,0,0,113,113,23.3,5.2,70.6,70.1
22/04/2024 02:20,23.3,18.1,61.7,950.2,536,950.3,0,23.4,15.6,1026,0,0,0,113,113,23.3,5.2,70.6,70.1
22/04/2024 02:21,23.3,18.1,61.7,950.2,536,950.2,0,23.4,15.6,1027,0,0,0,113,113,23.3,5.2,70.6,70.1
22/04/2024 02:21,23.3,18.1,61.7,950.2,537,950.2,0,23.4,15.6,1027,0,0,0,113,113,23.3,5.2,70.6,70.1
22/04/2024 02:22,23.3,18.1,61.7,950.2,535,950.3,0,23.4,15.6,1026,0,0,0,113,114,23.3,5.2,70.6,70.1
22/04/2024 02:22,23.3,18.1,61.7,950.2,535,950.3,0,23.4,15.6,1026,0,0,0,112,113,23.3,5.2,70.6,70.1
22/04/2024 02:23,23.3,18.1,61.7,950.2,536,950.3,0,23.4,15.6,1026,0,0,0,113,114,23.3,5.2,70.6,70.1
22/04/2024 02:23,23.3,18.1,61.7,950.2,536,950.3,0,23.4,15.6,1026,0,0,0,113,113,23.3,5.2,70.6,70.1
22/04/2024 02:24,23.3,18.1,61.7,950.4,535,950.4,0,23.4,15.6,1025,0,0,0,112,112,23.3,5.2,70.6,70.1
22/04/2024 02:24,23.3,18.1,61.7,950.4,535,950.4,0,23.4,15.6,1025,0,0,0,113,113,23.3,5.2,70.6,70.1
22/04/2024 02:25,23.3,18.1,61.7,950.4,535,950.4,0,23.4,15.5,1025,0,0,0,113,113,23.3,5.2,70.6,70.1
22/04/2024 02:25,23.3,18.1,61.7,950.4,535,950.4,0,23.4,15.6,1025,0,0,0,113,113,23.3,5.2,70.6,70.1
22/04/2024 02:26,23.3,18.1,61.8,950.4,535,950.4,0,23.3,15.6,1025,0,0,0,112,113,23.2,5.2,70.6,70.1
22/04/2024 02:26,23.3,18.1,61.8,950.4,535,950.4,0,23.3,15.6,1025,0,0,0,112,113,23.2,5.2,70.6,70.1
22/04/2024 02:27,23.3,18.1,61.7,950.4,535,950.4,0,23.4,15.6,1025,0,0,0,113,113,23.3,5.2,70.6,70.1
22/04/2024 02:27,23.3,18.1,61.8,950.4,535,950.4,0,23.3,15.6,1025,0,0,0,112,113,23.2,5.2,70.6,70.1
22/04/2024 02:28,23.3,18.1,61.8,950.4,535,950.4,0,23.3,15.5,1025,0,0,0,114,114,23.2,5.2,70.6,70.1
22/04/2024 02:28,23.3,18.1,61.8,950.4,535,950.4,0,23.3,15.5,1025,0,0,0,113,113,23.2,5.2,70.6,70.1
22/04/2024 02:29,23.3,18.1,61.8,950.2,535,950.3,0,23.3,15.5,1025,0,0,0,113,113,23.2,5.2,70.6,70.1
22/04/2024 02:29,23.3,18.1,61.8,950.4,535,950.4,0,23.3,15.5,1025,0,0,0,113,113,23.2,5.2,70.6,70.1
22/04/2024 02:30,23.3,18.1,61.8,950.4,535,950.4,0,23.3,15.5,1025,0,0,0,113,113,23.2,5.2,70.6,70.1
22/04/2024 02:30,23.3,18.1,61.8,950.2,536,950.3,0,23.3,15.5,1025,0,0,0,113,114,23.2,5.2,70.6,70.1
22/04/2024 02:31,23.3,18.1,61.8,950.2,536,950.3,0,23.3,15.6,1025,0,0,0,113,113,23.2,5.2,70.6,70.1
22/04/2024 02:31,23.3,18.1,61.8,950.2,536,950.3,0,23.3,15.6,1025,0,0,0,113,114,23.2,5.2,70.6,70.1
22/04/2024 02:32,23.3,18.1,61.8,950.2,536,950.3,0,23.3,15.5,1025,0,0,0,113,113,23.2,5.2,70.6,70.1
22/04/2024 02:32,23.3,18.1,61.8,950.2,537,950.2,0,23.3,15.5,1026,0,0,0,113,113,23.2,5.2,70.6,70.1
22/04/2024 02:33,23.3,18.1,61.8,950.2,536,950.2,0,23.3,15.5,1026,0,0,0,113,113,23.2,5.2,70.6,70.1
22/04/2024 02:33,23.3,18.1,61.8,950.2,535,950.3,0,23.3,15.5,1025,0,0,0,113,114,23.2,5.2,70.6,70.1
22/04/2024 02:34,23.3,18.1,61.8,950.2,535,950.3,0,23.3,15.5,1025,0,0,0,113,113,23.2,5.2,70.6,70.1
22/04/2024 02:34,23.3,18.1,61.7,950.4,535,950.4,0,23.3,15.5,1025,0,0,0,112,113,23.2,5.2,70.6,70.1
22/04/2024 02:35,23.3,18.1,61.8,950.4,535,950.4,0,23.3,15.5,1024,0,0,0,113,114,23.2,5.2,70.5,70
22/04/2024 02:35,23.3,18.1,61.7,950.4,535,950.4,0,23.3,15.5,1025,0,0,0,112,113,23.2,5.2,70.6,70.1
22/04/2024 02:36,23.3,18.1,61.8,950.4,535,950.4,0,23.3,15.5,1024,0,0,0,112,113,23.2,5.2,70.5,70
22/04/2024 02:36,23.3,18.1,61.7,950.4,535,950.4,0,23.3,15.5,1025,0,0,0,113,113,23.2,5.2,70.6,70.1
22/04/2024 02:37,23.3,18.1,61.8,950.4,535,950.4,0,23.3,15.5,1024,0,0,0,113,114,23.2,5.2,70.5,70
22/04/2024 02:37,23.3,18.1,61.8,950.5,534,950.5,0,23.3,15.5,1022,0,0,0,113,114,23.2,5.2,70.5,70
22/04/2024 02:38,23.3,18.1,61.8,950.5,535,950.5,0,23.3,15.5,1022,0,0,0,113,113,23.2,5.2,70.5,70
22/04/2024 02:38,23.3,18.1,61.8,950.5,534,950.6,0,23.3,15.5,1021,0,0,0,113,114,23.2,5.2,70.5,70
22/04/2024 02:39,23.3,18.1,61.8,950.5,534,950.5,0,23.3,15.5,1022,0,0,0,113,113,23.2,5.2,70.5,70
22/04/2024 02:39,23.3,18.1,61.8,950.5,535,950.5,0,23.3,15.5,1022,0,0,0,113,114,23.2,5.2,70.5,70
22/04/2024 02:40,23.3,18.1,61.8,950.5,535,950.5,0,23.3,15.5,1022,0,0,0,113,113,23.2,5.2,70.5,70
22/04/2024 02:40,23.3,18.1,61.8,950.5,534,950.5,0,23.3,15.5,1022,0,0,0,113,113,23.2,5.2,70.5,70
22/04/2024 02:41,23.3,18.1,61.8,950.5,534,950.5,0,23.3,15.5,1022,0,0,0,113,114,23.2,5.2,70.5,70
22/04/2024 02:41,23.3,18.1,61.8,950.5,535,950.5,0,23.3,15.5,1022,0,0,0,113,114,23.2,5.2,70.5,70
22/04/2024 02:42,23.3,18.1,61.8,950.5,534,950.5,0,23.3,15.5,1022,0,0,0,113,114,23.2,5.2,70.5,70
22/04/2024 02:42,23.3,18.1,61.8,950.5,534,950.5,0,23.3,15.5,1022,0,0,0,113,114,23.2,5.2,70.5,70
22/04/2024 02:43,23.3,18.1,61.8,950.5,534,950.5,0,23.3,15.5,1022,0,0,0,113,113,23.2,5.2,70.5,70
22/04/2024 02:43,23.3,18.1,61.7,950.5,535,950.5,0,23.3,15.5,1022,0,0,0,113,114,23.2,5.2,70.5,70
22/04/2024 02:44,23.3,18.1,61.8,950.4,535,950.4,0,23.3,15.5,1024,0,0,0,114,114,23.2,5.2,70.5,70
22/04/2024 02:44,23.3,18.1,61.7,950.4,535,950.4,0,23.3,15.5,1024,0,0,0,113,113,23.2,5.2,70.5,70
22/04/2024 02:45,23.3,18.1,61.8,950.4,535,950.4,0,23.3,15.5,1024,0,0,0,112,113,23.2,5.2,70.5,70
22/04/2024 02:45,23.3,18.1,61.7,950.4,535,950.4,0,23.3,15.5,1024,0,0,0,113,113,23.2,5.2,70.5,70
22/04/2024 02:46,23.2,18.1,61.8,950.4,535,950.4,0,23.3,15.5,1022,0,0,0,113,114,23.2,5.1,70.5,70
22/04/2024 02:46,23.2,18.1,61.8,950.2,536,950.3,0,23.3,15.5,1024,0,0,0,113,113,23.2,5.1,70.5,70
22/04/2024 02:47,23.2,18.1,61.9,950.4,535,950.4,0,23.3,15.5,1022,0,0,0,113,113,23.2,5.1,70.5,70
22/04/2024 02:47,23.2,18.1,61.9,950.4,535,950.4,0,23.3,15.5,1022,0,0,0,113,113,23.2,5.1,70.5,70
22/04/2024 02:48,23.2,18.1,61.9,950.4,535,950.4,0,23.3,15.5,1022,0,0,0,113,113,23.2,5.1,70.5,70
22/04/2024 02:48,23.2,18.1,61.8,950.2,535,950.3,0,23.3,15.5,1024,0,0,0,113,114,23.2,5.1,70.5,70
22/04/2024 02:49,23.2,18.1,61.9,950.2,536,950.3,0,23.3,15.5,1024,0,0,0,112,113,23.2,5.1,70.5,70
22/04/2024 02:49,23.2,18.1,61.9,950.2,536,950.2,0,23.3,15.5,1025,0,0,0,114,114,23.2,5.1,70.5,70
22/04/2024 02:50,23.2,18.1,61.8,950.2,536,950.2,0,23.3,15.5,1025,0,0,0,112,113,23.2,5.1,70.5,70
22/04/2024 02:50,23.2,18.1,61.9,950.2,535,950.3,0,23.3,15.5,1024,0,0,0,113,113,23.2,5.1,70.5,70
22/04/2024 02:51,23.2,18.1,61.8,950.2,535,950.3,0,23.3,15.5,1024,0,0,0,113,114,23.2,5.1,70.5,70
22/04/2024 02:51,23.2,18.1,61.8,950.2,535,950.3,0,23.3,15.5,1024,0,0,0,113,113,23.2,5.1,70.5,70
22/04/2024 02:52,23.2,18.1,61.8,950.4,535,950.4,0,23.3,15.5,1022,0,0,0,112,113,23.2,5.1,70.5,70
22/04/2024 02:52,23.2,18.1,61.8,950.4,535,950.4,0,23.3,15.5,1022,0,0,0,113,113,23.2,5.1,70.5,70
22/04/2024 02:53,23.2,18.1,61.8,950.4,535,950.4,0,23.3,15.5,1022,0,0,0,113,114,23.2,5.1,70.5,70
22/04/2024 02:53,23.2,18.1,61.8,950.4,535,950.4,0,23.3,15.5,1022,0,0,0,113,113,23.2,5.1,70.5,70
22/04/2024 02:54,23.2,18.1,61.8,950.4,535,950.4,0,23.3,15.5,1022,0,0,0,112,113,23.2,5.1,70.5,70
22/04/2024 02:54,23.2,18.1,61.9,950.4,535,950.4,0,23.3,15.5,1021,0,0,0,113,114,23.2,5.1,70.5,70
22/04/2024 02:55,23.2,18.1,61.8,950.4,535,950.4,0,23.3,15.5,1021,0,0,0,113,113,23.2,5.1,70.5,70
22/04/2024 02:55,23.2,18.1,61.8,950.2,535,950.3,0,23.3,15.5,1023,0,0,0,113,113,23.2,5.1,70.5,70
22/04/2024 02:56,23.2,18.1,61.8,950.2,535,950.3,0,23.3,15.5,1023,0,0,0,113,113,23.2,5.1,70.5,70
22/04/2024 02:56,23.2,18.1,61.9,950.4,535,950.4,0,23.3,15.5,1021,0,0,0,113,113,23.2,5.1,70.5,70
22/04/2024 02:57,23.2,18.1,61.8,950.2,535,950.3,0,23.3,15.5,1023,0,0,0,113,114,23.2,5.1,70.5,70
22/04/2024 02:57,23.2,18.1,61.8,950.4,535,950.4,0,23.3,15.5,1021,0,0,0,113,113,23.2,5.1,70.5,70
22/04/2024 02:58,23.2,18.1,61.8,950.2,536,950.3,0,23.3,15.5,1023,0,0,0,113,113,23.2,5.1,70.5,70
22/04/2024 02:58,23.2,18.1,61.8,950.2,536,950.2,0,23.3,15.5,1024,0,0,0,113,113,23.2,5.1,70.5,70
22/04/2024 02:59,23.2,18.1,61.8,950,537,950.1,0,23.3,15.5,1025,0,0,0,113,113,23.2,5.1,70.5,70
22/04/2024 02:59,23.2,18.1,61.8,950,538,950,0,23.3,15.5,1026,0,0,0,113,114,23.2,5.1,70.5,70
22/04/2024 03:00,23.2,18.1,61.8,950,538,950.1,0,23.3,15.5,1025,0,0,0,113,113,23.2,5.1,70.5,70
22/04/2024 03:00,23.2,18.1,61.8,950,538,950,0,23.3,15.5,1026,0,0,0,112,113,23.2,5.1,70.5,70
22/04/2024 03:01,23.2,18.1,61.8,950,538,950,0,23.3,15.5,1026,0,0,0,113,114,23.2,5.1,70.5,70
22/04/2024 03:01,23.2,18.1,61.8,950,538,950.1,0,23.3,15.5,1025,0,0,0,112,113,23.2,5.1,70.5,70
22/04/2024 03:02,23.2,18.1,61.8,950,538,950.1,0,23.3,15.5,1025,0,0,0,113,113,23.2,5.1,70.5,70
22/04/2024 03:02,23.2,18.1,61.8,950,539,950,0,23.3,15.5,1026,0,0,0,112,113,23.2,5.1,70.5,70
22/04/2024 03:03,23.2,18.1,61.8,950,538,950,0,23.3,15.5,1026,0,0,0,113,113,23.2,5.1,70.5,70
22/04/2024 03:03,23.2,18.1,61.8,950,539,950,0,23.3,15.5,1026,0,0,0,113,114,23.2,5.1,70.5,70
22/04/2024 03:04,23.2,18.1,61.8,950,539,950,0,23.3,15.5,1026,0,0,0,113,113,23.2,5.1,70.5,70
22/04/2024 03:04,23.2,18.1,61.8,950,538,950,0,23.3,15.5,1026,0,0,0,113,113,23.2,5.1,70.5,70
22/04/2024 03:05,23.2,18.1,61.8,950,538,950,0,23.3,15.5,1026,0,0,0,113,114,23.2,5.1,70.5,70
22/04/2024 03:05,23.2,18.1,61.8,950,537,950.1,0,23.3,15.5,1024,0,0,0,113,114,23.2,5.1,70.5,70
22/04/2024 03:06,23.2,18.1,61.8,950,538,950.1,0,23.3,15.5,1024,0,0,0,113,113,23.2,5.1,70.5,70
22/04/2024 03:06,23.2,18.1,61.8,950,538,950.1,0,23.3,15.5,1024,0,0,0,113,114,23.2,5.1,70.5,70
22/04/2024 03:07,23.2,18.1,61.8,950,538,950,0,23.3,15.5,1025,0,0,0,112,113,23.2,5.1,70.5,70
22/04/2024 03:07,23.2,18.1,61.9,950,538,950.1,0,23.3,15.5,1024,0,0,0,113,113,23.2,5.1,70.5,70
22/04/2024 03:08,23.2,18.1,61.9,950,538,950,0,23.3,15.5,1025,0,0,0,112,113,23.2,5.1,70.5,70
22/04/2024 03:08,23.2,18.1,61.8,949.9,539,949.9,0,23.3,15.5,1026,0,0,0,113,114,23.2,5.1,70.5,70
22/04/2024 03:09,23.2,18.1,61.8,950,539,950,0,23.3,15.5,1025,0,0,0,113,114,23.2,5.1,70.5,70
22/04/2024 03:09,23.2,18.1,61.8,950,539,950,0,23.3,15.5,1025,0,0,0,113,114,23.2,5.1,70.5,70
22/04/2024 03:10,23.2,18.1,61.8,950,538,950,0,23.3,15.5,1025,0,0,0,113,113,23.2,5.1,70.5,70
22/04/2024 03:10,23.2,18.1,61.8,950,538,950,0,23.3,15.5,1025,0,0,0,113,113,23.2,5.1,70.5,70
22/04/2024 03:11,23.2,18.1,61.8,950,537,950.1,0,23.3,15.5,1024,0,0,0,112,113,23.2,5.1,70.5,70
22/04/2024 03:11,23.2,18.1,61.8,950,538,950.1,0,23.3,15.5,1024,0,0,0,113,113,23.2,5.1,70.5,70
22/04/2024 03:12,23.2,18.1,61.8,950,539,950,0,23.3,15.5,1025,0,0,0,113,113,23.2,5.1,70.5,70
22/04/2024 03:12,23.2,18.1,61.8,950,538,950.1,0,23.3,15.5,1024,0,0,0,112,113,23.2,5.1,70.5,70
22/04/2024 03:13,23.2,18.1,61.9,950,539,950,0,23.3,15.5,1025,0,0,0,113,113,23.2,5.1,70.5,70
22/04/2024 03:13,23.2,18.1,61.9,950,538,950,0,23.3,15.5,1025,0,0,0,113,113,23.2,5.1,70.5,70
22/04/2024 03:14,23.2,18.1,61.8,950,538,950,0,23.3,15.5,1025,0,0,0,113,113,23.2,5.1,70.4,70
22/04/2024 03:14,23.2,18.1,61.9,950,538,950,0,23.2,15.5,1024,0,0,0,113,114,23.1,5.1,70.4,69.9
22/04/2024 03:15,23.2,18.1,61.8,950,538,950,0,23.3,15.5,1025,0,0,0,113,114,23.2,5.1,70.4,70
22/04/2024 03:15,23.2,18.1,61.8,950,539,950,0,23.3,15.5,1025,0,0,0,114,114,23.2,5.1,70.4,70
22/04/2024 03:16,23.2,18.1,61.8,950,539,950,0,23.3,15.5,1025,0,0,0,113,113,23.2,5.1,70.4,70
22/04/2024 03:16,23.2,18.1,61.8,950,539,950,0,23.3,15.5,1025,0,0,0,112,113,23.2,5.1,70.4,70
22/04/2024 03:17,23.2,18.1,61.9,950,538,950.1,0,23.2,15.5,1023,0,0,0,113,113,23.1,5.1,70.4,69.9
22/04/2024 03:17,23.2,18.1,61.9,950,539,950,0,23.2,15.5,1024,0,0,0,113,114,23.1,5.1,70.4,69.9
22/04/2024 03:18,23.2,18.1,61.9,950,538,950,0,23.2,15.5,1024,0,0,0,114,114,23.1,5.1,70.4,69.9
22/04/2024 03:18,23.2,18.1,61.9,950,538,950,0,23.2,15.5,1024,0,0,0,113,114,23.1,5.1,70.4,69.9
22/04/2024 03:19,23.2,18.1,61.9,949.9,539,949.9,0,23.2,15.5,1025,0,0,0,113,113,23.1,5.1,70.4,69.9
22/04/2024 03:19,23.2,18.1,61.9,950,538,950,0,23.2,15.5,1024,0,0,0,113,113,23.1,5.1,70.4,69.9
22/04/2024 03:20,23.2,18.1,61.9,949.9,539,949.9,0,23.2,15.5,1025,0,0,0,113,113,23.1,5.1,70.4,69.9
22/04/2024 03:20,23.2,18.1,61.9,950,538,950.1,0,23.2,15.5,1023,0,0,0,113,113,23.1,5.1,70.4,69.9
22/04/2024 03:21,23.2,18.1,61.9,950,538,950.1,0,23.2,15.5,1023,0,0,0,113,113,23.1,5.1,70.4,69.9
22/04/2024 03:21,23.2,18.1,61.9,950,538,950.1,0,23.2,15.5,1023,0,0,0,114,114,23.1,5.1,70.4,69.9
22/04/2024 03:22,23.2,18.1,61.9,950,538,950.1,0,23.2,15.5,1023,0,0,0,113,113,23.1,5.1,70.4,69.9
22/04/2024 03:22,23.2,18.1,61.9,950,538,950.1,0,23.2,15.5,1023,0,0,0,112,113,23.1,5.1,70.4,69.9
22/04/2024 03:23,23.2,18.1,61.9,950,537,950.1,0,23.2,15.4,1023,0,0,0,113,113,23.1,5.1,70.4,69.9
22/04/2024 03:23,23.2,18.1,61.9,950,537,950.1,0,23.2,15.4,1023,0,0,0,113,114,23.1,5.1,70.4,69.9
22/04/2024 03:24,23.2,18.1,61.9,950,538,950,0,23.2,15.4,1024,0,0,0,113,113,23.1,5.1,70.4,69.9
22/04/2024 03:24,23.2,18.1,61.9,950,539,950,0,23.2,15.4,1024,0,0,0,112,113,23.1,5.1,70.4,69.9
22/04/2024 03:25,23.2,18.1,61.9,950,538,950,0,23.2,15.4,1024,0,0,0,113,114,23.1,5.1,70.4,69.9
22/04/2024 03:25,23.2,18.1,61.9,950,539,950,0,23.2,15.4,1024,0,0,0,112,113,23.1,5.1,70.4,69.9
22/04/2024 03:26,23.2,18.1,61.9,950,538,950,0,23.2,15.4,1024,0,0,0,113,114,23.1,5.1,70.4,69.9
22/04/2024 03:26,23.2,18.1,61.9,950,539,950,0,23.2,15.4,1024,0,0,0,113,113,23.1,5.1,70.4,69.9
22/04/2024 03:27,23.2,18.1,61.9,950,539,950,0,23.2,15.5,1024,0,0,0,113,113,23.1,5.1,70.4,69.9
22/04/2024 03:27,23.2,18.1,61.9,950,538,950,0,23.2,15.5,1024,0,0,0,113,114,23.1,5.1,70.4,69.9
22/04/2024 03:28,23.2,18.1,61.9,950,538,950,0,23.2,15.5,1024,0,0,0,113,113,23.1,5.1,70.4,69.9
22/04/2024 03:28,23.1,18.1,61.9,950,539,950,0,23.2,15.5,1024,0,0,0,113,113,23.1,5,70.4,69.9
22/04/2024 03:29,23.1,18.1,61.9,950,539,950,0,23.2,15.4,1024,0,0,0,113,113,23.1,5,70.4,69.9
22/04/2024 03:29,23.1,18.1,61.9,949.9,539,949.9,0,23.2,15.5,1025,0,0,0,113,113,23.1,5,70.4,69.9
22/04/2024 03:30,23.1,18.1,61.9,950,538,950.1,0,23.2,15.4,1022,0,0,0,113,113,23.1,5,70.4,69.9
22/04/2024 03:30,23.1,18.1,61.9,950,539,950,0,23.2,15.4,1024,0,0,0,112,113,23.1,5,70.4,69.9
22/04/2024 03:31,23.1,18.1,61.9,950,539,950,0,23.2,15.4,1024,0,0,0,112,113,23.1,5,70.4,69.9
22/04/2024 03:31,23.1,18.1,61.9,950,539,950,0,23.2,15.4,1024,0,0,0,113,113,23.1,5,70.4,69.9
22/04/2024 03:32,23.1,18.1,61.9,950,538,950,0,23.2,15.4,1024,0,0,0,113,113,23.1,5,70.4,69.9
22/04/2024 03:32,23.1,18.1,61.9,950,537,950.1,0,23.2,15.4,1022,0,0,0,113,114,23.1,5,70.4,69.9
22/04/2024 03:33,23.1,18.1,61.9,950,537,950.1,0,23.2,15.4,1022,0,0,0,113,113,23.1,5,70.4,69.9
22/04/2024 03:33,23.1,18.1,61.9,950.2,537,950.1,0,23.2,15.4,1022,0,0,0,113,114,23.1,5,70.4,69.9
22/04/2024 03:34,23.1,18.1,61.9,950.2,536,950.2,0,23.2,15.4,1021,0,0,0,112,113,23.1,5,70.4,69.9
22/04/2024 03:34,23.1,18.1,61.9,950,538,950.1,0,23.2,15.4,1022,0,0,0,113,113,23.1,5,70.4,69.9
22/04/2024 03:35,23.1,18.1,61.9,950,538,950.1,0,23.2,15.4,1022,0,0,0,113,113,23.1,5,70.4,69.9
22/04/2024 03:35,23.1,18.1,61.9,950,537,950.1,0,23.2,15.4,1022,0,0,0,113,114,23.1,5,70.4,69.9
22/04/2024 03:36,23.1,18.1,61.9,950,537,950.1,0,23.2,15.4,1022,0,0,0,113,114,23.1,5,70.4,69.9
22/04/2024 03:36,23.1,18.1,61.9,950,538,950.1,0,23.2,15.4,1022,0,0,0,113,114,23.1,5,70.4,69.9
22/04/2024 03:37,23.1,18.1,61.9,950,537,950.1,0,23.2,15.4,1022,0,0,0,113,113,23.1,5,70.4,69.9
22/04/2024 03:37,23.1,18.1,61.9,950,537,950.1,0,23.2,15.4,1022,0,0,0,113,113,23.1,5,70.4,69.9
22/04/2024 03:38,23.1,18.1,61.9,950,538,950.1,0,23.2,15.4,1022,0,0,0,113,113,23.1,5,70.4,69.9
22/04/2024 03:38,23.1,18.1,61.9,950.2,537,950.2,0,23.2,15.4,1021,0,0,0,113,113,23.1,5,70.4,69.9
22/04/2024 03:39,23.1,18.1,61.9,950.2,537,950.2,0,23.2,15.4,1021,0,0,0,113,113,23.1,5,70.4,69.9
22/04/2024 03:39,23.1,18.1,61.9,950.2,537,950.1,0,23.2,15.4,1022,0,0,0,113,113,23.1,5,70.4,69.9
22/04/2024 03:40,23.1,18.1,61.9,950.2,536,950.2,0,23.2,15.4,1021,0,0,0,113,113,23.1,5,70.4,69.9
22/04/2024 03:40,23.1,18,62,950.2,536,950.2,0,23.2,15.4,1021,0,0,0,113,113,23.1,5.1,70.4,69.9
22/04/2024 03:41,23.1,18.1,61.9,950.2,535,950.3,0,23.2,15.4,1021,0,0,0,112,112,23.1,5,70.4,69.9
22/04/2024 03:41,23.1,18.1,61.9,950.2,536,950.3,0,23.2,15.4,1021,0,0,0,112,113,23.1,5,70.4,69.9
22/04/2024 03:42,23.1,18,61.8,950.4,535,950.4,0,23.2,15.4,1019,0,0,0,112,113,23.1,5.2,70.4,69.9
22/04/2024 03:42,23.1,18,62,950.4,535,950.4,0,23.2,15.4,1018,0,0,0,113,113,23.1,5.1,70.4,69.9
22/04/2024 03:43,23.1,18,61.9,950.2,535,950.3,0,23.2,15.4,1019,0,0,0,113,113,23.1,5.1,70.4,69.9
22/04/2024 03:43,23.1,18,61.9,950.4,535,950.4,0,23.2,15.4,1018,0,0,0,113,114,23.1,5.1,70.4,69.9
22/04/2024 03:44,23.1,18,61.9,950.4,535,950.4,0,23.2,15.4,1019,0,0,0,113,113,23.1,5.2,70.4,69.9
22/04/2024 03:44,23.1,18,62,950.4,535,950.4,0,23.2,15.4,1018,0,0,0,114,114,23.1,5.1,70.4,69.9
22/04/2024 03:45,23.1,18,62,950.4,535,950.4,0,23.2,15.4,1018,0,0,0,112,113,23.1,5.1,70.4,69.9
22/04/2024 03:45,23.1,18,62,950.5,535,950.5,0,23.2,15.4,1017,0,0,0,113,114,23.1,5.1,70.4,69.9
22/04/2024 03:46,23.1,18,61.9,950.2,535,950.3,0,23.2,15.4,1019,0,0,0,113,113,23.1,5.1,70.4,69.9
22/04/2024 03:46,23.1,18,61.9,950.4,535,950.4,0,23.2,15.4,1018,0,0,0,113,113,23.1,5.1,70.4,69.9
22/04/2024 03:47,23.1,18,62,950.4,535,950.4,0,23.2,15.4,1018,0,0,0,113,113,23.1,5.1,70.4,69.9
22/04/2024 03:47,23.1,18,61.9,950.2,535,950.3,0,23.2,15.4,1019,0,0,0,113,113,23.1,5.1,70.4,69.9
22/04/2024 03:48,23.1,18,61.9,950.4,535,950.4,0,23.2,15.4,1018,0,0,0,112,113,23.1,5.1,70.4,69.9
22/04/2024 03:48,23.1,18,61.9,950.4,535,950.4,0,23.2,15.4,1018,0,0,0,113,113,23.1,5.1,70.4,69.9
22/04/2024 03:49,23.1,18,61.9,950.2,535,950.3,0,23.2,15.4,1019,0,0,0,112,113,23.1,5.1,70.4,69.9
22/04/2024 03:49,23.1,18,61.9,950.2,535,950.3,0,23.2,15.4,1019,0,0,0,113,114,23.1,5.1,70.4,69.9
22/04/2024 03:50,23.1,18,61.9,950.2,535,950.3,0,23.2,15.4,1019,0,0,0,114,114,23.1,5.1,70.4,69.9
22/04/2024 03:50,23.1,18,61.9,950.2,537,950.2,0,23.2,15.4,1021,0,0,0,112,113,23.1,5.1,70.4,69.9
22/04/2024 03:51,23.1,18,61.9,950.2,536,950.2,0,23.2,15.4,1021,0,0,0,113,113,23.1,5.1,70.4,69.9
22/04/2024 03:51,23.1,18,61.9,950.2,536,950.3,0,23.2,15.4,1019,0,0,0,113,113,23.1,5.1,70.3,69.9
22/04/2024 03:52,23.1,18,61.9,950,537,950.1,0,23.2,15.4,1021,0,0,0,113,114,23.1,5.1,70.3,69.9
22/04/2024 03:52,23.1,18,62,950.2,536,950.3,0,23.2,15.4,1018,0,0,0,113,113,23.1,5.1,70.3,69.9
22/04/2024 03:53,23.1,18,61.9,950.2,536,950.3,0,23.2,15.4,1019,0,0,0,113,114,23.1,5.1,70.3,69.9
22/04/2024 03:53,23.1,18,61.9,950.2,536,950.3,0,23.2,15.4,1019,0,0,0,113,114,23.1,5.1,70.3,69.9
22/04/2024 03:54,23.1,18,62,950.2,537,950.2,0,23.2,15.4,1019,0,0,0,113,113,23.1,5.1,70.3,69.9
22/04/2024 03:54,23.1,18,61.9,950.2,535,950.3,0,23.2,15.4,1019,0,0,0,112,113,23.1,5.1,70.3,69.9
22/04/2024 03:55,23.1,18,61.9,950.2,536,950.2,0,23.2,15.4,1021,0,0,0,113,113,23.1,5.1,70.3,69.9
22/04/2024 03:55,23.1,18,61.9,950.2,536,950.2,0,23.2,15.4,1021,0,0,0,113,113,23.1,5.1,70.3,69.9
22/04/2024 03:56,23.1,18,61.9,950.2,536,950.2,0,23.2,15.4,1021,0,0,0,113,113,23.1,5.1,70.3,69.9
22/04/2024 03:56,23.1,18,61.9,950.2,535,950.3,0,23.2,15.4,1019,0,0,0,113,113,23.1,5.1,70.3,69.9
22/04/2024 03:57,23.1,18,62,950.2,536,950.2,0,23.2,15.4,1019,0,0,0,113,113,23.1,5.1,70.3,69.9
22/04/2024 03:57,23.1,18,62,950.2,536,950.3,0,23.2,15.4,1018,0,0,0,112,113,23.1,5.1,70.3,69.9
22/04/2024 03:58,23.1,18,62,950.2,537,950.2,0,23.2,15.4,1019,0,0,0,113,114,23.1,5.1,70.3,69.9
22/04/2024 03:58,23.1,18,62,950.2,537,950.2,0,23.2,15.4,1019,0,0,0,113,114,23.1,5.1,70.3,69.9
22/04/2024 03:59,23.1,18,62,950.2,536,950.2,0,23.2,15.4,1019,0,0,0,113,113,23.1,5.1,70.3,69.9
22/04/2024 03:59,23.1,18,62,950.2,537,950.2,0,23.2,15.4,1019,0,0,0,113,113,23.1,5.1,70.3,69.9
22/04/2024 04:00,23.1,18,62,950.2,536,950.2,0,23.2,15.4,1019,0,0,0,113,114,23.1,5.1,70.3,69.9
22/04/2024 04:00,23.1,18,62,950.2,536,950.2,0,23.2,15.4,1019,0,0,0,113,114,23.1,5.1,70.3,69.9
22/04/2024 04:01,23.1,18,62,950,537,950.1,0,23.2,15.4,1021,0,0,0,113,113,23.1,5.1,70.3,69.9
22/04/2024 04:01,23.1,18,62,950.2,535,950.3,0,23.2,15.4,1018,0,0,0,113,114,23.1,5.1,70.3,69.9
22/04/2024 04:02,23.1,18,62,950.2,536,950.3,0,23.2,15.4,1018,0,0,0,113,114,23.1,5.1,70.3,69.9
22/04/2024 04:02,23.1,18,61.9,950.2,536,950.3,0,23.2,15.4,1018,0,0,0,113,113,23.1,5.1,70.3,69.9
22/04/2024 04:03,23.1,18,61.9,950.4,535,950.4,0,23.2,15.4,1018,0,0,0,113,113,23.1,5.1,70.3,69.9
22/04/2024 04:03,23.1,18,62,950.2,536,950.2,0,23.2,15.4,1019,0,0,0,113,114,23.1,5.1,70.3,69.9
22/04/2024 04:04,23.1,18,61.9,950.2,536,950.2,0,23.2,15.4,1019,0,0,0,113,114,23.1,5.1,70.3,69.9
22/04/2024 04:04,23.1,18,61.9,950.2,536,950.3,0,23.2,15.4,1018,0,0,0,113,114,23.1,5.1,70.3,69.9
22/04/2024 04:05,23.1,18,62,950.2,535,950.3,0,23.2,15.4,1018,0,0,0,113,113,23.1,5.1,70.3,69.9
22/04/2024 04:05,23.1,18,61.9,950.2,536,950.2,0,23.2,15.4,1019,0,0,0,113,113,23.1,5.1,70.3,69.9
22/04/2024 04:06,23.1,18,61.9,950.2,536,950.3,0,23.2,15.4,1018,0,0,0,113,113,23.1,5.1,70.3,69.9
22/04/2024 04:06,23.1,18,61.9,950.2,535,950.3,0,23.2,15.4,1018,0,0,0,112,113,23.1,5.1,70.3,69.9
22/04/2024 04:07,23.1,18,61.9,950.2,536,950.3,0,23.2,15.4,1018,0,0,0,113,113,23.1,5.1,70.3,69.8
22/04/2024 04:07,23.1,18,61.9,950.2,535,950.3,0,23.2,15.4,1018,0,0,0,113,114,23.1,5.1,70.3,69.8
22/04/2024 04:08,23.1,18,61.9,950.4,535,950.4,0,23.2,15.4,1018,0,0,0,113,113,23.1,5.1,70.3,69.8
22/04/2024 04:08,23.1,18,61.9,950.4,535,950.4,0,23.2,15.4,1018,0,0,0,113,113,23.1,5.1,70.3,69.8
22/04/2024 04:09,23.1,18,61.9,950.4,535,950.4,0,23.2,15.4,1018,0,0,0,113,114,23.1,5.1,70.3,69.9
22/04/2024 04:09,23.1,18,61.9,950.4,535,950.4,0,23.2,15.4,1018,0,0,0,113,114,23.1,5.1,70.3,69.8
22/04/2024 04:10,23.1,18,61.9,950.2,535,950.3,0,23.1,15.4,1018,0,0,0,112,113,23,5.1,70.3,69.8
22/04/2024 04:10,23.1,18,61.9,950.2,536,950.3,0,23.2,15.4,1018,0,0,0,113,114,23.1,5.1,70.3,69.8
22/04/2024 04:11,23.1,18,61.9,950.2,535,950.3,0,23.1,15.4,1018,0,0,0,113,113,23,5.1,70.3,69.8
22/04/2024 04:11,23.1,18,61.9,950.2,535,950.3,0,23.1,15.4,1018,0,0,0,113,114,23,5.1,70.3,69.8
22/04/2024 04:12,23.1,18,61.9,950.5,535,950.5,0,23.1,15.4,1016,0,0,0,113,114,23,5.1,70.3,69.8
22/04/2024 04:12,23.1,18,61.9,950.5,535,950.5,0,23.1,15.4,1016,0,0,0,113,113,23,5.1,70.3,69.8
22/04/2024 04:13,23.1,18,61.9,950.5,535,950.5,0,23.1,15.4,1016,0,0,0,113,114,23,5.1,70.3,69.8
22/04/2024 04:13,23.1,18,61.9,950.5,533,950.6,0,23.1,15.4,1014,0,0,0,113,113,23,5.1,70.3,69.8
22/04/2024 04:14,23.1,18,61.9,950.5,534,950.5,0,23.1,15.4,1016,0,0,0,113,113,23,5.1,70.3,69.8
22/04/2024 04:14,23.1,18,61.9,950.7,533,950.7,0,23.1,15.4,1014,0,0,0,113,114,23,5.1,70.3,69.8
22/04/2024 04:15,23.1,18,61.9,950.5,534,950.6,0,23.1,15.4,1014,0,0,0,113,113,23,5.1,70.3,69.8
22/04/2024 04:15,23.1,18,61.9,950.5,533,950.6,0,23.1,15.4,1014,0,0,0,112,113,23,5.1,70.3,69.8
22/04/2024 04:16,23.1,18,61.9,950.5,533,950.6,0,23.1,15.4,1014,0,0,0,113,113,23,5.1,70.3,69.8
22/04/2024 04:16,23.1,18,61.9,950.7,533,950.7,0,23.1,15.4,1014,0,0,0,113,113,23,5.1,70.3,69.8
22/04/2024 04:17,23.1,18,61.9,950.7,533,950.7,0,23.1,15.4,1014,0,0,0,113,113,23,5.1,70.3,69.8
22/04/2024 04:17,23.1,18,61.9,950.5,534,950.6,0,23.1,15.4,1014,0,0,0,113,114,23,5.1,70.3,69.8
22/04/2024 04:18,23.1,18,61.9,950.5,535,950.5,0,23.1,15.4,1016,0,0,0,112,113,23,5.1,70.3,69.8
22/04/2024 04:18,23.1,18,61.9,950.5,534,950.5,0,23.1,15.4,1016,0,0,0,112,113,23,5.1,70.3,69.8
22/04/2024 04:19,23.1,18,61.9,950.5,535,950.5,0,23.1,15.4,1016,0,0,0,112,113,23,5.1,70.3,69.8
22/04/2024 04:19,23.1,18,61.9,950.4,535,950.4,0,23.1,15.4,1017,0,0,0,113,114,23,5.1,70.3,69.8
22/04/2024 04:20,23.1,18,61.9,950.4,535,950.4,0,23.1,15.4,1017,0,0,0,113,113,23,5.1,70.3,69.8
22/04/2024 04:20,23.1,18,61.9,950.5,534,950.5,0,23.1,15.4,1016,0,0,0,113,113,23,5.1,70.3,69.8
22/04/2024 04:21,23.1,18,62,950.5,534,950.5,0,23.1,15.4,1014,0,0,0,113,114,23,5.1,70.3,69.8
22/04/2024 04:21,23.1,18,62,950.5,535,950.5,0,23.1,15.4,1014,0,0,0,112,113,23,5.1,70.3,69.8
22/04/2024 04:22,23.1,18,62,950.5,534,950.5,0,23.1,15.4,1014,0,0,0,113,113,23,5.1,70.3,69.8
22/04/2024 04:22,23.1,18,61.9,950.5,534,950.6,0,23.1,15.4,1014,0,0,0,113,113,23,5.1,70.3,69.8
22/04/2024 04:23,23.1,18,61.9,950.5,534,950.5,0,23.1,15.4,1016,0,0,0,113,113,23,5.1,70.3,69.8
22/04/2024 04:23,23.1,18,61.9,950.5,535,950.5,0,23.1,15.4,1016,0,0,0,113,113,23,5.1,70.3,69.8
22/04/2024 04:24,23.1,18,62,950.5,535,950.5,0,23.1,15.4,1014,0,0,0,113,113,23,5.1,70.3,69.8
22/04/2024 04:24,23.1,18,61.9,950.5,534,950.5,0,23.1,15.4,1016,0,0,0,113,113,23,5.1,70.3,69.8
22/04/2024 04:25,23.1,18,61.9,950.2,535,950.3,0,23.1,15.4,1018,0,0,0,113,114,23,5.1,70.3,69.8
22/04/2024 04:25,23.1,18,62,950.2,536,950.3,0,23.1,15.4,1017,0,0,0,113,113,23,5.1,70.3,69.8
22/04/2024 04:26,23.1,18,61.9,950.2,536,950.3,0,23.1,15.4,1018,0,0,0,113,113,23,5.1,70.3,69.8
22/04/2024 04:26,23.1,18,62,950.2,536,950.3,0,23.1,15.4,1017,0,0,0,113,113,23,5.1,70.3,69.8
22/04/2024 04:27,23.1,18,62,950.2,535,950.3,0,23.1,15.4,1017,0,0,0,114,114,23,5.1,70.3,69.8
22/04/2024 04:27,23.1,18,61.9,950.2,536,950.3,0,23.1,15.4,1018,0,0,0,113,113,23,5.1,70.3,69.8
22/04/2024 04:28,23.1,18,62,950.2,536,950.3,0,23.1,15.4,1017,0,0,0,113,113,23,5.1,70.3,69.8
22/04/2024 04:28,23.1,18,62,950.2,536,950.2,0,23.1,15.4,1018,0,0,0,113,114,23,5.1,70.3,69.8
22/04/2024 04:29,23.1,18,61.9,950.4,535,950.4,0,23.1,15.4,1016,0,0,0,113,113,23,5.1,70.3,69.8
22/04/2024 04:29,23.1,18,62,950.4,535,950.4,0,23.1,15.4,1016,0,0,0,113,113,23,5.1,70.3,69.8
22/04/2024 04:30,23.1,18,61.9,950.4,535,950.4,0,23.1,15.4,1016,0,0,0,113,113,23,5.1,70.3,69.8
22/04/2024 04:30,23.1,18,61.9,950.4,535,950.4,0,23.1,15.4,1016,0,0,0,113,113,23,5.1,70.3,69.8
22/04/2024 04:31,23.1,18,62,950.5,534,950.5,0,23.1,15.4,1014,0,0,0,113,113,23,5.1,70.3,69.8
22/04/2024 04:31,23.1,18,61.9,950.5,534,950.5,0,23.1,15.4,1014,0,0,0,112,113,23,5.1,70.3,69.8
22/04/2024 04:32,23.1,18,61.8,950.5,534,950.5,0,23.1,15.3,1014,0,0,0,112,113,23,5.1,70.3,69.8
22/04/2024 04:32,23.1,18,61.9,950.5,535,950.5,0,23.1,15.4,1014,0,0,0,113,113,23,5.1,70.3,69.8
22/04/2024 04:33,23.1,18,61.9,950.5,535,950.5,0,23.1,15.4,1014,0,0,0,113,113,23,5.1,70.3,69.8
22/04/2024 04:33,23.1,18,61.9,950.5,535,950.5,0,23.1,15.4,1014,0,0,0,113,114,23,5.1,70.3,69.8
22/04/2024 04:34,23,17.9,61.9,950.4,535,950.4,0,23.1,15.4,1015,0,0,0,113,113,23,5.1,70.2,69.8
22/04/2024 04:34,23.1,18,61.8,950.4,535,950.4,0,23.1,15.3,1016,0,0,0,113,114,23,5.1,70.3,69.8
22/04/2024 04:35,23.1,18,61.8,950.4,535,950.4,0,23.1,15.3,1016,0,0,0,113,113,23,5.1,70.3,69.8
22/04/2024 04:35,23,17.9,61.9,950.5,535,950.5,0,23.1,15.3,1014,0,0,0,113,113,23,5.1,70.2,69.8
22/04/2024 04:36,23,17.9,61.9,950.2,535,950.3,0,23.1,15.3,1016,0,0,0,113,113,23,5.1,70.2,69.8
22/04/2024 04:36,23,17.9,61.9,950.2,535,950.3,0,23.1,15.3,1016,0,0,0,113,113,23,5.1,70.2,69.8
22/04/2024 04:37,23,17.9,61.9,950.4,535,950.4,0,23.1,15.3,1015,0,0,0,113,113,23,5.1,70.2,69.8
22/04/2024 04:37,23,17.9,61.9,950.2,536,950.2,0,23.1,15.3,1017,0,0,0,113,113,23,5.1,70.2,69.8
22/04/2024 04:38,23,17.9,61.9,950.2,536,950.2,0,23.1,15.3,1017,0,0,0,113,113,23,5.1,70.2,69.8
22/04/2024 04:38,23,17.9,61.9,950.2,536,950.3,0,23.1,15.3,1016,0,0,0,112,113,23,5.1,70.2,69.8
22/04/2024 04:39,23,17.9,61.9,950.2,536,950.3,0,23.1,15.3,1016,0,0,0,113,113,23,5.1,70.2,69.8
22/04/2024 04:39,23,17.9,61.8,950.2,536,950.3,0,23.1,15.3,1016,0,0,0,113,114,23,5.1,70.2,69.8
22/04/2024 04:40,23,17.9,61.9,950.2,535,950.3,0,23.1,15.3,1016,0,0,0,113,113,23,5.1,70.2,69.8
22/04/2024 04:40,23,17.9,61.8,950.2,536,950.3,0,23.1,15.3,1016,0,0,0,113,114,23,5.1,70.2,69.8
22/04/2024 04:41,23,17.9,61.8,950.2,535,950.3,0,23.1,15.3,1016,0,0,0,113,113,23,5.1,70.2,69.8
22/04/2024 04:41,23,17.9,61.8,950.2,535,950.3,0,23.1,15.3,1016,0,0,0,113,113,23,5.1,70.2,69.8
22/04/2024 04:42,23,17.9,61.8,950.4,535,950.4,0,23.1,15.3,1015,0,0,0,113,114,23,5.1,70.2,69.8
22/04/2024 04:42,23,17.9,61.8,950.4,535,950.4,0,23.1,15.3,1015,0,0,0,113,113,23,5.1,70.2,69.8
22/04/2024 04:43,23,17.9,61.8,950.5,535,950.5,0,23.1,15.3,1014,0,0,0,113,113,23,5.1,70.2,69.8
22/04/2024 04:43,23,17.9,61.8,950.4,535,950.4,0,23.1,15.3,1015,0,0,0,113,113,23,5.1,70.2,69.8
22/04/2024 04:44,23,17.9,61.8,950.2,535,950.3,0,23.1,15.3,1016,0,0,0,112,113,23,5.1,70.2,69.8
22/04/2024 04:44,23,17.9,61.9,950.2,535,950.3,0,23.1,15.3,1015,0,0,0,113,114,23,5.1,70.2,69.7
22/04/2024 04:45,23,17.9,61.9,950.2,536,950.3,0,23.1,15.3,1015,0,0,0,113,114,23,5.1,70.2,69.7
22/04/2024 04:45,23,17.9,61.9,950.4,535,950.4,0,23.1,15.3,1014,0,0,0,113,113,23,5.1,70.2,69.7
22/04/2024 04:46,23,17.9,61.9,950.4,535,950.4,0,23.1,15.3,1014,0,0,0,112,113,23,5.1,70.2,69.7
22/04/2024 04:46,23,17.9,61.9,950.2,535,950.3,0,23.1,15.3,1015,0,0,0,113,114,23,5.1,70.2,69.7
22/04/2024 04:47,23,17.9,61.9,950.4,535,950.4,0,23.1,15.3,1014,0,0,0,113,113,23,5.1,70.2,69.7
22/04/2024 04:47,23,17.9,61.8,950.4,535,950.4,0,23.1,15.3,1014,0,0,0,113,114,23,5.1,70.2,69.7
22/04/2024 04:48,23,17.9,61.8,950.4,535,950.4,0,23.1,15.3,1014,0,0,0,113,113,23,5.1,70.2,69.7
22/04/2024 04:48,23,17.9,61.8,950.4,535,950.4,0,23.1,15.3,1014,0,0,0,113,113,23,5.1,70.2,69.7
22/04/2024 04:49,23,17.9,61.8,950.4,535,950.4,0,23.1,15.3,1014,0,0,0,113,113,23,5.1,70.2,69.7
22/04/2024 04:49,23,17.9,61.8,950.5,535,950.5,0,23.1,15.3,1013,0,0,0,112,113,23,5.1,70.2,69.7
22/04/2024 04:50,23,17.9,61.8,950.4,535,950.4,0,23.1,15.3,1014,0,0,0,113,114,23,5.1,70.2,69.7
22/04/2024 04:50,23,17.9,61.8,950.4,535,950.4,0,23.1,15.3,1014,0,0,0,112,113,23,5.1,70.2,69.7
22/04/2024 04:51,23,17.9,61.8,950.4,535,950.4,0,23.1,15.3,1014,0,0,0,113,113,23,5.1,70.2,69.7
22/04/2024 04:51,23,17.9,61.8,950.4,535,950.4,0,23.1,15.3,1014,0,0,0,113,113,23,5.1,70.2,69.7
22/04/2024 04:52,23,17.9,61.8,950.2,535,950.3,0,23.1,15.3,1015,0,0,0,113,113,23,5.1,70.2,69.7
22/04/2024 04:52,23,17.9,61.8,950.2,535,950.4,0,23.1,15.3,1014,0,0,0,112,113,23,5.1,70.2,69.7
22/04/2024 04:53,23,17.9,61.8,950.2,536,950.3,0,23.1,15.3,1015,0,0,0,113,113,23,5.1,70.2,69.7
22/04/2024 04:53,23,17.9,61.9,950.2,537,950.2,0,23.1,15.3,1015,0,0,0,113,113,23,5.1,70.2,69.7
22/04/2024 04:54,23,17.9,61.9,950,537,950.1,0,23.1,15.3,1017,0,0,0,112,113,23,5.1,70.2,69.7
22/04/2024 04:54,23,17.9,61.9,950,538,950.1,0,23.1,15.3,1017,0,0,0,113,113,23,5.1,70.2,69.7
22/04/2024 04:55,23,17.9,61.9,950,538,950.1,0,23.1,15.3,1017,0,0,0,113,114,23,5.1,70.2,69.7
22/04/2024 04:55,23,17.9,61.8,950,538,950.1,0,23.1,15.3,1017,0,0,0,113,113,23,5.1,70.2,69.7
22/04/2024 04:56,23,17.9,61.9,950,538,950.1,0,23.1,15.3,1017,0,0,0,114,114,23,5.1,70.2,69.7
22/04/2024 04:56,23,17.9,61.8,950,538,950.1,0,23.1,15.3,1017,0,0,0,113,114,23,5.1,70.2,69.7
22/04/2024 04:57,23,17.9,61.8,950,538,950.1,0,23.1,15.3,1017,0,0,0,113,114,23,5.1,70.2,69.7
22/04/2024 04:57,23,17.9,61.8,950.2,537,950.2,0,23.1,15.3,1015,0,0,0,113,113,23,5.1,70.2,69.7
22/04/2024 04:58,23,17.9,61.8,950,537,950.1,0,23.1,15.3,1017,0,0,0,113,113,23,5.1,70.2,69.7
22/04/2024 04:58,23,17.9,61.8,950.2,537,950.2,0,23.1,15.3,1015,0,0,0,113,113,23,5.1,70.2,69.7
22/04/2024 04:59,23,17.9,61.8,950,537,950.1,0,23.1,15.3,1017,0,0,0,113,114,23,5.1,70.2,69.7
22/04/2024 04:59,23,17.9,61.8,950,537,950.1,0,23.1,15.3,1017,0,0,0,112,113,23,5.1,70.2,69.7
22/04/2024 05:00,23,17.9,61.8,950.2,536,950.3,0,23.1,15.3,1014,0,0,0,113,114,23,5.1,70.2,69.7
22/04/2024 05:00,23,17.9,61.8,950,538,950.1,0,23.1,15.3,1017,0,0,0,114,114,23,5.1,70.2,69.7
22/04/2024 05:01,23,17.9,61.8,950.2,536,950.2,0,23.1,15.3,1015,0,0,0,113,114,23,5.1,70.2,69.7
22/04/2024 05:01,23,17.9,61.8,950.2,536,950.2,0,23.1,15.3,1015,0,0,0,113,113,23,5.1,70.2,69.7
22/04/2024 05:02,23,17.9,61.8,950,537,950.1,0,23.1,15.3,1017,0,0,0,113,114,23,5.1,70.2,69.7
22/04/2024 05:02,23,17.9,61.9,950.2,536,950.3,0,23,15.3,1014,0,0,0,113,114,22.9,5.1,70.1,69.7
22/04/2024 05:03,23,17.9,61.8,950.2,536,950.2,0,23.1,15.3,1015,0,0,0,113,114,23,5.1,70.2,69.7
22/04/2024 05:03,23,17.9,61.9,950.2,536,950.2,0,23,15.3,1014,0,0,0,112,113,22.9,5.1,70.1,69.7
22/04/2024 05:04,23,17.9,61.9,950.2,536,950.3,0,23,15.3,1014,0,0,0,113,114,22.9,5.1,70.1,69.7
22/04/2024 05:04,23,17.9,61.8,950.4,535,950.4,0,23,15.3,1013,0,0,0,113,114,22.9,5.1,70.1,69.7
22/04/2024 05:05,23,17.9,61.8,950.2,535,950.4,0,23,15.3,1013,0,0,0,112,113,22.9,5.1,70.1,69.7
22/04/2024 05:05,23,17.9,61.8,950.4,535,950.4,0,23,15.3,1013,0,0,0,113,113,22.9,5.1,70.1,69.7
22/04/2024 05:06,23,17.9,61.8,950.2,536,950.3,0,23,15.3,1014,0,0,0,113,113,22.9,5.1,70.1,69.7
22/04/2024 05:06,23,17.9,61.8,950.2,536,950.2,0,23,15.3,1014,0,0,0,112,113,22.9,5.1,70.1,69.7
22/04/2024 05:07,23,17.9,61.8,950.2,536,950.2,0,23,15.3,1014,0,0,0,113,113,22.9,5.1,70.1,69.7
22/04/2024 05:07,23,17.9,61.8,950.2,536,950.3,0,23,15.3,1014,0,0,0,113,113,22.9,5.1,70.1,69.7
22/04/2024 05:08,23,17.9,61.8,950.2,536,950.3,0,23,15.3,1014,0,0,0,113,114,22.9,5.1,70.1,69.7
22/04/2024 05:08,23,17.9,61.9,950.2,537,950.2,0,23,15.3,1014,0,0,0,113,113,22.9,5.1,70.1,69.7
22/04/2024 05:09,23,17.9,61.8,950.2,536,950.3,0,23,15.3,1014,0,0,0,113,113,22.9,5.1,70.1,69.7
22/04/2024 05:09,23,17.9,61.8,950.2,537,950.2,0,23,15.3,1014,0,0,0,113,113,22.9,5.1,70.1,69.7
22/04/2024 05:10,23,17.9,61.8,950.2,536,950.2,0,23,15.3,1014,0,0,0,113,114,22.9,5.1,70.1,69.7
22/04/2024 05:10,23,17.9,61.8,950.2,536,950.3,0,23,15.3,1014,0,0,0,113,114,22.9,5.1,70.1,69.7
22/04/2024 05:11,23,17.9,61.9,950.2,536,950.2,0,23,15.3,1014,0,0,0,113,114,22.9,5.1,70.1,69.7
22/04/2024 05:11,23,17.9,61.9,950.2,536,950.3,0,23,15.3,1012,0,0,0,113,114,22.9,5.1,70.1,69.7
22/04/2024 05:12,23,17.9,61.8,950.2,536,950.2,0,23,15.2,1014,0,0,0,113,113,22.9,5.1,70.1,69.7
22/04/2024 05:12,23,17.9,61.9,950.2,535,950.3,0,23,15.3,1012,0,0,0,113,114,22.9,5.1,70.1,69.7
22/04/2024 05:13,23,17.9,61.9,950.2,536,950.3,0,23,15.3,1012,0,0,0,113,113,22.9,5.1,70.1,69.7
22/04/2024 05:13,23,17.9,61.9,950.4,535,950.4,0,23,15.3,1011,0,0,0,112,112,22.9,5.1,70.1,69.7
22/04/2024 05:14,23,17.9,61.9,950.4,535,950.4,0,23,15.3,1011,0,0,0,113,114,22.9,5.1,70.1,69.7
22/04/2024 05:14,23,17.9,61.9,950.4,535,950.4,0,23,15.3,1011,0,0,0,113,114,22.9,5.1,70.1,69.7
22/04/2024 05:15,23,17.9,61.9,950.4,535,950.4,0,23,15.2,1011,0,0,0,113,113,22.9,5.1,70.1,69.7
22/04/2024 05:15,23,17.9,61.9,950.4,535,950.4,0,23,15.3,1011,0,0,0,113,113,22.9,5.1,70.1,69.7
22/04/2024 05:16,23,17.9,61.9,950.5,535,950.5,0,23,15.2,1010,0,0,0,113,113,22.9,5.1,70.1,69.7
22/04/2024 05:16,23,17.9,61.9,950.4,535,950.4,0,23,15.2,1011,0,0,0,113,114,22.9,5.1,70.1,69.7
22/04/2024 05:17,23,17.8,61.8,950.4,535,950.4,0,23,15.2,1011,0,0,0,113,114,22.9,5.2,70.1,69.7
22/04/2024 05:17,23,17.8,61.8,950.4,535,950.4,0,23,15.2,1011,0,0,0,113,114,22.9,5.2,70.1,69.7
22/04/2024 05:18,23,17.9,61.9,950.5,535,950.5,0,23,15.2,1010,0,0,0,113,113,22.9,5.1,70.1,69.7
22/04/2024 05:18,22.9,17.8,61.9,950.4,535,950.4,0,23,15.2,1010,0,0,0,113,113,22.9,5.1,70.1,69.6
22/04/2024 05:19,22.9,17.8,61.9,950.5,535,950.5,0,23,15.2,1010,0,0,0,113,113,22.9,5.1,70.1,69.6
22/04/2024 05:19,22.9,17.8,61.9,950.5,535,950.5,0,23,15.2,1010,0,0,0,113,114,22.9,5.1,70.1,69.6
22/04/2024 05:20,22.9,17.8,61.9,950.5,535,950.5,0,23,15.2,1010,0,0,0,114,114,22.9,5.1,70.1,69.6
22/04/2024 05:20,22.9,17.8,61.9,950.2,536,950.3,0,23,15.2,1012,0,0,0,112,113,22.9,5.1,70.1,69.6
22/04/2024 05:21,22.9,17.8,61.9,950.2,535,950.3,0,23,15.2,1012,0,0,0,113,113,22.9,5.1,70.1,69.6
22/04/2024 05:21,22.9,17.8,61.9,950.2,536,950.2,0,23,15.2,1013,0,0,0,113,113,22.9,5.1,70.1,69.6
22/04/2024 05:22,22.9,17.8,61.9,950.2,537,950.2,0,23,15.2,1013,0,0,0,113,114,22.9,5.1,70.1,69.6
22/04/2024 05:22,22.9,17.8,61.9,950.2,536,950.2,0,23,15.2,1013,0,0,0,113,114,22.9,5.1,70.1,69.6
22/04/2024 05:23,22.9,17.8,61.9,950.2,536,950.2,0,23,15.2,1013,0,0,0,113,113,22.9,5.1,70.1,69.6
22/04/2024 05:23,22.9,17.8,61.9,950,537,950.1,0,23,15.2,1014,0,0,0,113,113,22.9,5.1,70.1,69.6
22/04/2024 05:24,22.9,17.8,61.9,950.2,536,950.2,0,23,15.2,1013,0,0,0,113,113,22.9,5.1,70.1,69.6
22/04/2024 05:24,22.9,17.8,61.9,950.2,536,950.2,0,23,15.2,1013,0,0,0,113,114,22.9,5.1,70.1,69.6
22/04/2024 05:25,22.9,17.8,61.9,950.2,536,950.3,0,23,15.2,1012,0,0,0,113,113,22.9,5.1,70.1,69.6
22/04/2024 05:25,22.9,17.8,61.9,950.2,536,950.3,0,23,15.2,1012,0,0,0,113,113,22.9,5.1,70.1,69.6
22/04/2024 05:26,22.9,17.8,61.9,950.2,536,950.2,0,23,15.2,1012,0,0,0,113,113,22.9,5.1,70,69.6
22/04/2024 05:26,22.9,17.8,61.9,950.2,536,950.2,0,23,15.2,1012,0,0,0,113,113,22.9,5.1,70,69.6
22/04/2024 05:27,22.9,17.8,61.9,950.2,536,950.3,0,23,15.2,1011,0,0,0,113,113,22.9,5.1,70,69.6
22/04/2024 05:27,22.9,17.8,61.9,950.2,536,950.3,0,23,15.2,1011,0,0,0,113,114,22.9,5.1,70,69.6
22/04/2024 05:28,22.9,17.8,61.9,950.2,535,950.3,0,23,15.2,1011,0,0,0,113,113,22.9,5.1,70,69.6
22/04/2024 05:28,22.9,17.8,61.9,950.2,536,950.3,0,23,15.2,1011,0,0,0,113,114,22.9,5.1,70,69.6
22/04/2024 05:29,22.9,17.8,61.9,950.2,535,950.3,0,23,15.2,1011,0,0,0,113,113,22.9,5.1,70,69.6
22/04/2024 05:29,22.9,17.8,61.9,950.2,535,950.3,0,23,15.2,1011,0,0,0,112,112,22.9,5.1,70,69.6
22/04/2024 05:30,22.9,17.8,61.9,950.4,535,950.4,0,23,15.2,1010,0,0,0,113,113,22.9,5.1,70,69.6
22/04/2024 05:30,22.9,17.8,61.9,950.4,535,950.4,0,23,15.2,1010,0,0,0,113,113,22.9,5.1,70,69.6
22/04/2024 05:31,22.9,17.8,61.9,950.4,535,950.4,0,23,15.2,1010,0,0,0,113,113,22.9,5.1,70,69.6
22/04/2024 05:31,22.9,17.8,61.9,950.4,535,950.4,0,23,15.2,1010,0,0,0,113,113,22.9,5.1,70,69.6
22/04/2024 05:32,22.9,17.8,61.9,950.5,535,950.5,0,23,15.2,1009,0,0,0,113,113,22.9,5.1,70,69.6
22/04/2024 05:32,22.9,17.8,61.8,950.5,535,950.5,0,23,15.2,1009,0,0,0,114,114,22.9,5.1,70,69.6
22/04/2024 05:33,22.9,17.8,61.8,950.4,535,950.4,0,23,15.2,1010,0,0,0,113,114,22.9,5.1,70,69.6
22/04/2024 05:33,22.9,17.8,61.9,950.2,535,950.4,0,22.9,15.2,1009,0,0,0,113,114,22.8,5.1,70,69.6
22/04/2024 05:34,22.9,17.8,62,950.2,535,950.3,0,22.9,15.2,1010,0,0,0,113,114,22.8,5.1,70,69.6
22/04/2024 05:34,22.9,17.8,61.9,950.4,535,950.4,0,22.9,15.2,1009,0,0,0,113,113,22.8,5.1,70,69.6
22/04/2024 05:35,22.9,17.8,61.9,950.4,535,950.4,0,22.9,15.2,1009,0,0,0,113,114,22.8,5.1,70,69.6
22/04/2024 05:35,22.9,17.8,61.9,950.2,535,950.3,0,22.9,15.2,1010,0,0,0,113,114,22.8,5.1,70,69.6
22/04/2024 05:36,22.9,17.8,61.9,950.2,535,950.3,0,22.9,15.2,1010,0,0,0,113,113,22.8,5.1,70,69.6
22/04/2024 05:36,22.9,17.8,61.9,950.2,536,950.3,0,22.9,15.2,1010,0,0,0,112,113,22.8,5.1,70,69.6
22/04/2024 05:37,22.9,17.8,61.9,950.2,536,950.3,0,22.9,15.2,1010,0,0,0,113,113,22.8,5.1,70,69.6
22/04/2024 05:37,22.9,17.8,61.8,950.2,536,950.3,0,22.9,15.2,1010,0,0,0,113,114,22.8,5.1,70,69.6
22/04/2024 05:38,22.9,17.8,61.8,950.2,536,950.2,0,22.9,15.2,1011,0,0,0,113,114,22.8,5.1,70,69.6
22/04/2024 05:38,22.9,17.8,61.8,950.2,536,950.2,0,22.9,15.2,1011,0,0,0,113,113,22.8,5.1,70,69.6
22/04/2024 05:39,22.9,17.8,61.8,950.4,535,950.4,0,22.9,15.2,1009,0,0,0,113,113,22.8,5.1,70,69.6
22/04/2024 05:39,22.9,17.8,61.8,950.2,535,950.3,0,22.9,15.2,1010,0,0,0,113,113,22.8,5.1,70,69.6
22/04/2024 05:40,22.9,17.8,61.9,950.2,535,950.3,0,22.9,15.2,1010,0,0,0,113,113,22.8,5.1,70,69.5
22/04/2024 05:40,22.9,17.8,61.9,950.2,535,950.3,0,22.9,15.2,1010,0,0,0,112,113,22.8,5.1,70,69.5
22/04/2024 05:41,22.9,17.8,61.8,950.4,535,950.4,0,22.9,15.2,1008,0,0,0,112,113,22.8,5.1,70,69.5
22/04/2024 05:41,22.9,17.8,61.9,950.2,535,950.3,0,22.9,15.2,1010,0,0,0,112,113,22.8,5.1,70,69.5
22/04/2024 05:42,22.9,17.8,61.8,950.2,536,950.3,0,22.9,15.2,1010,0,0,0,113,113,22.8,5.1,70,69.5
22/04/2024 05:42,22.9,17.8,61.8,950.4,535,950.4,0,22.9,15.2,1008,0,0,0,114,114,22.8,5.1,70,69.5
22/04/2024 05:43,22.9,17.8,61.8,950.2,535,950.3,0,22.9,15.2,1010,0,0,0,113,114,22.8,5.1,70,69.5
22/04/2024 05:43,22.9,17.8,61.8,950.4,535,950.4,0,22.9,15.2,1008,0,0,0,112,113,22.8,5.1,70,69.5
22/04/2024 05:44,22.9,17.8,61.9,950.4,535,950.4,0,22.9,15.2,1008,0,0,0,113,114,22.8,5.1,70,69.5
22/04/2024 05:44,22.9,17.8,61.9,950.4,535,950.4,0,22.9,15.2,1008,0,0,0,113,114,22.8,5.1,70,69.5
22/04/2024 05:45,22.9,17.8,61.9,950.2,535,950.3,0,22.9,15.2,1010,0,0,0,113,113,22.8,5.1,70,69.5
22/04/2024 05:45,22.9,17.8,61.9,950.2,535,950.4,0,22.9,15.2,1007,0,0,0,113,113,22.8,5,70,69.5
22/04/2024 05:46,22.9,17.8,61.9,950.4,535,950.4,0,22.9,15.2,1007,0,0,0,113,113,22.8,5,70,69.5
22/04/2024 05:46,22.9,17.8,61.9,950.4,535,950.4,0,22.9,15.2,1007,0,0,0,113,113,22.8,5,70,69.5
22/04/2024 05:47,22.9,17.8,61.9,950.4,535,950.4,0,22.9,15.2,1007,0,0,0,113,113,22.8,5,70,69.5
22/04/2024 05:47,22.9,17.8,61.9,950.4,535,950.4,0,22.9,15.2,1007,0,0,0,113,114,22.8,5,70,69.5
22/04/2024 05:48,22.9,17.8,61.9,950.4,535,950.4,0,22.9,15.2,1007,0,0,0,113,113,22.8,5,70,69.5
22/04/2024 05:48,22.9,17.8,61.9,950.2,536,950.3,0,22.9,15.2,1008,0,0,0,113,114,22.8,5,70,69.5
22/04/2024 05:49,22.9,17.8,61.9,950.2,536,950.3,0,22.9,15.2,1008,0,0,0,113,113,22.8,5,70,69.5
22/04/2024 05:49,22.9,17.8,61.9,950.2,536,950.2,0,22.9,15.2,1010,0,0,0,113,113,22.8,5,70,69.5
22/04/2024 05:50,22.9,17.8,61.9,950,537,950.1,0,22.9,15.2,1010,0,0,0,113,113,22.8,5,70,69.5
22/04/2024 05:50,22.9,17.8,61.9,950.2,536,950.2,0,22.9,15.2,1010,0,0,0,113,114,22.8,5,70,69.5
22/04/2024 05:51,22.9,17.8,61.9,950.2,537,950.2,0,22.9,15.2,1010,0,0,0,113,114,22.8,5,70,69.5
22/04/2024 05:51,22.9,17.8,61.9,950.2,536,950.3,0,22.9,15.2,1008,0,0,0,113,113,22.8,5,70,69.5
22/04/2024 05:52,22.9,17.8,61.9,950.2,536,950.2,0,22.9,15.2,1010,0,0,0,112,113,22.8,5,70,69.5
22/04/2024 05:52,22.9,17.8,61.9,950.2,536,950.2,0,22.9,15.1,1010,0,0,0,114,114,22.8,5,70,69.5
22/04/2024 05:53,22.8,17.8,61.9,950.2,537,950.2,0,22.9,15.1,1008,0,0,0,113,113,22.8,5,69.9,69.5
22/04/2024 05:53,22.8,17.8,61.9,950.2,536,950.2,0,22.9,15.1,1008,0,0,0,113,114,22.8,5,69.9,69.5
22/04/2024 05:54,22.8,17.8,61.9,950,537,950.1,0,22.9,15.1,1010,0,0,0,113,113,22.8,5,69.9,69.5
22/04/2024 05:54,22.8,17.7,61.9,950.2,536,950.3,0,22.9,15.1,1007,0,0,0,113,114,22.8,5.1,69.9,69.5
22/04/2024 05:55,22.8,17.7,61.9,950.2,536,950.2,0,22.9,15.1,1008,0,0,0,113,113,22.8,5.1,69.9,69.5
22/04/2024 05:55,22.8,17.7,61.9,950.2,535,950.3,0,22.9,15.1,1007,0,0,0,113,113,22.8,5.1,69.9,69.5
22/04/2024 05:56,22.8,17.8,62,950.2,537,950.2,0,22.9,15.1,1008,0,0,0,113,114,22.8,5,69.9,69.5
22/04/2024 05:56,22.8,17.7,61.9,950.2,536,950.2,0,22.9,15.1,1008,0,0,0,112,113,22.8,5.1,69.9,69.5
22/04/2024 05:57,22.8,17.7,61.9,950.2,535,950.3,0,22.9,15.1,1007,0,0,0,113,114,22.8,5.1,69.9,69.5
22/04/2024 05:57,22.8,17.7,61.9,950.2,536,950.2,0,22.9,15.1,1008,0,0,0,113,113,22.8,5.1,69.9,69.5
22/04/2024 05:58,22.8,17.7,62,950.2,537,950.2,0,22.9,15.1,1007,0,0,0,113,114,22.8,5.1,69.9,69.5
22/04/2024 05:58,22.8,17.7,61.9,950.2,537,950.2,0,22.9,15.1,1008,0,0,0,113,113,22.8,5.1,69.9,69.5
22/04/2024 05:59,22.8,17.7,62,950.2,536,950.2,0,22.9,15.1,1007,0,0,0,113,113,22.8,5.1,69.9,69.5
22/04/2024 05:59,22.8,17.7,62,950.2,536,950.2,0,22.9,15.1,1007,0,0,0,113,113,22.8,5.1,69.9,69.5
22/04/2024 06:00,22.8,17.7,61.9,950.2,536,950.3,0,22.9,15.1,1007,0,0,0,113,114,22.8,5.1,69.9,69.5
22/04/2024 06:00,22.8,17.7,62,950.2,537,950.2,0,22.9,15.1,1007,0,0,0,113,114,22.8,5.1,69.9,69.5
22/04/2024 06:01,22.8,17.7,61.9,950.2,536,950.3,0,22.9,15.1,1007,0,0,0,113,113,22.8,5.1,69.9,69.4
22/04/2024 06:01,22.8,17.7,61.9,950.2,535,950.3,0,22.9,15.1,1007,0,0,0,112,113,22.8,5.1,69.9,69.4
22/04/2024 06:02,22.8,17.7,61.9,950.2,535,950.3,0,22.9,15.1,1007,0,0,0,113,114,22.8,5.1,69.9,69.4
22/04/2024 06:02,22.8,17.7,61.9,950.2,536,950.3,0,22.9,15.1,1007,0,0,0,113,114,22.8,5.1,69.9,69.4
22/04/2024 06:03,22.8,17.7,61.9,950.4,535,950.4,0,22.9,15.1,1006,0,0,0,113,113,22.8,5.1,69.9,69.4
22/04/2024 06:03,22.8,17.7,61.9,950.4,535,950.4,0,22.9,15.1,1006,0,0,0,113,113,22.8,5.1,69.9,69.4
22/04/2024 06:04,22.8,17.7,61.9,950.4,535,950.4,0,22.9,15.1,1006,0,0,0,113,114,22.8,5.1,69.9,69.4
22/04/2024 06:04,22.8,17.7,61.9,950.4,535,950.4,0,22.9,15.1,1006,0,0,0,113,113,22.8,5.1,69.9,69.4
22/04/2024 06:05,22.8,17.7,62,950.4,535,950.4,0,22.8,15.1,1005,0,0,0,113,113,22.7,5.1,69.9,69.4
22/04/2024 06:05,22.8,17.7,62,950.4,535,950.4,0,22.8,15.1,1005,0,0,0,113,114,22.7,5.1,69.9,69.4
22/04/2024 06:06,22.8,17.7,62,950.2,535,950.4,0,22.8,15.1,1005,0,0,0,113,113,22.7,5.1,69.9,69.4
22/04/2024 06:06,22.8,17.7,61.9,950.2,536,950.3,0,22.8,15.1,1006,0,0,0,113,113,22.7,5.1,69.9,69.4
22/04/2024 06:07,22.8,17.7,61.9,950.2,536,950.2,0,22.8,15.1,1007,0,0,0,113,113,22.7,5.1,69.9,69.4
22/04/2024 06:07,22.8,17.7,61.9,950.2,536,950.3,0,22.8,15.1,1006,0,0,0,113,113,22.7,5.1,69.9,69.4
22/04/2024 06:08,22.8,17.7,61.9,950.2,536,950.3,0,22.8,15.1,1006,0,0,0,113,113,22.7,5.1,69.9,69.4
22/04/2024 06:08,22.8,17.7,61.9,950.2,536,950.2,0,22.8,15.1,1007,0,0,0,113,113,22.7,5.1,69.9,69.4
22/04/2024 06:09,22.8,17.7,61.9,950.2,537,950.2,0,22.8,15.1,1007,0,0,0,113,113,22.7,5.1,69.9,69.4
22/04/2024 06:09,22.8,17.7,61.9,950.2,536,950.2,0,22.8,15.1,1007,0,0,0,113,114,22.7,5.1,69.9,69.4
22/04/2024 06:10,22.8,17.7,62,950.2,536,950.2,0,22.8,15.1,1006,0,0,0,112,113,22.7,5.1,69.8,69.4
22/04/2024 06:10,22.8,17.7,61.9,950.2,536,950.3,0,22.8,15.1,1006,0,0,0,113,114,22.7,5.1,69.9,69.4
22/04/2024 06:11,22.8,17.7,62,950.2,536,950.3,0,22.8,15.1,1005,0,0,0,113,114,22.7,5.1,69.8,69.4
22/04/2024 06:11,22.8,17.7,61.9,950.2,536,950.3,0,22.8,15.1,1005,0,0,0,113,113,22.7,5.1,69.8,69.4
22/04/2024 06:12,22.8,17.7,61.8,950.2,535,950.3,0,22.8,15.1,1006,0,0,0,113,113,22.7,5.1,69.9,69.4
22/04/2024 06:12,22.8,17.7,61.9,950.5,534,950.6,0,22.8,15.1,1002,0,0,0,113,113,22.7,5.1,69.8,69.4
22/04/2024 06:13,22.8,17.7,61.9,950.5,534,950.5,0,22.8,15.1,1003,0,0,0,113,113,22.7,5.1,69.8,69.4
22/04/2024 06:13,22.8,17.7,61.9,950.5,533,950.6,0,22.8,15.1,1002,0,0,0,113,113,22.7,5.1,69.8,69.4
22/04/2024 06:14,22.8,17.7,61.9,950.5,533,950.6,0,22.8,15.1,1002,0,0,0,113,113,22.7,5.1,69.8,69.4
22/04/2024 06:14,22.8,17.7,61.9,950.5,533,950.6,0,22.8,15.1,1002,0,0,0,112,113,22.7,5.1,69.8,69.4
22/04/2024 06:15,22.8,17.7,61.9,950.5,533,950.6,0,22.8,15.1,1002,0,0,0,113,113,22.7,5.1,69.8,69.4
22/04/2024 06:15,22.8,17.7,61.9,950.5,534,950.6,0,22.8,15.1,1002,0,0,0,113,114,22.7,5.1,69.8,69.4
22/04/2024 06:16,22.8,17.7,61.9,950.5,534,950.5,0,22.8,15.1,1003,0,0,0,113,113,22.7,5.1,69.8,69.4
22/04/2024 06:16,22.8,17.7,61.9,950.5,534,950.5,0,22.8,15.1,1003,0,0,0,113,114,22.7,5.1,69.8,69.4
22/04/2024 06:17,22.7,17.7,62,950.4,535,950.4,0,22.8,15.1,1003,0,0,0,113,113,22.7,5,69.8,69.4
22/04/2024 06:17,22.8,17.7,61.9,950.5,534,950.5,0,22.8,15.1,1003,0,0,0,113,114,22.7,5.1,69.8,69.4
22/04/2024 06:18,22.7,17.7,62,950.2,535,950.3,0,22.8,15.1,1004,0,0,0,113,113,22.7,5,69.8,69.4
22/04/2024 06:18,22.7,17.7,62,950.4,535,950.4,0,22.8,15.1,1003,0,0,0,113,113,22.7,5,69.8,69.4
22/04/2024 06:19,22.7,17.7,62,950.5,535,950.5,0,22.8,15.1,1002,0,0,0,113,113,22.7,5,69.8,69.4
22/04/2024 06:19,22.7,17.7,62,950.4,535,950.4,0,22.8,15.1,1003,0,0,0,112,113,22.7,5,69.8,69.4
22/04/2024 06:20,22.7,17.7,62,950.4,535,950.4,0,22.8,15.1,1003,0,0,0,113,113,22.7,5,69.8,69.4
22/04/2024 06:20,22.7,17.7,61.9,950.5,535,950.5,0,22.8,15.1,1002,0,0,0,113,113,22.7,5,69.8,69.4
22/04/2024 06:21,22.7,17.7,61.9,950.4,535,950.4,0,22.8,15.1,1003,0,0,0,112,113,22.7,5,69.8,69.4
22/04/2024 06:21,22.7,17.7,61.9,950.4,535,950.4,0,22.8,15.1,1003,0,0,0,112,113,22.7,5,69.8,69.4
22/04/2024 06:22,22.7,17.7,61.9,950.4,535,950.4,0,22.8,15.1,1003,0,0,0,113,113,22.7,5,69.8,69.4
22/04/2024 06:22,22.7,17.7,62,950.2,536,950.2,0,22.8,15.1,1004,0,0,0,113,113,22.7,5,69.8,69.3
22/04/2024 06:23,22.7,17.7,62,950.2,535,950.3,0,22.8,15.1,1004,0,0,0,112,113,22.7,5,69.8,69.3
22/04/2024 06:23,22.7,17.7,62,950.2,535,950.3,0,22.8,15.1,1004,0,0,0,113,113,22.7,5,69.8,69.3
22/04/2024 06:24,22.7,17.7,62,950.2,536,950.2,0,22.8,15.1,1004,0,0,0,113,114,22.7,5,69.8,69.3
22/04/2024 06:24,22.7,17.7,62,950.2,535,950.3,0,22.8,15.1,1004,0,0,0,113,113,22.7,5,69.8,69.3
22/04/2024 06:25,22.7,17.7,62,950.4,535,950.4,0,22.8,15.1,1002,0,0,0,113,114,22.7,5,69.8,69.3
22/04/2024 06:25,22.7,17.7,61.9,950.4,535,950.4,0,22.8,15.1,1002,0,0,0,113,113,22.7,5,69.8,69.3
22/04/2024 06:26,22.7,17.7,61.9,950.5,535,950.5,0,22.8,15.1,1001,0,0,0,113,113,22.7,5,69.8,69.3
22/04/2024 06:26,22.7,17.7,61.9,950.4,535,950.4,0,22.8,15.1,1002,0,0,0,113,113,22.7,5,69.8,69.3
22/04/2024 06:27,22.7,17.7,61.9,950.5,534,950.6,0,22.8,15.1,1000,0,0,0,113,114,22.7,5,69.8,69.3
22/04/2024 06:27,22.7,17.7,61.9,950.5,535,950.5,0,22.8,15.1,1001,0,0,0,113,114,22.7,5,69.8,69.3
22/04/2024 06:28,22.7,17.6,61.9,950.5,534,950.5,0,22.8,15,1001,0,0,0,113,113,22.7,5.1,69.8,69.3
22/04/2024 06:28,22.7,17.6,62,950.5,535,950.5,0,22.8,15,1000,0,0,0,112,113,22.7,5.1,69.8,69.3
22/04/2024 06:29,22.7,17.6,61.9,950.5,535,950.5,0,22.8,15,1001,0,0,0,113,113,22.7,5.1,69.8,69.3
22/04/2024 06:29,22.7,17.6,62,950.5,535,950.5,0,22.8,15,1000,0,0,0,113,114,22.7,5.1,69.8,69.3
22/04/2024 06:30,22.7,17.6,62,950.4,535,950.4,0,22.8,15,1002,0,0,0,113,114,22.7,5.1,69.8,69.3
22/04/2024 06:30,22.7,17.6,62,950.5,535,950.5,0,22.8,15,1000,0,0,0,113,114,22.7,5.1,69.8,69.3
22/04/2024 06:31,22.7,17.6,61.9,950.5,535,950.5,0,22.8,15,1000,0,0,0,113,113,22.7,5.1,69.7,69.3
22/04/2024 06:31,22.7,17.6,61.9,950.2,535,950.3,0,22.8,15,1003,0,0,0,113,113,22.7,5.1,69.7,69.3
22/04/2024 06:32,22.7,17.6,61.9,950.4,535,950.4,0,22.8,15,1002,0,0,0,113,114,22.7,5.1,69.7,69.3
22/04/2024 06:32,22.7,17.6,61.9,950.2,536,950.3,0,22.8,15,1003,0,0,0,112,113,22.7,5.1,69.7,69.3
22/04/2024 06:33,22.7,17.6,61.9,950.2,535,950.3,0,22.8,15,1003,0,0,0,113,113,22.7,5.1,69.7,69.3
22/04/2024 06:33,22.7,17.6,61.9,950.2,536,950.3,0,22.8,15,1003,0,0,0,113,114,22.7,5.1,69.7,69.3
22/04/2024 06:34,22.7,17.6,61.9,950.2,535,950.4,0,22.8,15,1002,0,0,0,113,114,22.7,5.1,69.7,69.3
22/04/2024 06:34,22.7,17.6,62,950.2,536,950.3,0,22.7,15,1001,0,0,0,113,113,22.6,5.1,69.7,69.3
22/04/2024 06:35,22.7,17.6,62,950.2,536,950.2,0,22.7,15,1003,0,0,0,112,113,22.6,5.1,69.7,69.3
22/04/2024 06:35,22.7,17.6,62,950.2,536,950.2,0,22.7,15,1003,0,0,0,113,113,22.6,5.1,69.7,69.3
22/04/2024 06:36,22.7,17.6,62,950.2,536,950.3,0,22.7,15,1001,0,0,0,113,113,22.6,5.1,69.7,69.3
22/04/2024 06:36,22.7,17.6,62,950.4,535,950.4,0,22.7,15,1000,0,0,0,113,113,22.6,5.1,69.7,69.3
22/04/2024 06:37,22.7,17.6,62,950.2,536,950.2,0,22.7,15,1003,0,0,0,113,113,22.6,5.1,69.7,69.3
22/04/2024 06:37,22.7,17.6,62,950.2,535,950.3,0,22.7,15,1001,0,0,0,113,113,22.6,5.1,69.7,69.3
22/04/2024 06:38,22.7,17.6,62,950.2,535,950.3,0,22.7,15,1001,0,0,0,113,113,22.6,5.1,69.7,69.3
22/04/2024 06:38,22.7,17.6,62,950.2,535,950.3,0,22.7,15,1001,0,0,0,112,113,22.6,5.1,69.7,69.3
22/04/2024 06:39,22.7,17.6,62,950.4,535,950.4,0,22.7,15,1000,0,0,0,113,114,22.6,5.1,69.7,69.3
22/04/2024 06:39,22.7,17.6,61.9,950.2,535,950.4,0,22.7,15,1000,0,0,0,113,113,22.6,5.1,69.7,69.3
22/04/2024 06:40,22.6,17.6,62,950.4,535,950.4,0,22.7,15,1000,0,0,0,113,113,22.6,5,69.7,69.2
22/04/2024 06:40,22.6,17.6,62,950.2,535,950.3,0,22.7,15,1000,0,0,0,113,113,22.6,5,69.7,69.2
22/04/2024 06:41,22.6,17.6,62,950.2,535,950.4,0,22.7,15,1000,0,0,0,113,114,22.6,5,69.7,69.2
22/04/2024 06:41,22.6,17.6,62,950.4,535,950.4,0,22.7,15,1000,0,0,0,113,113,22.6,5,69.7,69.2
22/04/2024 06:42,22.6,17.6,62,950.5,535,950.5,0,22.7,15,998,0,0,0,113,113,22.6,5,69.7,69.2
22/04/2024 06:42,22.6,17.6,62,950.5,535,950.5,0,22.7,15,998,0,0,0,113,114,22.6,5,69.7,69.2
22/04/2024 06:43,22.6,17.6,62,950.5,534,950.6,0,22.7,15,997,0,0,0,113,113,22.6,5,69.7,69.2
22/04/2024 06:43,22.6,17.6,61.9,950.5,533,950.6,0,22.7,15,997,0,0,0,112,113,22.6,5,69.7,69.2
22/04/2024 06:44,22.6,17.6,61.9,950.5,534,950.5,0,22.7,15,998,0,0,0,113,113,22.6,5,69.7,69.2
22/04/2024 06:44,22.6,17.6,61.9,950.7,533,950.6,0,22.7,15,997,0,0,0,113,114,22.6,5,69.7,69.2
22/04/2024 06:45,22.6,17.6,61.9,950.7,533,950.6,0,22.7,15,997,0,0,0,113,113,22.6,5,69.7,69.2
22/04/2024 06:45,22.6,17.6,62,950.7,532,950.7,0,22.7,15,996,0,0,0,113,114,22.6,5,69.7,69.2
22/04/2024 06:46,22.6,17.6,62,950.7,532,950.8,0,22.7,15,995,0,0,0,112,112,22.6,5,69.7,69.2
22/04/2024 06:46,22.6,17.6,62,950.7,533,950.7,0,22.7,15,996,0,0,0,113,114,22.6,5,69.7,69.2
22/04/2024 06:47,22.6,17.6,62,950.7,532,950.8,0,22.7,15,995,0,0,0,112,113,22.6,5,69.7,69.2
22/04/2024 06:47,22.6,17.6,62,950.7,533,950.7,0,22.7,15,996,0,0,0,113,114,22.6,5,69.7,69.2
22/04/2024 06:48,22.6,17.6,62,950.7,532,950.7,0,22.7,15,996,0,0,0,113,114,22.6,5,69.7,69.2
22/04/2024 06:48,22.6,17.6,61.9,950.7,533,950.7,0,22.7,15,996,0,0,0,113,113,22.6,5,69.7,69.2
22/04/2024 06:49,22.6,17.6,61.9,950.5,533,950.6,0,22.7,15,997,0,0,0,113,114,22.6,5,69.7,69.2
22/04/2024 06:49,22.6,17.6,61.9,950.5,533,950.6,0,22.7,15,997,0,0,0,113,113,22.6,5,69.7,69.2
22/04/2024 06:50,22.6,17.6,62,950.7,532,950.7,0,22.7,15,995,0,0,0,113,114,22.6,5,69.6,69.2
22/04/2024 06:50,22.6,17.6,61.9,950.7,532,950.7,0,22.7,14.9,996,0,0,0,113,113,22.6,5,69.6,69.2
22/04/2024 06:51,22.6,17.6,61.9,950.7,532,950.8,0,22.7,14.9,995,0,0,0,113,113,22.6,5,69.6,69.2
22/04/2024 06:51,22.6,17.6,62,950.7,531,950.8,0,22.7,14.9,994,0,0,0,113,113,22.6,5,69.6,69.2
22/04/2024 06:52,22.6,17.6,62,950.7,532,950.8,0,22.7,14.9,994,0,0,0,113,113,22.6,5,69.6,69.2
22/04/2024 06:52,22.6,17.6,61.9,950.9,530,950.9,0,22.7,14.9,993,0,0,0,113,113,22.6,5,69.6,69.2
22/04/2024 06:53,22.6,17.6,61.9,950.9,531,950.9,0,22.7,14.9,993,0,0,0,112,113,22.6,5,69.6,69.2
22/04/2024 06:53,22.6,17.6,61.9,950.9,531,950.9,0,22.7,14.9,993,0,0,0,113,113,22.6,5,69.6,69.2
22/04/2024 06:54,22.6,17.5,61.9,950.7,531,950.8,0,22.7,14.9,994,0,0,0,113,113,22.6,5.1,69.6,69.2
22/04/2024 06:54,22.6,17.5,61.9,950.9,530,950.9,0,22.7,14.9,993,0,0,0,113,114,22.6,5.1,69.6,69.2
22/04/2024 06:55,22.6,17.5,61.9,950.9,531,950.9,0,22.7,14.9,993,0,0,0,113,113,22.6,5.1,69.6,69.2
22/04/2024 06:55,22.6,17.5,62,950.9,531,950.9,0,22.6,14.9,992,0,0,0,113,113,22.5,5.1,69.6,69.2
22/04/2024 06:56,22.6,17.5,61.9,950.7,532,950.8,0,22.6,14.9,993,0,0,0,113,113,22.5,5.1,69.6,69.2
22/04/2024 06:56,22.6,17.5,61.8,950.7,531,950.8,0,22.7,14.9,994,0,0,0,113,113,22.6,5.1,69.6,69.2
22/04/2024 06:57,22.6,17.5,61.9,950.7,532,950.8,0,22.6,14.9,993,0,0,0,113,114,22.5,5.1,69.6,69.2
22/04/2024 06:57,22.6,17.5,61.9,950.7,532,950.8,0,22.6,14.9,993,0,0,0,113,114,22.5,5.1,69.6,69.2
22/04/2024 06:58,22.6,17.5,61.9,950.9,531,950.9,0,22.6,14.9,992,0,0,0,113,114,22.5,5.1,69.6,69.2
22/04/2024 06:58,22.6,17.5,61.9,950.7,531,950.8,0,22.6,14.9,993,0,0,0,112,113,22.5,5.1,69.6,69.2
22/04/2024 06:59,22.6,17.5,61.9,950.7,531,950.8,0,22.6,14.9,993,0,0,0,113,114,22.5,5.1,69.6,69.2
22/04/2024 06:59,22.6,17.5,61.9,950.7,532,950.8,0,22.6,14.9,993,0,0,0,112,113,22.5,5.1,69.6,69.2
22/04/2024 07:00,22.6,17.5,61.9,950.7,531,950.8,0,22.6,14.9,993,0,0,0,114,114,22.5,5.1,69.6,69.2
22/04/2024 07:00,22.6,17.5,62,950.7,532,950.8,0,22.6,14.9,992,0,0,0,113,114,22.5,5.1,69.5,69.1
22/04/2024 07:01,22.6,17.5,61.9,950.7,532,950.7,0,22.6,14.9,994,0,0,0,113,113,22.5,5.1,69.5,69.1
22/04/2024 07:01,22.6,17.5,61.9,950.7,532,950.8,0,22.6,14.9,992,0,0,0,113,113,22.5,5.1,69.5,69.1
22/04/2024 07:02,22.6,17.5,61.9,950.7,531,950.8,0,22.6,14.9,992,0,0,0,113,113,22.5,5.1,69.5,69.1
22/04/2024 07:02,22.6,17.5,62,950.7,532,950.7,0,22.6,14.9,994,0,0,0,112,113,22.5,5.1,69.5,69.1
22/04/2024 07:03,22.6,17.5,62,950.7,532,950.8,0,22.6,14.9,992,0,0,0,113,113,22.5,5.1,69.5,69.1
22/04/2024 07:03,22.6,17.5,62,950.7,532,950.8,0,22.6,14.9,992,0,0,0,113,113,22.5,5.1,69.5,69.1
22/04/2024 07:04,22.6,17.5,62,950.7,532,950.7,0,22.6,14.9,994,0,0,0,113,113,22.5,5.1,69.5,69.1
22/04/2024 07:04,22.6,17.5,61.9,950.7,532,950.7,0,22.6,14.9,994,0,0,0,113,113,22.5,5.1,69.5,69.1
22/04/2024 07:05,22.6,17.5,62,950.7,532,950.8,0,22.6,14.9,992,0,0,0,113,113,22.5,5.1,69.5,69.1
22/04/2024 07:05,22.6,17.5,62,950.7,533,950.7,0,22.6,14.9,994,0,0,0,113,113,22.5,5.1,69.5,69.1
22/04/2024 07:06,22.5,17.5,62,950.7,533,950.7,0,22.6,14.9,992,0,0,0,113,113,22.5,5,69.5,69.1
22/04/2024 07:06,22.5,17.5,62,950.7,533,950.7,0,22.6,14.9,992,0,0,0,113,113,22.5,5,69.5,69.1
22/04/2024 07:07,22.5,17.5,62,950.7,532,950.7,0,22.6,14.9,992,0,0,0,113,114,22.5,5,69.5,69.1
22/04/2024 07:07,22.5,17.5,62,950.7,532,950.7,0,22.6,14.9,992,0,0,0,113,113,22.5,5,69.5,69.1
22/04/2024 07:08,22.5,17.5,62,950.7,532,950.8,0,22.6,14.9,991,0,0,0,113,113,22.5,5,69.5,69.1
22/04/2024 07:08,22.5,17.5,62,950.7,532,950.7,0,22.6,14.9,992,0,0,0,113,113,22.5,5,69.5,69.1
22/04/2024 07:09,22.5,17.5,62,950.7,532,950.7,0,22.6,14.9,992,0,0,0,113,113,22.5,5,69.5,69.1
22/04/2024 07:09,22.5,17.5,62,950.7,532,950.7,0,22.6,14.9,992,0,0,0,113,113,22.5,5,69.5,69.1
22/04/2024 07:10,22.5,17.5,62,950.7,531,950.8,0,22.6,14.9,991,0,0,0,113,113,22.5,5,69.5,69.1
22/04/2024 07:10,22.5,17.5,62,950.7,532,950.7,0,22.6,14.9,992,0,0,0,113,114,22.5,5,69.5,69.1
22/04/2024 07:11,22.5,17.5,62.2,950.7,532,950.8,0,22.6,14.9,990,0,0,0,113,113,22.5,5,69.5,69.1
22/04/2024 07:11,22.5,17.5,62,950.7,532,950.7,0,22.6,14.9,992,0,0,0,113,113,22.5,5,69.5,69.1
22/04/2024 07:12,22.5,17.5,62.2,950.7,531,950.8,0,22.6,14.9,990,0,0,0,113,114,22.5,5,69.5,69.1
22/04/2024 07:12,22.5,17.5,62.2,950.7,532,950.8,0,22.6,14.9,990,0,0,0,113,114,22.5,5,69.5,69.1
22/04/2024 07:13,22.5,17.5,62.2,950.7,532,950.8,0,22.6,14.9,990,0,0,0,112,113,22.5,5,69.5,69.1
22/04/2024 07:13,22.5,17.5,62.2,950.7,533,950.7,0,22.6,14.9,991,0,0,0,113,114,22.5,5,69.5,69.1
22/04/2024 07:14,22.5,17.5,62.2,950.9,531,950.9,0,22.6,14.9,989,0,0,0,113,113,22.5,5,69.5,69.1
22/04/2024 07:14,22.5,17.5,62.1,950.9,531,950.9,0,22.6,14.9,989,0,0,0,112,113,22.5,5,69.5,69.1
22/04/2024 07:15,22.5,17.5,62.2,950.7,531,950.8,0,22.6,14.9,990,0,0,0,113,113,22.5,5,69.5,69.1
22/04/2024 07:15,22.5,17.5,62.1,950.9,531,950.9,0,22.6,14.9,989,0,0,0,113,114,22.5,5,69.5,69.1
22/04/2024 07:16,22.5,17.5,62.2,950.7,532,950.8,0,22.6,14.9,990,0,0,0,112,113,22.5,5,69.5,69.1
22/04/2024 07:16,22.5,17.5,62.2,950.7,531,950.8,0,22.6,14.9,990,0,0,0,113,113,22.5,5,69.5,69.1
22/04/2024 07:17,22.5,17.5,62.2,950.9,531,950.9,0,22.6,14.9,989,0,0,0,113,113,22.5,5,69.5,69.1
22/04/2024 07:17,22.5,17.5,62.2,950.7,531,950.9,0,22.6,14.9,989,0,0,0,112,113,22.5,5,69.5,69.1
22/04/2024 07:18,22.5,17.5,62.1,950.7,532,950.8,0,22.6,14.9,990,0,0,0,113,113,22.5,5,69.5,69.1
22/04/2024 07:18,22.5,17.5,62.1,950.9,531,950.9,0,22.6,14.9,989,0,0,0,113,114,22.5,5,69.5,69.1
22/04/2024 07:19,22.5,17.5,62.1,950.7,531,950.8,0,22.6,14.9,990,0,0,0,113,113,22.5,5,69.5,69.1
22/04/2024 07:19,22.5,17.5,62.1,950.9,531,950.9,0,22.6,14.9,989,0,0,0,113,113,22.5,5,69.5,69.1
22/04/2024 07:20,22.5,17.5,62.1,950.9,530,950.9,0,22.6,14.9,989,0,0,0,112,113,22.5,5,69.5,69.1
22/04/2024 07:20,22.5,17.5,62.1,951,530,951,0,22.6,14.9,987,0,0,0,113,114,22.5,5,69.5,69.1
22/04/2024 07:21,22.5,17.5,62.1,950.9,531,950.9,0,22.6,14.9,989,0,0,0,113,114,22.5,5,69.5,69
22/04/2024 07:21,22.5,17.5,62.2,950.9,531,950.9,0,22.5,14.9,987,0,0,0,113,113,22.4,5,69.4,69
22/04/2024 07:22,22.5,17.5,62.1,951,530,951,0,22.6,14.9,987,0,0,0,113,114,22.5,5,69.5,69
22/04/2024 07:22,22.5,17.5,62.2,950.9,531,950.9,0,22.5,14.9,987,0,0,0,112,113,22.4,5,69.4,69
22/04/2024 07:23,22.5,17.5,62.1,951,530,951,0,22.5,14.9,987,0,0,0,113,113,22.4,5,69.4,69
22/04/2024 07:23,22.5,17.5,62.1,951,530,951,0,22.5,14.9,987,0,0,0,113,114,22.4,5,69.4,69
22/04/2024 07:24,22.5,17.5,62.1,950.9,531,950.9,0,22.5,14.9,987,0,0,0,113,114,22.4,5,69.4,69
22/04/2024 07:24,22.5,17.5,62.1,951,530,951,0,22.5,14.8,987,0,0,0,113,113,22.4,5,69.4,69
22/04/2024 07:25,22.5,17.5,62.1,950.9,531,950.9,0,22.5,14.8,987,0,0,0,112,113,22.4,5,69.4,69
22/04/2024 07:25,22.5,17.5,62.1,951,530,951,0,22.5,14.8,987,0,0,0,113,114,22.4,5,69.4,69
22/04/2024 07:26,22.5,17.5,62.1,951,530,951,0,22.5,14.8,987,0,0,0,113,113,22.4,5,69.4,69
22/04/2024 07:26,22.4,17.5,62.2,951,530,951,0,22.5,14.8,986,0,0,0,112,113,22.4,5,69.4,69
22/04/2024 07:27,22.4,17.4,62.1,951,530,951,0,22.5,14.8,986,0,0,0,113,113,22.4,5,69.4,69
22/04/2024 07:27,22.5,17.4,62,951,530,951,0,22.5,14.8,987,0,0,0,113,113,22.4,5.1,69.4,69
22/04/2024 07:28,22.4,17.5,62.1,951,528,951.1,0,22.5,14.8,984,0,0,0,113,113,22.4,5,69.4,69
22/04/2024 07:28,22.4,17.5,62.1,951,530,951.1,0,22.5,14.8,984,0,0,0,113,114,22.4,5,69.4,69
22/04/2024 07:29,22.4,17.4,62.1,951,528,951.1,0,22.5,14.8,984,0,0,0,112,113,22.4,5,69.4,69
22/04/2024 07:29,22.4,17.4,62.1,951.2,528,951.2,0,22.5,14.8,984,0,0,0,113,113,22.4,5,69.4,69
22/04/2024 07:30,22.4,17.4,62.1,951,530,951.1,0,22.5,14.8,984,0,0,0,113,113,22.4,5,69.4,69
22/04/2024 07:30,22.4,17.4,62.1,951,530,951.1,0,22.5,14.8,984,0,0,0,113,113,22.4,5,69.4,69
22/04/2024 07:31,22.4,17.4,62.1,951,530,951.1,0,22.5,14.8,984,0,0,0,113,113,22.4,5,69.4,69
22/04/2024 07:31,22.4,17.4,62.1,951,530,951.1,0,22.5,14.8,984,0,0,0,112,113,22.4,5,69.4,69
22/04/2024 07:32,22.4,17.4,62.2,951.2,528,951.1,0,22.5,14.8,984,0,0,0,113,113,22.4,5,69.4,69
22/04/2024 07:32,22.4,17.4,62.1,951,530,951.1,0,22.5,14.8,984,0,0,0,113,113,22.4,5,69.4,69
22/04/2024 07:33,22.4,17.4,62.1,951,528,951.1,0,22.5,14.8,984,0,0,0,113,113,22.4,5,69.4,69
22/04/2024 07:33,22.4,17.4,62.1,951,530,951.1,0,22.5,14.8,984,0,0,0,112,112,22.4,5,69.4,69
22/04/2024 07:34,22.4,17.4,62.1,951,528,951.1,0,22.5,14.8,984,0,0,0,112,113,22.4,5,69.4,69
22/04/2024 07:34,22.4,17.4,62.1,951,528,951.1,0,22.5,14.8,984,0,0,0,113,114,22.4,5,69.4,69
22/04/2024 07:35,22.4,17.4,62.1,951,530,951,0,22.5,14.8,984,0,0,0,113,114,22.4,5,69.4,69
22/04/2024 07:35,22.4,17.4,62.1,951,530,951,0,22.5,14.8,984,0,0,0,112,113,22.4,5,69.4,69
22/04/2024 07:36,22.4,17.4,62.1,951,530,951,0,22.5,14.8,984,0,0,0,112,113,22.4,5,69.4,69
22/04/2024 07:36,22.4,17.4,62.1,951,530,951,0,22.5,14.8,984,0,0,0,113,113,22.4,5,69.3,68.9
22/04/2024 07:37,22.4,17.4,62.1,951,530,951,0,22.5,14.8,984,0,0,0,112,113,22.4,5,69.3,68.9
22/04/2024 07:37,22.4,17.4,62.1,951,530,951.1,0,22.5,14.8,983,0,0,0,113,113,22.4,5,69.3,68.9
22/04/2024 07:38,22.4,17.4,62.1,951,530,951,0,22.5,14.8,984,0,0,0,113,113,22.4,5,69.3,68.9
22/04/2024 07:38,22.4,17.4,62.1,951,530,951,0,22.5,14.8,984,0,0,0,113,114,22.4,5,69.3,68.9
22/04/2024 07:39,22.4,17.4,62.1,951,530,951,0,22.5,14.8,984,0,0,0,113,113,22.4,5,69.3,68.9
22/04/2024 07:39,22.4,17.4,62.1,951,530,951,0,22.5,14.8,984,0,0,0,113,114,22.4,5,69.3,68.9
22/04/2024 07:40,22.4,17.4,62.1,951,530,951.1,0,22.5,14.8,983,0,0,0,112,113,22.4,5,69.3,68.9
22/04/2024 07:40,22.4,17.4,62,951,530,951.1,0,22.5,14.8,983,0,0,0,113,113,22.4,5,69.3,68.9
22/04/2024 07:41,22.4,17.4,62.1,951,530,951,0,22.5,14.8,984,0,0,0,113,113,22.4,5,69.3,68.9
22/04/2024 07:41,22.4,17.4,62.1,951,528,951.1,0,22.4,14.8,982,0,0,0,112,113,22.3,5,69.3,68.9
22/04/2024 07:42,22.4,17.4,62.1,951.2,528,951.1,0,22.4,14.8,982,0,0,0,113,113,22.3,5,69.3,68.9
22/04/2024 07:42,22.4,17.4,62.1,951,528,951.1,0,22.4,14.8,982,0,0,0,113,113,22.3,5,69.3,68.9
22/04/2024 07:43,22.4,17.4,62.1,951,530,951.1,0,22.4,14.8,982,0,0,0,113,113,22.3,5,69.3,68.9
22/04/2024 07:43,22.4,17.4,62.1,951,530,951,0,22.4,14.8,984,0,0,0,113,113,22.3,5,69.3,68.9
22/04/2024 07:44,22.4,17.4,62.1,951,530,951,0,22.4,14.8,984,0,0,0,113,113,22.3,5,69.3,68.9
22/04/2024 07:44,22.4,17.4,62.1,951,530,951,0,22.4,14.8,984,0,0,0,113,113,22.3,5,69.3,68.9
22/04/2024 07:45,22.4,17.4,62.1,951,530,951,0,22.4,14.8,984,0,0,0,112,113,22.3,5,69.3,68.9
22/04/2024 07:45,22.4,17.4,62.1,951,530,951,0,22.4,14.8,984,0,0,0,114,114,22.3,5,69.3,68.9
22/04/2024 07:46,22.4,17.4,62,951,530,951.1,0,22.4,14.8,982,0,0,0,113,113,22.3,5,69.3,68.9
22/04/2024 07:46,22.4,17.4,62.2,951,530,951,0,22.4,14.8,982,0,0,0,113,114,22.3,5,69.3,68.9
22/04/2024 07:47,22.4,17.4,62.1,951,530,951,0,22.4,14.8,982,0,0,0,113,113,22.3,5,69.3,68.9
22/04/2024 07:47,22.4,17.4,62.1,951,530,951,0,22.4,14.8,982,0,0,0,113,113,22.3,5,69.3,68.9
22/04/2024 07:48,22.4,17.4,62.1,951,530,951,0,22.4,14.8,982,0,0,0,113,113,22.3,5,69.3,68.9
22/04/2024 07:48,22.4,17.4,62.1,951,530,951.1,0,22.4,14.8,981,0,0,0,113,113,22.3,5,69.3,68.9
22/04/2024 07:49,22.4,17.4,62.1,951,530,951.1,0,22.4,14.8,981,0,0,0,112,113,22.3,5,69.3,68.9
22/04/2024 07:49,22.4,17.4,62.1,951,530,951,0,22.4,14.8,982,0,0,0,112,113,22.3,5,69.3,68.9
22/04/2024 07:50,22.4,17.3,62,951,530,951,0,22.4,14.7,982,0,0,0,113,113,22.3,5.1,69.3,68.9
22/04/2024 07:50,22.4,17.3,62,951,528,951.1,0,22.4,14.7,981,0,0,0,113,113,22.3,5.1,69.3,68.9
22/04/2024 07:51,22.3,17.3,62.1,951,530,951.1,0,22.4,14.7,980,0,0,0,113,113,22.3,5,69.2,68.8
22/04/2024 07:51,22.3,17.3,62.1,951,528,951.1,0,22.4,14.7,980,0,0,0,113,113,22.3,5,69.2,68.8
22/04/2024 07:52,22.3,17.3,62,951,530,951.1,0,22.4,14.7,980,0,0,0,113,113,22.3,5,69.2,68.8
22/04/2024 07:52,22.3,17.3,62,951,528,951.1,0,22.4,14.7,980,0,0,0,113,113,22.3,5,69.2,68.8
22/04/2024 07:53,22.3,17.3,62,951.2,528,951.2,0,22.4,14.7,980,0,0,0,113,114,22.3,5,69.2,68.8
22/04/2024 07:53,22.3,17.3,62.1,951.2,528,951.2,0,22.4,14.7,980,0,0,0,113,113,22.3,5,69.2,68.8
22/04/2024 07:54,22.3,17.3,62,951,528,951.1,0,22.4,14.7,980,0,0,0,113,113,22.3,5,69.2,68.8
22/04/2024 07:54,22.3,17.3,62,951,528,951.1,0,22.4,14.7,980,0,0,0,113,113,22.3,5,69.2,68.8
22/04/2024 07:55,22.3,17.3,62,951,528,951.1,0,22.4,14.7,980,0,0,0,113,113,22.3,5,69.2,68.8
22/04/2024 07:55,22.3,17.3,62,951,528,951.1,0,22.4,14.7,980,0,0,0,113,114,22.3,5,69.2,68.8
22/04/2024 07:56,22.3,17.3,62,951.2,528,951.1,0,22.4,14.7,980,0,0,0,113,113,22.3,5,69.2,68.8
22/04/2024 07:56,22.3,17.3,62.1,951.2,528,951.1,0,22.4,14.7,980,0,0,0,113,113,22.3,5,69.2,68.8
22/04/2024 07:57,22.3,17.3,62.1,951,528,951.1,0,22.4,14.7,980,0,0,0,112,113,22.3,5,69.2,68.8
22/04/2024 07:57,22.3,17.3,62.1,951,528,951.1,0,22.4,14.7,980,0,0,0,113,113,22.3,5,69.2,68.8
22/04/2024 07:58,22.3,17.3,62.1,951,530,951.1,0,22.4,14.7,980,0,0,0,112,113,22.3,5,69.2,68.8
22/04/2024 07:58,22.3,17.3,62.1,951.2,528,951.1,0,22.4,14.7,980,0,0,0,113,114,22.3,5,69.2,68.8
22/04/2024 07:59,22.3,17.3,62,951,530,951,0,22.4,14.7,980,0,0,0,113,114,22.3,5,69.2,68.8
22/04/2024 07:59,22.3,17.3,62,951,530,951.1,0,22.4,14.7,980,0,0,0,113,114,22.3,5,69.2,68.8
22/04/2024 08:00,22.3,17.3,62,951,530,951.1,0,22.4,14.7,980,0,0,0,113,114,22.3,5,69.2,68.8
22/04/2024 08:00,22.3,17.3,62,951,530,951,0,22.4,14.7,980,0,0,0,113,113,22.3,5,69.2,68.8
22/04/2024 08:01,22.3,17.3,62,951,528,951.1,0,22.4,14.7,980,0,0,0,112,113,22.3,5,69.2,68.8
22/04/2024 08:01,22.3,17.3,62.1,951.2,528,951.2,0,22.3,14.7,977,0,0,0,113,113,22.3,5,69.2,68.8
22/04/2024 08:02,22.3,17.3,62.1,951.2,528,951.1,0,22.3,14.7,979,0,0,0,113,113,22.3,5,69.2,68.8
22/04/2024 08:02,22.3,17.3,62.1,951.2,528,951.2,0,22.3,14.7,977,0,0,0,113,113,22.3,5,69.2,68.8
22/04/2024 08:03,22.3,17.3,62.1,951,528,951.1,0,22.3,14.7,979,0,0,0,113,114,22.3,5,69.2,68.8
22/04/2024 08:03,22.3,17.3,62,951.2,528,951.2,0,22.3,14.7,977,0,0,0,113,113,22.3,5,69.2,68.8
22/04/2024 08:04,22.3,17.3,62,951,528,951.1,0,22.3,14.7,979,0,0,0,113,113,22.3,5,69.2,68.8
22/04/2024 08:04,22.3,17.3,62,951,530,951,0,22.3,14.7,980,0,0,0,113,113,22.3,5,69.2,68.8
22/04/2024 08:05,22.3,17.3,62,951,530,951,0,22.3,14.7,980,0,0,0,113,113,22.3,5,69.2,68.8
22/04/2024 08:05,22.3,17.3,62,951,530,951,0,22.3,14.7,980,0,0,0,112,113,22.3,5,69.2,68.8
22/04/2024 08:06,22.3,17.3,62,951,530,951.1,0,22.3,14.7,979,0,0,0,113,114,22.3,5,69.2,68.8
22/04/2024 08:06,22.3,17.3,62,951,530,951.1,0,22.3,14.7,979,0,0,0,113,113,22.3,5,69.2,68.8
22/04/2024 08:07,22.3,17.3,62.1,951.2,528,951.2,0,22.3,14.7,976,0,0,0,113,113,22.2,5,69.2,68.8
22/04/2024 08:07,22.3,17.3,62.1,951.2,528,951.2,0,22.3,14.7,976,0,0,0,112,113,22.2,5,69.2,68.8
22/04/2024 08:08,22.3,17.3,62.1,951.2,528,951.2,0,22.3,14.7,976,0,0,0,113,113,22.2,5,69.2,68.8
22/04/2024 08:08,22.3,17.3,62.1,951,530,951.1,0,22.3,14.7,977,0,0,0,112,113,22.2,5,69.2,68.8
22/04/2024 08:09,22.3,17.3,62.1,951.2,528,951.2,0,22.3,14.7,976,0,0,0,113,113,22.2,5,69.2,68.8
22/04/2024 08:09,22.3,17.3,62.1,951.2,528,951.2,0,22.3,14.7,976,0,0,0,112,112,22.2,5,69.2,68.8
22/04/2024 08:10,22.3,17.3,62.1,951,528,951.1,0,22.3,14.7,977,0,0,0,112,113,22.2,5,69.2,68.8
22/04/2024 08:10,22.3,17.3,62.1,951,528,951.1,0,22.3,14.7,977,0,0,0,113,113,22.2,5,69.2,68.8
22/04/2024 08:11,22.3,17.3,62,951.2,528,951.1,0,22.3,14.6,977,0,0,0,113,113,22.2,5,69.2,68.7
22/04/2024 08:11,22.2,17.3,62.1,951,530,951,0,22.3,14.7,978,0,0,0,113,113,22.2,5,69.1,68.7
22/04/2024 08:12,22.3,17.3,62,951,530,951.1,0,22.3,14.6,977,0,0,0,113,113,22.2,5,69.2,68.7
22/04/2024 08:12,22.2,17.3,62.1,951,528,951.1,0,22.3,14.6,977,0,0,0,113,113,22.2,5,69.1,68.7
22/04/2024 08:13,22.2,17.3,62.1,951,528,951.1,0,22.3,14.6,977,0,0,0,113,113,22.2,5,69.1,68.7
22/04/2024 08:13,22.2,17.2,62,951.2,528,951.2,0,22.3,14.6,976,0,0,0,113,113,22.2,5,69.1,68.7
22/04/2024 08:14,22.2,17.2,62,951,528,951.1,0,22.3,14.6,977,0,0,0,113,113,22.2,5,69.1,68.7
22/04/2024 08:14,22.2,17.2,62,951.2,528,951.2,0,22.3,14.6,976,0,0,0,113,113,22.2,5,69.1,68.7
22/04/2024 08:15,22.2,17.2,62,951.2,528,951.2,0,22.3,14.6,976,0,0,0,112,113,22.2,5,69.1,68.7
22/04/2024 08:15,22.2,17.2,62,951.2,528,951.2,0,22.3,14.6,976,0,0,0,113,113,22.2,5,69.1,68.7
22/04/2024 08:16,22.2,17.2,62,951.2,528,951.2,0,22.3,14.6,976,0,0,0,113,114,22.2,5,69.1,68.7
22/04/2024 08:16,22.2,17.2,62,951.2,528,951.3,0,22.3,14.6,975,0,0,0,113,114,22.2,5,69.1,68.7
22/04/2024 08:17,22.2,17.2,62,951.2,528,951.2,0,22.3,14.6,976,0,0,0,113,113,22.2,5,69.1,68.7
22/04/2024 08:17,22.2,17.2,62.1,951.2,528,951.2,0,22.3,14.6,975,0,0,0,113,113,22.2,5,69.1,68.7
22/04/2024 08:18,22.2,17.2,62,951.2,528,951.2,0,22.3,14.6,975,0,0,0,112,113,22.2,5,69.1,68.7
22/04/2024 08:18,22.2,17.2,62.1,951.2,528,951.2,0,22.3,14.6,975,0,0,0,113,114,22.2,5,69.1,68.7
22/04/2024 08:19,22.2,17.2,62.1,951.2,528,951.2,0,22.3,14.6,975,0,0,0,112,113,22.2,5,69.1,68.7
22/04/2024 08:19,22.2,17.2,62.1,951.2,528,951.2,0,22.3,14.6,975,0,0,0,112,113,22.2,5,69.1,68.7
22/04/2024 08:20,22.2,17.2,62.1,951.2,528,951.1,0,22.3,14.6,976,0,0,0,112,113,22.2,5,69.1,68.7
22/04/2024 08:20,22.2,17.2,62,951.2,528,951.2,0,22.3,14.6,975,0,0,0,113,113,22.2,5,69.1,68.7
22/04/2024 08:21,22.2,17.2,62.1,951.2,528,951.2,0,22.3,14.6,975,0,0,0,113,114,22.2,5,69.1,68.7
22/04/2024 08:21,22.2,17.2,62,951.2,528,951.2,0,22.3,14.6,975,0,0,0,113,113,22.2,5,69.1,68.7
22/04/2024 08:22,22.2,17.2,62,951.2,528,951.2,0,22.3,14.6,975,0,0,0,112,112,22.2,5,69.1,68.7
22/04/2024 08:22,22.2,17.2,62.1,951,530,951,0,22.3,14.6,976,0,0,0,112,113,22.2,5,69.1,68.7
22/04/2024 08:23,22.2,17.2,62,951,528,951.1,0,22.3,14.6,976,0,0,0,112,113,22.2,5,69.1,68.7
22/04/2024 08:23,22.2,17.2,62.1,951.2,528,951.1,0,22.3,14.6,975,0,0,0,113,113,22.2,5,69.1,68.7
22/04/2024 08:24,22.2,17.2,62.1,951.2,528,951.2,0,22.3,14.6,974,0,0,0,113,114,22.2,5,69,68.7
22/04/2024 08:24,22.2,17.2,62.1,951.2,528,951.2,0,22.3,14.6,974,0,0,0,112,113,22.2,5,69.1,68.7
22/04/2024 08:25,22.2,17.2,62.1,951.2,528,951.2,0,22.3,14.6,974,0,0,0,113,113,22.2,5,69,68.7
22/04/2024 08:25,22.2,17.2,62.1,951.2,528,951.2,0,22.3,14.6,974,0,0,0,113,114,22.2,5,69.1,68.7
22/04/2024 08:26,22.2,17.2,62,951.2,528,951.2,0,22.3,14.6,974,0,0,0,113,113,22.2,5,69,68.7
22/04/2024 08:26,22.2,17.2,62,951.2,528,951.3,0,22.3,14.6,973,0,0,0,113,113,22.2,5,69,68.7
22/04/2024 08:27,22.2,17.2,62,951.2,528,951.2,0,22.3,14.6,974,0,0,0,113,113,22.2,5,69,68.7
22/04/2024 08:27,22.2,17.2,62,951.2,528,951.3,0,22.3,14.6,973,0,0,0,113,114,22.2,5,69,68.7
22/04/2024 08:28,22.2,17.2,62.1,951.2,528,951.2,0,22.2,14.6,973,0,0,0,113,113,22.1,5,69,68.6
22/04/2024 08:28,22.2,17.2,62.1,951.2,526,951.3,0,22.2,14.6,972,0,0,0,113,113,22.1,5,69,68.6
22/04/2024 08:29,22.2,17.2,62.1,951.2,526,951.3,0,22.2,14.6,972,0,0,0,113,113,22.1,5,69,68.6
22/04/2024 08:29,22.2,17.2,62.1,951.2,528,951.3,0,22.2,14.6,972,0,0,0,112,113,22.1,5,69,68.6
22/04/2024 08:30,22.2,17.2,62.1,951.2,528,951.3,0,22.2,14.6,972,0,0,0,113,113,22.1,5,69,68.6
22/04/2024 08:30,22.2,17.2,62.1,951.2,526,951.3,0,22.2,14.6,972,0,0,0,112,113,22.1,5,69,68.6
22/04/2024 08:31,22.2,17.2,62,951.2,528,951.3,0,22.2,14.6,972,0,0,0,113,113,22.1,5,69,68.6
22/04/2024 08:31,22.2,17.2,62,951.2,528,951.3,0,22.2,14.6,972,0,0,0,113,113,22.1,5,69,68.6
22/04/2024 08:32,22.2,17.2,62,951.2,528,951.2,0,22.2,14.6,973,0,0,0,113,114,22.1,5,69,68.6
22/04/2024 08:32,22.2,17.2,62,951.2,528,951.2,0,22.2,14.6,973,0,0,0,112,113,22.1,5,69,68.6
22/04/2024 08:33,22.2,17.2,62.1,951.2,526,951.4,0,22.2,14.6,970,0,0,0,112,113,22.1,5,69,68.6
22/04/2024 08:33,22.2,17.2,62.1,951.4,526,951.4,0,22.2,14.6,970,0,0,0,113,113,22.1,5,69,68.6
22/04/2024 08:34,22.2,17.2,62.1,951.2,526,951.4,0,22.2,14.6,970,0,0,0,113,114,22.1,5,69,68.6
22/04/2024 08:34,22.2,17.2,62.1,951.4,526,951.4,0,22.2,14.6,970,0,0,0,113,114,22.1,5,69,68.6
22/04/2024 08:35,22.2,17.2,62.1,951.4,526,951.4,0,22.2,14.6,970,0,0,0,113,113,22.1,5,69,68.6
22/04/2024 08:35,22.2,17.2,62,951.4,526,951.4,0,22.2,14.6,970,0,0,0,113,113,22.1,5,69,68.6
22/04/2024 08:36,22.2,17.2,62,951.4,526,951.4,0,22.2,14.6,970,0,0,0,113,114,22.1,5,69,68.6
22/04/2024 08:36,22.2,17.2,62,951.4,526,951.4,0,22.2,14.6,970,0,0,0,112,113,22.1,5,69,68.6
22/04/2024 08:37,22.2,17.1,62,951.5,526,951.5,0,22.2,14.5,970,0,0,0,113,113,22.1,5.1,69,68.6
22/04/2024 08:37,22.2,17.1,62,951.4,526,951.4,0,22.2,14.5,970,0,0,0,113,113,22.1,5.1,69,68.6
22/04/2024 08:38,22.1,17.1,62.1,951.4,526,951.4,0,22.2,14.5,970,0,0,0,113,114,22.1,5,69,68.6
22/04/2024 08:38,22.1,17.1,62.1,951.4,526,951.4,0,22.2,14.5,970,0,0,0,113,113,22.1,5,69,68.6
22/04/2024 08:39,22.2,17.1,62,951.4,526,951.4,0,22.2,14.5,970,0,0,0,113,114,22.1,5.1,69,68.6
22/04/2024 08:39,22.1,17.1,62.1,951.2,526,951.3,0,22.2,14.5,970,0,0,0,113,113,22.1,5,69,68.6
22/04/2024 08:40,22.1,17.1,62.1,951.4,526,951.4,0,22.2,14.5,970,0,0,0,112,113,22.1,5,69,68.6
22/04/2024 08:40,22.1,17.1,62.1,951.2,526,951.3,0,22.2,14.5,970,0,0,0,112,113,22.1,5,69,68.6
22/04/2024 08:41,22.1,17.1,62.1,951.4,526,951.4,0,22.2,14.5,970,0,0,0,113,113,22.1,5,69,68.6
22/04/2024 08:41,22.1,17.1,62.1,951.4,526,951.4,0,22.2,14.5,970,0,0,0,113,113,22.1,5,69,68.6
22/04/2024 08:42,22.1,17.1,62.1,951.4,526,951.4,0,22.2,14.5,970,0,0,0,112,113,22.1,5,69,68.6
22/04/2024 08:42,22.1,17.1,62.1,951.4,526,951.4,0,22.2,14.5,970,0,0,0,112,113,22.1,5,69,68.6
22/04/2024 08:43,22.1,17.1,62.1,951.4,526,951.4,0,22.2,14.5,970,0,0,0,112,113,22.1,5,69,68.6
22/04/2024 08:43,22.1,17.1,62,951.4,526,951.4,0,22.2,14.5,970,0,0,0,113,113,22.1,5,69,68.6
22/04/2024 08:44,22.1,17.1,62.1,951.4,526,951.4,0,22.2,14.5,970,0,0,0,113,113,22.1,5,69,68.6
22/04/2024 08:44,22.1,17.1,62.2,951.4,526,951.4,0,22.2,14.5,968,0,0,0,113,114,22.1,5,68.9,68.5
22/04/2024 08:45,22.1,17.1,62.2,951.4,526,951.4,0,22.2,14.5,968,0,0,0,113,113,22.1,5,68.9,68.5
22/04/2024 08:45,22.1,17.1,62.1,951.5,526,951.5,0,22.2,14.5,967,0,0,0,113,114,22.1,5,68.9,68.5
22/04/2024 08:46,22.1,17.1,62.1,951.5,525,951.5,0,22.2,14.5,967,0,0,0,113,114,22.1,5,68.9,68.5
22/04/2024 08:46,22.1,17.1,62.1,951.5,526,951.5,0,22.2,14.5,967,0,0,0,113,113,22.1,5,68.9,68.5
22/04/2024 08:47,22.1,17.1,62.1,951.5,526,951.5,0,22.2,14.5,967,0,0,0,113,113,22.1,5,68.9,68.5
22/04/2024 08:47,22.1,17.1,62.1,951.5,526,951.5,0,22.2,14.5,967,0,0,0,113,113,22.1,5,68.9,68.5
22/04/2024 08:48,22.1,17.1,62.1,951.5,525,951.5,0,22.2,14.5,967,0,0,0,112,113,22.1,5,68.9,68.5
22/04/2024 08:48,22.1,17.1,62.1,951.5,525,951.6,0,22.2,14.5,966,0,0,0,113,113,22.1,5,68.9,68.5
22/04/2024 08:49,22.1,17.1,62.1,951.5,525,951.6,0,22.2,14.5,966,0,0,0,113,114,22.1,5,68.9,68.5
22/04/2024 08:49,22.1,17.1,62.1,951.5,524,951.6,0,22.2,14.5,966,0,0,0,114,114,22.1,5,68.9,68.5
22/04/2024 08:50,22.1,17.1,62,951.5,525,951.6,0,22.2,14.5,966,0,0,0,113,113,22.1,5,68.9,68.5
22/04/2024 08:50,22.1,17.1,62,951.5,524,951.6,0,22.2,14.5,966,0,0,0,113,113,22.1,5,68.9,68.5
22/04/2024 08:51,22.1,17.1,62.1,951.5,524,951.6,0,22.1,14.5,966,0,0,0,112,113,22,5,68.9,68.5
22/04/2024 08:51,22.1,17.1,62.1,951.5,525,951.5,0,22.1,14.5,966,0,0,0,113,114,22,5,68.9,68.5
22/04/2024 08:52,22.1,17.1,62.1,951.5,525,951.5,0,22.1,14.5,966,0,0,0,113,113,22,5,68.9,68.5
22/04/2024 08:52,22.1,17.1,62.1,951.5,525,951.6,0,22.1,14.5,966,0,0,0,113,114,22,5,68.9,68.5
22/04/2024 08:53,22.1,17.1,62.1,951.5,524,951.6,0,22.1,14.5,966,0,0,0,113,113,22,5,68.9,68.5
22/04/2024 08:53,22.1,17.1,62.1,951.5,525,951.5,0,22.1,14.5,966,0,0,0,113,113,22,5,68.9,68.5
22/04/2024 08:54,22.1,17.1,62.1,951.5,526,951.5,0,22.1,14.5,966,0,0,0,112,113,22,5,68.9,68.5
22/04/2024 08:54,22.1,17.1,62.1,951.5,526,951.5,0,22.1,14.5,966,0,0,0,113,114,22,5,68.9,68.5
22/04/2024 08:55,22.1,17.1,62.1,951.4,526,951.4,0,22.1,14.5,968,0,0,0,113,113,22,5,68.9,68.5
22/04/2024 08:55,22.1,17.1,62,951.4,526,951.4,0,22.1,14.5,968,0,0,0,113,113,22,5,68.9,68.5
22/04/2024 08:56,22.1,17.1,62.1,951.5,526,951.5,0,22.1,14.5,966,0,0,0,113,113,22,5,68.9,68.5
22/04/2024 08:56,22.1,17.1,62.1,951.5,526,951.5,0,22.1,14.5,966,0,0,0,113,113,22,5,68.9,68.5
22/04/2024 08:57,22.1,17.1,62.1,951.5,526,951.5,0,22.1,14.5,966,0,0,0,113,114,22,5,68.9,68.5
22/04/2024 08:57,22.1,17.1,62.1,951.4,526,951.4,0,22.1,14.5,966,0,0,0,113,113,22,5,68.9,68.5
22/04/2024 08:58,22.1,17.1,62.1,951.4,526,951.4,0,22.1,14.5,966,0,0,0,112,113,22,5,68.9,68.5
22/04/2024 08:58,22.1,17.1,62.1,951.5,526,951.5,0,22.1,14.5,966,0,0,0,113,113,22,5,68.9,68.5
22/04/2024 08:59,22.1,17.1,62.1,951.5,525,951.5,0,22.1,14.5,966,0,0,0,113,113,22,5,68.9,68.5
22/04/2024 08:59,22.1,17.1,62.1,951.4,526,951.4,0,22.1,14.5,966,0,0,0,112,113,22,5,68.9,68.5
22/04/2024 09:00,22.1,17.1,62.1,951.5,526,951.5,0,22.1,14.5,966,0,0,0,113,113,22,5,68.9,68.5
22/04/2024 09:00,22.1,17.1,62.1,951.5,526,951.5,0,22.1,14.5,966,0,0,0,113,113,22,5,68.9,68.5
22/04/2024 09:01,22.1,17.1,62.1,951.5,525,951.6,0,22.1,14.5,965,0,0,0,113,113,22,5,68.9,68.5
22/04/2024 09:01,22.1,17.1,62,951.5,526,951.5,0,22.1,14.4,966,0,0,0,112,113,22,5,68.8,68.5
22/04/2024 09:02,22.1,17.1,62,951.5,525,951.5,0,22.1,14.4,966,0,0,0,112,113,22,5,68.8,68.5
22/04/2024 09:02,22.1,17.1,62.1,951.5,525,951.5,0,22.1,14.5,966,0,0,0,113,113,22,5,68.9,68.5
22/04/2024 09:03,22,17.1,62.1,951.5,526,951.5,0,22.1,14.4,965,0,0,0,113,114,22,4.9,68.8,68.5
22/04/2024 09:03,22,17.1,62.2,951.4,526,951.4,0,22.1,14.5,966,0,0,0,113,113,22,4.9,68.8,68.5
22/04/2024 09:04,22,17.1,62.1,951.5,526,951.5,0,22.1,14.4,965,0,0,0,112,113,22,4.9,68.8,68.5
22/04/2024 09:04,22,17.1,62.1,951.5,524,951.6,0,22.1,14.5,963,0,0,0,113,113,22,4.9,68.8,68.5
22/04/2024 09:05,22,17.1,62.1,951.5,525,951.5,0,22.1,14.5,965,0,0,0,113,114,22,4.9,68.8,68.5
22/04/2024 09:05,22,17.1,62.1,951.5,526,951.5,0,22.1,14.5,965,0,0,0,113,113,22,4.9,68.8,68.5
22/04/2024 09:06,22,17.1,62.1,951.5,526,951.5,0,22.1,14.4,965,0,0,0,113,113,22,4.9,68.8,68.5
22/04/2024 09:06,22,17.1,62.1,951.5,525,951.5,0,22.1,14.4,965,0,0,0,113,113,22,4.9,68.8,68.5
22/04/2024 09:07,22,17.1,62.1,951.5,525,951.5,0,22.1,14.4,965,0,0,0,113,114,22,4.9,68.8,68.5
22/04/2024 09:07,22,17.1,62.1,951.5,525,951.6,0,22.1,14.4,963,0,0,0,113,113,22,4.9,68.8,68.5
22/04/2024 09:08,22,17.1,62.2,951.5,525,951.6,0,22.1,14.4,962,0,0,0,113,113,22,4.9,68.8,68.4
22/04/2024 09:08,22,17.1,62.1,951.5,525,951.5,0,22.1,14.4,965,0,0,0,113,113,22,4.9,68.8,68.5
22/04/2024 09:09,22,17,62.1,951.5,525,951.5,0,22.1,14.4,963,0,0,0,113,113,22,5,68.8,68.4
22/04/2024 09:09,22,17,62.1,951.7,524,951.7,0,22.1,14.4,962,0,0,0,113,113,22,5,68.8,68.4
22/04/2024 09:10,22,17,62.1,951.5,524,951.6,0,22.1,14.4,962,0,0,0,112,113,22,5,68.8,68.4
22/04/2024 09:10,22,17,62.1,951.5,525,951.6,0,22.1,14.4,962,0,0,0,113,114,22,5,68.8,68.4
22/04/2024 09:11,22,17,62.1,951.5,525,951.6,0,22.1,14.4,962,0,0,0,114,114,22,5,68.8,68.4
22/04/2024 09:11,22,17,62.1,951.5,525,951.6,0,22.1,14.4,962,0,0,0,113,114,22,5,68.8,68.4
22/04/2024 09:12,22,17,62.1,951.5,525,951.5,0,22.1,14.4,963,0,0,0,112,113,22,5,68.8,68.4
22/04/2024 09:12,22,17,62.1,951.5,526,951.5,0,22.1,14.4,963,0,0,0,113,114,22,5,68.8,68.4
22/04/2024 09:13,22,17,62.1,951.5,525,951.5,0,22.1,14.4,963,0,0,0,113,113,22,5,68.8,68.4
22/04/2024 09:13,22,17,62.1,951.5,525,951.5,0,22.1,14.4,963,0,0,0,113,113,22,5,68.8,68.4
22/04/2024 09:14,22,17,62.1,951.5,526,951.5,0,22.1,14.4,963,0,0,0,112,113,22,5,68.8,68.4
22/04/2024 09:14,22,17,62.1,951.5,525,951.6,0,22.1,14.4,962,0,0,0,112,113,22,5,68.8,68.4
22/04/2024 09:15,22,17,62,951.7,524,951.7,0,22.1,14.4,962,0,0,0,112,113,22,5,68.8,68.4
22/04/2024 09:15,22,17,62.1,951.5,525,951.6,0,22.1,14.4,962,0,0,0,113,113,22,5,68.8,68.4
22/04/2024 09:16,22,17,62.1,951.5,524,951.6,0,22.1,14.4,962,0,0,0,112,113,22,5,68.8,68.4
22/04/2024 09:16,22,17,62,951.5,524,951.6,0,22.1,14.4,962,0,0,0,113,114,22,5,68.8,68.4
22/04/2024 09:17,22,17,62,951.5,525,951.5,0,22.1,14.4,962,0,0,0,112,113,22,5,68.8,68.4
22/04/2024 09:17,22,17,62,951.5,525,951.6,0,22.1,14.4,962,0,0,0,113,113,22,5,68.8,68.4
22/04/2024 09:18,22,17,62,951.7,524,951.7,0,22.1,14.4,961,0,0,0,113,113,22,5,68.8,68.4
22/04/2024 09:18,22,17,62,951.7,523,951.7,0,22.1,14.4,961,0,0,0,113,113,22,5,68.8,68.4
22/04/2024 09:19,22,17,62,951.7,524,951.7,0,22.1,14.4,961,0,0,0,113,114,22,5,68.8,68.4
22/04/2024 09:19,22,17,62,951.7,524,951.7,0,22.1,14.4,961,0,0,0,113,113,22,5,68.8,68.4
22/04/2024 09:20,22,17,62,951.7,524,951.7,0,22.1,14.4,961,0,0,0,113,113,22,5,68.8,68.4
22/04/2024 09:20,22,17,62,951.7,524,951.6,0,22.1,14.4,962,0,0,0,113,113,22,5,68.8,68.4
22/04/2024 09:21,22,17,62.1,951.7,523,951.8,0,22,14.4,958,0,0,0,113,113,21.9,5,68.7,68.4
22/04/2024 09:21,22,17,62,951.7,523,951.7,0,22.1,14.4,960,0,0,0,113,113,22,5,68.8,68.4
22/04/2024 09:22,22,17,62.1,951.7,523,951.8,0,22,14.4,958,0,0,0,113,114,21.9,5,68.7,68.4
22/04/2024 09:22,22,17,62.1,951.7,523,951.8,0,22,14.4,958,0,0,0,113,113,21.9,5,68.7,68.4
22/04/2024 09:23,22,17,62.1,951.7,523,951.8,0,22,14.4,958,0,0,0,113,113,21.9,5,68.7,68.4
22/04/2024 09:23,22,17,62.1,951.7,523,951.8,0,22,14.4,958,0,0,0,112,113,21.9,5,68.7,68.4
22/04/2024 09:24,22,17,62.1,951.7,523,951.8,0,22,14.4,958,0,0,0,113,113,21.9,5,68.7,68.4
22/04/2024 09:24,22,17,62.1,951.7,522,951.8,0,22,14.4,958,0,0,0,113,113,21.9,5,68.7,68.4
22/04/2024 09:25,22,17,62.1,951.7,523,951.8,0,22,14.4,958,0,0,0,113,114,21.9,5,68.7,68.4
22/04/2024 09:25,22,17,62.1,951.7,523,951.7,0,22,14.4,960,0,0,0,113,113,21.9,5,68.7,68.4
22/04/2024 09:26,22,17,62.1,951.7,524,951.7,0,22,14.4,960,0,0,0,113,113,21.9,5,68.7,68.4
22/04/2024 09:26,22,17,62.1,951.7,523,951.7,0,22,14.4,960,0,0,0,113,114,21.9,5,68.7,68.4
22/04/2024 09:27,22,17,62.1,951.7,524,951.7,0,22,14.4,960,0,0,0,113,113,21.9,5,68.7,68.4
22/04/2024 09:27,22,17,62.1,951.7,524,951.7,0,22,14.4,960,0,0,0,113,113,21.9,5,68.7,68.4
22/04/2024 09:28,22,17,62.1,951.7,524,951.7,0,22,14.4,960,0,0,0,113,114,21.9,5,68.7,68.4
22/04/2024 09:28,21.9,17,62.2,951.7,523,951.7,0,22,14.4,958,0,0,0,113,113,21.9,5,68.7,68.3
22/04/2024 09:29,21.9,17,62.2,951.7,523,951.8,0,22,14.4,958,0,0,0,113,113,21.9,5,68.7,68.3
22/04/2024 09:29,21.9,17,62.1,951.7,522,951.8,0,22,14.4,958,0,0,0,112,113,21.9,5,68.7,68.3
22/04/2024 09:30,21.9,17,62.2,951.7,523,951.8,0,22,14.4,958,0,0,0,112,113,21.9,5,68.7,68.3
22/04/2024 09:30,21.9,17,62.2,951.7,523,951.7,0,22,14.4,958,0,0,0,112,113,21.9,5,68.7,68.3
22/04/2024 09:31,21.9,17,62.2,951.7,523,951.8,0,22,14.4,958,0,0,0,113,113,21.9,5,68.7,68.3
22/04/2024 09:31,21.9,17,62.2,951.7,523,951.7,0,22,14.4,958,0,0,0,113,113,21.9,5,68.7,68.3
22/04/2024 09:32,21.9,17,62.1,951.5,524,951.6,0,22,14.4,960,0,0,0,113,113,21.9,5,68.7,68.3
22/04/2024 09:32,21.9,17,62.1,951.5,525,951.6,0,22,14.4,960,0,0,0,113,113,21.9,5,68.7,68.3
22/04/2024 09:33,21.9,17,62.1,951.7,524,951.6,0,22,14.4,960,0,0,0,113,113,21.9,5,68.7,68.3
22/04/2024 09:33,21.9,17,62.1,951.5,525,951.6,0,22,14.4,960,0,0,0,113,113,21.9,5,68.7,68.3
22/04/2024 09:34,21.9,17,62.1,951.5,525,951.6,0,22,14.4,960,0,0,0,113,114,21.9,5,68.7,68.3
22/04/2024 09:34,21.9,17,62.1,951.5,525,951.6,0,22,14.4,960,0,0,0,113,113,21.9,5,68.7,68.3
22/04/2024 09:35,21.9,17,62.1,951.5,524,951.6,0,22,14.4,960,0,0,0,113,114,21.9,5,68.7,68.3
22/04/2024 09:35,21.9,17,62.2,951.5,525,951.6,0,22,14.4,958,0,0,0,113,113,21.9,4.9,68.7,68.3
22/04/2024 09:36,21.9,17,62.2,951.7,524,951.7,0,22,14.4,958,0,0,0,113,113,21.9,4.9,68.7,68.3
22/04/2024 09:36,21.9,17,62.2,951.7,524,951.7,0,22,14.4,958,0,0,0,113,114,21.9,4.9,68.7,68.3
22/04/2024 09:37,21.9,17,62.2,951.7,524,951.7,0,22,14.4,958,0,0,0,113,113,21.9,4.9,68.7,68.3
22/04/2024 09:37,21.9,17,62.2,951.7,523,951.7,0,22,14.4,958,0,0,0,113,113,21.9,4.9,68.7,68.3
22/04/2024 09:38,21.9,17,62.1,951.7,524,951.7,0,22,14.3,958,0,0,0,113,113,21.9,4.9,68.7,68.3
22/04/2024 09:38,21.9,17,62.2,951.7,524,951.7,0,22,14.4,958,0,0,0,113,113,21.9,4.9,68.7,68.3
22/04/2024 09:39,21.9,17,62.1,951.5,524,951.6,0,22,14.3,958,0,0,0,113,114,21.9,4.9,68.7,68.3
22/04/2024 09:39,21.9,17,62.1,951.7,523,951.7,0,22,14.3,958,0,0,0,113,114,21.9,4.9,68.7,68.3
22/04/2024 09:40,21.9,17,62.1,951.5,525,951.6,0,22,14.3,958,0,0,0,113,113,21.9,4.9,68.7,68.3
22/04/2024 09:40,21.9,17,62.1,951.5,525,951.6,0,22,14.3,958,0,0,0,112,113,21.9,4.9,68.7,68.3
22/04/2024 09:41,21.9,17,62.1,951.5,525,951.6,0,22,14.3,958,0,0,0,112,113,21.9,4.9,68.7,68.3
22/04/2024 09:41,21.9,17,62.1,951.5,524,951.6,0,22,14.3,958,0,0,0,112,113,21.9,4.9,68.7,68.3
22/04/2024 09:42,21.9,17,62.1,951.7,524,951.7,0,22,14.3,958,0,0,0,113,113,21.9,4.9,68.7,68.3
22/04/2024 09:42,21.9,16.9,62.1,951.5,524,951.6,0,22,14.3,958,0,0,0,113,114,21.9,5,68.6,68.3
22/04/2024 09:43,21.9,16.9,62.1,951.7,524,951.7,0,22,14.3,958,0,0,0,113,113,21.9,5,68.7,68.3
22/04/2024 09:43,21.9,16.9,62.1,951.7,523,951.7,0,22,14.3,957,0,0,0,113,113,21.9,5,68.6,68.3
22/04/2024 09:44,21.9,16.9,62.1,951.7,523,951.7,0,22,14.3,957,0,0,0,113,113,21.9,5,68.6,68.3
22/04/2024 09:44,21.9,16.9,62.1,951.7,523,951.8,0,22,14.3,956,0,0,0,112,113,21.9,5,68.6,68.3
22/04/2024 09:45,21.9,16.9,62.1,951.7,523,951.8,0,22,14.3,956,0,0,0,112,113,21.9,5,68.6,68.3
22/04/2024 09:45,21.9,16.9,62.1,951.7,522,951.8,0,22,14.3,956,0,0,0,113,114,21.9,5,68.6,68.3
22/04/2024 09:46,21.9,16.9,62.1,951.7,522,951.8,0,22,14.3,956,0,0,0,113,113,21.9,5,68.6,68.3
22/04/2024 09:46,21.9,16.9,62.1,951.9,521,951.9,0,22,14.3,956,0,0,0,113,114,21.9,5,68.6,68.3
22/04/2024 09:47,21.9,16.9,62.1,952,521,952,0,22,14.3,954,0,0,0,113,113,21.9,5,68.6,68.3
22/04/2024 09:47,21.9,16.9,62.1,952,521,952,0,22,14.3,954,0,0,0,113,113,21.9,5,68.6,68.3
22/04/2024 09:48,21.9,16.9,62.1,952,520,952,0,22,14.3,954,0,0,0,113,114,21.9,5,68.6,68.3
22/04/2024 09:48,21.9,16.9,62.1,951.9,521,951.9,0,22,14.3,956,0,0,0,112,113,21.9,5,68.6,68.3
22/04/2024 09:49,21.9,16.9,62.1,952,520,952,0,22,14.3,954,0,0,0,112,113,21.9,5,68.6,68.3
22/04/2024 09:49,21.9,16.9,62.1,951.9,521,951.9,0,22,14.3,956,0,0,0,113,113,21.9,5,68.6,68.3
22/04/2024 09:50,21.9,16.9,62.1,951.9,521,951.9,0,22,14.3,956,0,0,0,113,113,21.9,5,68.6,68.3
22/04/2024 09:50,21.9,16.9,62.1,951.9,522,951.9,0,22,14.3,956,0,0,0,113,114,21.9,5,68.6,68.3
22/04/2024 09:51,21.9,16.9,62.1,951.7,522,951.8,0,22,14.3,956,0,0,0,113,113,21.9,5,68.6,68.3
22/04/2024 09:51,21.9,16.9,62.1,951.9,521,951.9,0,22,14.3,956,0,0,0,113,113,21.9,5,68.6,68.3
22/04/2024 09:52,21.9,16.9,62.1,951.9,522,951.9,0,22,14.3,956,0,0,0,113,113,21.9,5,68.6,68.3
22/04/2024 09:52,21.9,16.9,62.1,951.9,521,951.9,0,22,14.3,956,0,0,0,113,113,21.9,5,68.6,68.3
22/04/2024 09:53,21.9,16.9,62.1,951.9,521,951.9,0,22,14.3,956,0,0,0,113,114,21.9,5,68.6,68.3
22/04/2024 09:53,21.9,16.9,62.1,951.9,521,951.9,0,22,14.3,956,0,0,0,113,113,21.9,5,68.6,68.3
22/04/2024 09:54,21.9,16.9,62.1,951.7,523,951.8,0,22,14.3,956,0,0,0,113,113,21.9,5,68.6,68.3
22/04/2024 09:54,21.9,16.9,62.1,951.9,521,951.9,0,22,14.3,956,0,0,0,113,113,21.9,5,68.6,68.3
22/04/2024 09:55,21.9,16.9,62.1,952,521,952,0,22,14.3,954,0,0,0,113,113,21.9,5,68.6,68.3
22/04/2024 09:55,21.9,16.9,62.1,951.9,521,951.9,0,22,14.3,956,0,0,0,113,113,21.9,5,68.6,68.3
22/04/2024 09:56,21.9,16.9,62.1,952,520,952,0,22,14.3,954,0,0,0,113,113,21.9,5,68.6,68.3
22/04/2024 09:56,21.9,16.9,62.1,951.9,522,951.9,0,22,14.3,956,0,0,0,112,113,21.9,5,68.6,68.3
22/04/2024 09:57,21.9,16.9,62.1,952,521,952,0,22,14.3,954,0,0,0,113,113,21.9,5,68.6,68.3
22/04/2024 09:57,21.9,16.9,62.1,952,520,952,0,22,14.3,954,0,0,0,113,114,21.9,5,68.6,68.3
22/04/2024 09:58,21.9,16.9,62.2,952,521,952,0,22,14.3,954,0,0,0,113,114,21.9,5,68.6,68.3
22/04/2024 09:58,21.9,16.9,62.1,952,520,952,0,22,14.3,954,0,0,0,112,112,21.9,5,68.6,68.3
22/04/2024 09:59,21.9,16.9,62.2,952,520,952,0,22,14.3,954,0,0,0,113,113,21.9,5,68.6,68.3
22/04/2024 09:59,21.9,16.9,62.2,952,520,952,0,22,14.3,954,0,0,0,112,113,21.9,5,68.6,68.3
22/04/2024 10:00,21.9,16.9,62.1,952,521,952,0,22,14.3,954,0,0,0,113,114,21.9,5,68.6,68.3
22/04/2024 10:00,21.9,16.9,62.2,951.9,521,951.9,0,22,14.3,956,0,0,0,113,114,21.9,5,68.6,68.3
22/04/2024 10:01,21.9,16.9,62.2,952,521,952,0,22,14.3,954,0,0,0,112,113,21.9,5,68.6,68.3
22/04/2024 10:01,21.9,16.9,62.2,951.9,521,951.9,0,21.9,14.3,954,0,0,0,113,113,21.8,5,68.6,68.2
22/04/2024 10:02,21.9,16.9,62.1,951.9,521,951.9,0,22,14.3,956,0,0,0,112,113,21.9,5,68.6,68.3
22/04/2024 10:02,21.9,16.9,62.1,951.7,522,951.8,0,22,14.3,956,0,0,0,113,113,21.9,5,68.6,68.3
22/04/2024 10:03,21.9,16.9,62.1,951.9,521,951.9,0,22,14.3,956,0,0,0,113,113,21.9,5,68.6,68.3
22/04/2024 10:03,21.9,16.9,62.2,952,520,952,0,22,14.3,954,0,0,0,113,113,21.9,5,68.6,68.3
22/04/2024 10:04,21.9,16.9,62.2,952,521,952,0,22,14.3,954,0,0,0,113,113,21.9,5,68.6,68.3
22/04/2024 10:04,21.9,16.9,62.2,952,520,952,0,22,14.3,954,0,0,0,112,113,21.9,5,68.6,68.3
22/04/2024 10:05,21.9,16.9,62.1,952,520,952.1,0,22,14.3,953,0,0,0,112,113,21.9,5,68.6,68.3
22/04/2024 10:05,21.9,16.9,62.1,952,520,952.1,0,22,14.3,953,0,0,0,112,113,21.9,5,68.6,68.3
22/04/2024 10:06,21.9,17,62.2,952,520,952.1,0,22,14.3,953,0,0,0,113,113,21.9,4.9,68.6,68.3
22/04/2024 10:06,21.9,16.9,62.1,952,520,952,0,22,14.3,954,0,0,0,113,113,21.9,5,68.6,68.3
22/04/2024 10:07,21.9,16.9,62.1,952,520,952,0,22,14.3,954,0,0,0,112,113,21.9,5,68.6,68.3
22/04/2024 10:07,21.9,17,62.2,952,521,952,0,22,14.3,954,0,0,0,113,113,21.9,4.9,68.6,68.3
22/04/2024 10:08,21.9,17,62.2,952,520,952,0,22,14.3,954,0,0,0,113,114,21.9,4.9,68.6,68.3
22/04/2024 10:08,21.9,16.9,62.1,952,520,952.1,0,22,14.3,953,0,0,0,113,114,21.9,5,68.6,68.3
22/04/2024 10:09,21.9,16.9,62.1,952,520,952.1,0,22,14.3,953,0,0,0,113,114,21.9,5,68.6,68.3
22/04/2024 10:09,21.9,16.9,62.1,952,519,952.1,0,22,14.3,953,0,0,0,113,114,21.9,5,68.6,68.3
22/04/2024 10:10,21.9,16.9,62.1,952,519,952.1,0,22,14.3,953,0,0,0,113,113,21.9,5,68.6,68.3
22/04/2024 10:10,21.9,16.9,62.1,952,520,952.1,0,22,14.3,953,0,0,0,113,113,21.9,5,68.6,68.3
22/04/2024 10:11,21.9,16.9,62.1,952,520,952,0,22,14.3,954,0,0,0,112,113,21.9,5,68.6,68.3
22/04/2024 10:11,21.9,16.9,62.1,952,520,952.1,0,22,14.3,953,0,0,0,113,114,21.9,5,68.6,68.3
22/04/2024 10:12,21.9,16.9,62.1,952,520,952.1,0,22,14.3,953,0,0,0,112,113,21.9,5,68.6,68.3
22/04/2024 10:12,21.9,16.9,62.1,952,520,952,0,22,14.3,954,0,0,0,113,114,21.9,5,68.6,68.3
22/04/2024 10:13,21.9,16.9,62.1,952.2,519,952.2,0,22,14.3,952,0,0,0,113,113,21.9,5,68.6,68.3
22/04/2024 10:13,21.9,16.9,62.1,952.2,519,952.2,0,22,14.3,952,0,0,0,113,114,21.9,5,68.6,68.3
22/04/2024 10:14,21.9,16.9,62.1,952,519,952.1,0,22,14.3,953,0,0,0,113,113,21.9,5,68.6,68.3
22/04/2024 10:14,21.9,16.9,62.1,952.2,519,952.2,0,22,14.3,952,0,0,0,113,114,21.9,5,68.6,68.3
22/04/2024 10:15,21.9,17,62.2,952.2,519,952.2,0,22,14.3,952,0,0,0,113,113,21.9,4.9,68.6,68.3
22/04/2024 10:15,21.9,16.9,62.1,952.2,519,952.2,0,22,14.3,952,0,0,0,113,113,21.9,5,68.6,68.3
22/04/2024 10:16,21.9,16.9,62.1,952.2,518,952.3,0,22,14.3,951,0,0,0,113,114,21.9,5,68.6,68.3
22/04/2024 10:16,21.9,16.9,62.1,952.2,519,952.2,0,22,14.3,952,0,0,0,113,113,21.9,5,68.6,68.3
22/04/2024 10:17,21.9,16.9,62.1,952.2,519,952.3,0,22,14.3,951,0,0,0,112,113,21.9,5,68.6,68.3
22/04/2024 10:17,21.9,16.9,62.1,952.2,519,952.2,0,22,14.3,952,0,0,0,113,113,21.9,5,68.6,68.3
22/04/2024 10:18,21.9,16.9,62.1,952.2,519,952.2,0,22,14.3,952,0,0,0,113,113,21.9,5,68.6,68.3
22/04/2024 10:18,21.9,16.9,62.1,952.2,519,952.2,0,22,14.3,952,0,0,0,113,114,21.9,5,68.6,68.3
22/04/2024 10:19,21.9,16.9,62.1,952.2,519,952.2,0,22,14.3,952,0,0,0,113,113,21.9,5,68.6,68.3
22/04/2024 10:19,21.9,16.9,62.1,952.2,519,952.2,0,22,14.3,952,0,0,0,113,114,21.9,5,68.6,68.3
22/04/2024 10:20,21.9,16.9,62.1,952.2,519,952.2,0,22,14.3,952,0,0,0,113,114,21.9,5,68.6,68.3
22/04/2024 10:20,21.9,16.9,62.1,952.2,519,952.2,0,22,14.3,952,0,0,0,113,114,21.9,5,68.6,68.3
22/04/2024 10:21,21.9,16.9,62.1,952.2,519,952.2,0,22,14.3,952,0,0,0,113,113,21.9,5,68.6,68.3
22/04/2024 10:21,21.9,16.9,62.1,952.2,519,952.2,0,22,14.3,952,0,0,0,113,113,21.9,5,68.6,68.3
22/04/2024 10:22,21.9,16.9,62.1,952.2,519,952.3,0,22,14.3,951,0,0,0,113,113,21.9,5,68.6,68.3
22/04/2024 10:22,21.9,16.9,62.1,952.2,519,952.1,0,22,14.3,953,0,0,0,113,114,21.9,5,68.6,68.3
22/04/2024 10:23,21.9,16.9,62.1,952.2,519,952.3,0,22,14.3,951,0,0,0,113,114,21.9,5,68.6,68.3
22/04/2024 10:23,21.9,16.9,62.1,952.2,519,952.3,0,22,14.3,951,0,0,0,113,114,21.9,5,68.6,68.3
22/04/2024 10:24,21.9,16.9,62.1,952.4,518,952.4,0,22,14.3,950,0,0,0,113,114,21.9,5,68.6,68.3
22/04/2024 10:24,21.9,16.9,62.1,952.2,519,952.3,0,22,14.3,951,0,0,0,112,113,21.9,5,68.6,68.3
22/04/2024 10:25,21.9,16.9,62.1,952.2,519,952.2,0,22,14.3,952,0,0,0,113,113,21.9,5,68.6,68.3
22/04/2024 10:25,21.9,16.9,62.1,952.2,518,952.3,0,22,14.3,951,0,0,0,113,113,21.9,5,68.6,68.3
22/04/2024 10:26,21.9,16.9,62.1,952.2,519,952.2,0,22,14.3,952,0,0,0,113,113,21.9,5,68.6,68.3
22/04/2024 10:26,21.9,16.9,62.1,952.2,519,952.3,0,22,14.3,951,0,0,0,113,113,21.9,5,68.6,68.3
22/04/2024 10:27,21.9,16.9,62.1,952.2,519,952.2,0,22,14.3,952,0,0,0,112,113,21.9,5,68.6,68.3
22/04/2024 10:27,21.9,16.9,62.1,952.2,519,952.2,0,22,14.3,952,0,0,0,113,113,21.9,5,68.6,68.3
22/04/2024 10:28,21.9,16.9,62.1,952.2,519,952.3,0,22,14.3,951,0,0,0,113,113,21.9,5,68.6,68.3
22/04/2024 10:28,21.9,16.9,62.1,952.2,518,952.3,0,22,14.3,951,0,0,0,112,113,21.9,5,68.6,68.3
22/04/2024 10:29,21.9,16.9,62.1,952.2,518,952.3,0,22,14.3,951,0,0,0,113,113,21.9,5,68.6,68.3
22/04/2024 10:29,21.9,16.9,62.1,952.2,518,952.3,0,22,14.3,951,0,0,0,113,114,21.9,5,68.6,68.3
22/04/2024 10:30,21.9,17,62.2,952.2,518,952.3,0,22,14.3,951,0,0,0,113,113,21.9,4.9,68.6,68.3
22/04/2024 10:30,21.9,17,62.2,952.4,517,952.4,0,22,14.3,950,0,0,0,113,113,21.9,4.9,68.6,68.3
22/04/2024 10:31,21.9,17,62.2,952.4,518,952.4,0,22,14.3,950,0,0,0,112,113,21.9,4.9,68.6,68.3
22/04/2024 10:31,21.9,16.9,62.1,952.5,517,952.5,0,22,14.3,948,0,0,0,113,113,21.9,5,68.6,68.3
22/04/2024 10:32,21.9,16.9,62.1,952.4,517,952.4,0,22,14.3,950,0,0,0,113,113,21.9,5,68.6,68.3
22/04/2024 10:32,21.9,17,62.2,952.5,517,952.5,0,22,14.3,948,0,0,0,113,114,21.9,4.9,68.6,68.3
22/04/2024 10:33,21.9,17,62.2,952.5,517,952.5,0,22,14.3,948,0,0,0,112,113,21.9,4.9,68.6,68.3
22/04/2024 10:33,21.9,17,62.1,952.5,516,952.5,0,22,14.3,949,0,0,0,112,113,21.9,4.9,68.7,68.3
22/04/2024 10:34,21.9,17,62.2,952.5,516,952.5,0,22,14.3,948,0,0,0,113,114,21.9,4.9,68.6,68.3
22/04/2024 10:34,21.9,17,62.2,952.5,517,952.5,0,22,14.3,948,0,0,0,113,113,21.9,4.9,68.6,68.3
22/04/2024 10:35,21.9,17,62.2,952.5,515,952.6,0,22,14.3,948,0,0,0,113,113,21.9,4.9,68.6,68.3
22/04/2024 10:35,21.9,17,62.2,952.5,516,952.6,0,22,14.3,948,0,0,0,112,113,21.9,4.9,68.6,68.3
22/04/2024 10:36,21.9,17,62.2,952.5,516,952.6,0,22,14.3,948,0,0,0,112,113,21.9,4.9,68.6,68.3
22/04/2024 10:36,21.9,17,62.2,952.5,516,952.6,0,22,14.3,948,0,0,0,113,114,21.9,4.9,68.6,68.3
22/04/2024 10:37,21.9,17,62.1,952.7,515,952.7,0,22,14.3,947,0,0,0,113,113,21.9,4.9,68.7,68.3
22/04/2024 10:37,21.9,17,62.1,952.7,514,952.8,0,22,14.3,946,0,0,0,113,113,21.9,4.9,68.7,68.3
22/04/2024 10:38,21.9,17,62.1,952.7,514,952.7,0,22,14.3,947,0,0,0,113,113,21.9,4.9,68.7,68.3
22/04/2024 10:38,21.9,17,62.2,952.7,514,952.7,0,22,14.3,946,0,0,0,112,113,21.9,4.9,68.6,68.3
22/04/2024 10:39,21.9,17,62.2,952.9,514,952.9,0,22,14.3,945,0,0,0,113,114,21.9,4.9,68.7,68.3
22/04/2024 10:39,21.9,17,62.2,952.7,514,952.8,0,22,14.3,946,0,0,0,112,113,21.9,4.9,68.7,68.3
22/04/2024 10:40,21.9,17,62.1,952.9,513,952.9,0,22,14.3,945,0,0,0,113,114,21.9,4.9,68.7,68.3
22/04/2024 10:40,21.9,17,62.2,952.7,514,952.8,0,22,14.3,946,0,0,0,113,113,21.9,4.9,68.7,68.3
22/04/2024 10:41,21.9,17,62.2,952.9,514,952.9,0,22,14.3,945,0,0,0,113,114,21.9,4.9,68.7,68.3
22/04/2024 10:41,21.9,17,62.2,952.7,514,952.7,0,22,14.3,947,0,0,0,113,113,21.9,4.9,68.7,68.3
22/04/2024 10:42,21.9,17,62.2,952.7,514,952.8,0,22,14.3,946,0,0,0,113,114,21.9,4.9,68.7,68.3
22/04/2024 10:42,21.9,17,62.2,952.7,514,952.8,0,22,14.3,946,0,0,0,113,113,21.9,4.9,68.7,68.3
22/04/2024 10:43,21.9,17,62.2,952.7,514,952.8,0,22,14.3,946,0,0,0,113,113,21.9,4.9,68.7,68.3
22/04/2024 10:43,21.9,17,62.2,952.7,514,952.7,0,22,14.3,947,0,0,0,113,114,21.9,4.9,68.7,68.3
22/04/2024 10:44,21.9,17,62.2,952.7,514,952.8,0,22,14.4,946,0,0,0,113,113,21.9,4.9,68.7,68.3
22/04/2024 10:44,21.9,17,62.2,952.7,514,952.8,0,22,14.4,946,0,0,0,113,113,21.9,4.9,68.7,68.3
22/04/2024 10:45,21.9,17,62.2,952.7,514,952.7,0,22,14.4,947,0,0,0,113,114,21.9,4.9,68.7,68.3
22/04/2024 10:45,21.9,17,62.2,952.9,514,952.9,0,22,14.4,945,0,0,0,113,114,21.9,4.9,68.7,68.3
22/04/2024 10:46,21.9,17,62.2,952.7,514,952.8,0,22,14.4,946,0,0,0,113,113,21.9,4.9,68.7,68.3
22/04/2024 10:46,21.9,17,62.2,952.7,514,952.8,0,22,14.4,946,0,0,0,113,113,21.9,4.9,68.7,68.3
22/04/2024 10:47,21.9,17,62.2,952.7,514,952.8,0,22,14.4,946,0,0,0,113,113,21.9,4.9,68.7,68.3
22/04/2024 10:47,21.9,17,62.2,952.7,514,952.8,0,22,14.4,946,0,0,0,113,114,21.9,4.9,68.7,68.3
22/04/2024 10:48,21.9,17,62.2,952.7,514,952.8,0,22,14.4,946,0,0,0,113,113,21.9,4.9,68.7,68.3
22/04/2024 10:48,21.9,17,62.1,952.9,513,952.9,0,22,14.4,946,0,0,0,113,113,21.9,5,68.7,68.3
22/04/2024 10:49,21.9,17,62.2,952.9,513,952.9,0,22,14.4,945,0,0,0,112,113,21.9,4.9,68.7,68.3
22/04/2024 10:49,21.9,17,62.1,952.7,514,952.8,0,22,14.4,947,0,0,0,112,113,21.9,5,68.7,68.3
22/04/2024 10:50,21.9,17,62.1,952.7,514,952.8,0,22,14.4,947,0,0,0,113,113,21.9,5,68.7,68.3
22/04/2024 10:50,21.9,17,62.1,952.7,514,952.8,0,22,14.4,947,0,0,0,112,113,21.9,5,68.7,68.3
22/04/2024 10:51,21.9,17,62.1,952.9,514,952.9,0,22,14.4,946,0,0,0,113,113,21.9,5,68.7,68.3
22/04/2024 10:51,21.9,17,62.1,952.9,514,952.9,0,22,14.4,946,0,0,0,112,113,21.9,5,68.7,68.3
22/04/2024 10:52,21.9,17,62.1,952.9,513,952.9,0,22,14.4,946,0,0,0,113,113,21.9,5,68.7,68.3
22/04/2024 10:52,21.9,17,62.2,952.9,514,952.9,0,22,14.4,946,0,0,0,112,113,21.9,5,68.7,68.3
22/04/2024 10:53,21.9,17,62.2,953,513,953,0,22,14.4,945,0,0,0,112,113,21.9,5,68.7,68.3
22/04/2024 10:53,21.9,17,62.2,953,512,953,0,22,14.4,945,0,0,0,113,113,21.9,5,68.7,68.3
22/04/2024 10:54,21.9,17,62.2,953,512,953,0,22,14.4,945,0,0,0,112,113,21.9,5,68.7,68.3
22/04/2024 10:54,21.9,17,62.2,953,512,953,0,22,14.4,945,0,0,0,113,113,21.9,5,68.7,68.3
22/04/2024 10:55,21.9,17,62.2,953,512,953,0,22,14.4,945,0,0,0,113,113,21.9,5,68.7,68.3
22/04/2024 10:55,22,17,62.1,953,512,953.1,0,22,14.4,945,0,0,0,112,113,21.9,5,68.7,68.4
22/04/2024 10:56,22,17,62.1,953,512,953.1,0,22,14.4,945,0,0,0,113,113,21.9,5,68.7,68.4
22/04/2024 10:56,22,17,62.1,953,512,953,0,22,14.4,946,0,0,0,112,113,21.9,5,68.7,68.4
22/04/2024 10:57,22,17,62.1,953,512,953,0,22,14.4,946,0,0,0,114,114,21.9,5,68.7,68.4
22/04/2024 10:57,22,17,62.1,953,512,953.1,0,22,14.4,945,0,0,0,113,113,21.9,5,68.7,68.4
22/04/2024 10:58,22,17,62.1,953,512,953.1,0,22,14.4,945,0,0,0,113,114,21.9,5,68.7,68.4
22/04/2024 10:58,22,17,62.2,953,512,953,0,22,14.4,946,0,0,0,113,113,21.9,5,68.7,68.4
22/04/2024 10:59,22,17,62.2,953,512,953.1,0,22,14.4,945,0,0,0,113,114,21.9,5,68.7,68.4
22/04/2024 10:59,22,17,62.2,953,513,953,0,22,14.4,946,0,0,0,112,113,21.9,5,68.7,68.4
22/04/2024 11:00,22,17,62.1,953,513,953,0,22.1,14.4,947,0,0,0,113,114,22,5,68.8,68.4
22/04/2024 11:00,22,17,62.2,953,512,953,0,22,14.4,946,0,0,0,113,113,21.9,5,68.7,68.4
22/04/2024 11:01,22,17,62.1,952.9,513,952.9,0,22.1,14.4,948,0,0,0,112,113,22,5,68.8,68.4
22/04/2024 11:01,22,17,62.1,953,511,953.1,0,22.1,14.4,945,0,0,0,112,113,22,5,68.8,68.4
22/04/2024 11:02,22,17,62.1,953,512,953,0,22.1,14.4,947,0,0,0,113,114,22,5,68.8,68.4
22/04/2024 11:02,22,17,62.1,953,512,953.1,0,22.1,14.4,945,0,0,0,112,113,22,5,68.8,68.4
22/04/2024 11:03,22,17,62.1,953,512,953.1,0,22.1,14.4,945,0,0,0,113,113,22,5,68.8,68.4
22/04/2024 11:03,22,17,62.2,953,512,953,0,22.1,14.4,947,0,0,0,113,114,22,5,68.8,68.4
22/04/2024 11:04,22,17,62.2,953,512,953.1,0,22.1,14.4,945,0,0,0,113,113,22,5,68.8,68.4
22/04/2024 11:04,22,17,62.2,953,512,953,0,22.1,14.4,947,0,0,0,113,113,22,5,68.8,68.4
22/04/2024 11:05,22,17,62.2,953,512,953.1,0,22.1,14.4,945,0,0,0,113,114,22,5,68.8,68.4
22/04/2024 11:05,22,17,62.2,953,512,953,0,22.1,14.4,947,0,0,0,113,113,22,5,68.8,68.4
22/04/2024 11:06,22,17,62.1,953.2,511,953.2,0,22.1,14.4,945,0,0,0,112,112,22,5,68.8,68.4
22/04/2024 11:06,22,17.1,62.2,953,511,953.1,0,22.1,14.4,946,0,0,0,112,113,22,4.9,68.8,68.4
22/04/2024 11:07,22,17.1,62.2,953,512,953.1,0,22.1,14.4,946,0,0,0,113,113,22,4.9,68.8,68.4
22/04/2024 11:07,22,17.1,62.2,953.2,511,953.2,0,22.1,14.4,945,0,0,0,112,113,22,4.9,68.8,68.4
22/04/2024 11:08,22,17,62.1,953.2,510,953.2,0,22.1,14.4,945,0,0,0,113,114,22,5,68.8,68.4
22/04/2024 11:08,22,17.1,62.2,953.2,511,953.2,0,22.1,14.4,945,0,0,0,112,113,22,4.9,68.8,68.4
22/04/2024 11:09,22,17.1,62.2,953.2,511,953.2,0,22.1,14.4,945,0,0,0,113,113,22,4.9,68.8,68.4
22/04/2024 11:09,22,17.1,62.2,953.2,511,953.1,0,22.1,14.5,946,0,0,0,113,113,22,4.9,68.8,68.4
22/04/2024 11:10,22,17.1,62.1,953,511,953.1,0,22.1,14.4,947,0,0,0,113,114,22,4.9,68.8,68.5
22/04/2024 11:10,22,17.1,62.1,953.2,511,953.2,0,22.1,14.4,946,0,0,0,113,113,22,4.9,68.8,68.5
22/04/2024 11:11,22,17.1,62.1,953.2,511,953.2,0,22.1,14.4,946,0,0,0,113,113,22,4.9,68.8,68.5
22/04/2024 11:11,22,17.1,62.1,953.2,510,953.3,0,22.1,14.4,945,0,0,0,113,113,22,4.9,68.8,68.5
22/04/2024 11:12,22,17.1,62.1,953.2,511,953.2,0,22.1,14.4,946,0,0,0,113,114,22,4.9,68.8,68.5
22/04/2024 11:12,22,17.1,62.1,953.2,510,953.3,0,22.1,14.5,945,0,0,0,113,113,22,4.9,68.8,68.5
22/04/2024 11:13,22,17.1,62.1,953.2,510,953.2,0,22.1,14.5,946,0,0,0,113,113,22,4.9,68.8,68.5
22/04/2024 11:13,22,17.1,62.2,953.2,510,953.3,0,22.1,14.5,945,0,0,0,113,113,22,4.9,68.8,68.5
22/04/2024 11:14,22.1,17.1,62.1,953.2,511,953.1,0,22.1,14.5,948,0,0,0,113,113,22,5,68.9,68.5
22/04/2024 11:14,22.1,17.1,62.1,953.2,511,953.2,0,22.1,14.5,947,0,0,0,112,113,22,5,68.9,68.5
22/04/2024 11:15,22.1,17.1,62.1,953.2,511,953.2,0,22.1,14.5,947,0,0,0,112,113,22,5,68.9,68.5
22/04/2024 11:15,22.1,17.1,62.2,953.2,509,953.3,0,22.1,14.5,946,0,0,0,113,113,22,5,68.9,68.5
22/04/2024 11:16,22.1,17.1,62.2,953.2,510,953.3,0,22.1,14.5,946,0,0,0,113,113,22,5,68.9,68.5
22/04/2024 11:16,22.1,17.1,62.2,953.2,509,953.3,0,22.1,14.5,947,0,0,0,112,113,22,5,68.9,68.5
22/04/2024 11:17,22.1,17.1,62.2,953.4,509,953.4,0,22.1,14.5,946,0,0,0,113,113,22,5,68.9,68.5
22/04/2024 11:17,22.1,17.1,62.2,953.4,509,953.4,0,22.1,14.5,946,0,0,0,112,112,22,5,68.9,68.5
22/04/2024 11:18,22.1,17.1,62.2,953.4,508,953.4,0,22.1,14.5,946,0,0,0,113,113,22,5,68.9,68.5
22/04/2024 11:18,22.1,17.1,62.2,953.2,509,953.3,0,22.2,14.5,948,0,0,0,113,113,22.1,5,68.9,68.5
22/04/2024 11:19,22.1,17.1,62.2,953.5,508,953.5,0,22.2,14.5,945,0,0,0,113,114,22.1,5,68.9,68.5
22/04/2024 11:19,22.1,17.2,62.2,953.4,508,953.4,0,22.2,14.6,946,0,0,0,113,113,22.1,4.9,68.9,68.5
22/04/2024 11:20,22.1,17.2,62.2,953.4,509,953.4,0,22.2,14.6,946,0,0,0,113,114,22.1,4.9,68.9,68.5
22/04/2024 11:20,22.1,17.2,62.2,953.4,509,953.4,0,22.2,14.6,948,0,0,0,113,113,22.1,4.9,69,68.6
22/04/2024 11:21,22.1,17.2,62.2,953.5,508,953.5,0,22.2,14.6,947,0,0,0,113,113,22.1,4.9,69,68.6
22/04/2024 11:21,22.1,17.2,62.2,953.4,509,953.4,0,22.2,14.6,948,0,0,0,112,113,22.1,4.9,69,68.6
22/04/2024 11:22,22.1,17.2,62.2,953.4,508,953.4,0,22.2,14.6,948,0,0,0,113,114,22.1,4.9,69,68.6
22/04/2024 11:22,22.1,17.2,62.2,953.4,508,953.4,0,22.2,14.6,948,0,0,0,113,113,22.1,4.9,69,68.6
22/04/2024 11:23,22.2,17.2,62.2,953.4,508,953.4,0,22.2,14.6,948,0,0,0,113,114,22.1,5,69,68.6
22/04/2024 11:23,22.2,17.2,62.3,953.4,508,953.4,0,22.2,14.6,948,0,0,0,112,112,22.1,5,69,68.6
22/04/2024 11:24,22.2,17.2,62.3,953.5,507,953.6,0,22.2,14.6,946,0,0,0,112,113,22.1,5,69,68.6
22/04/2024 11:24,22.2,17.2,62.3,953.5,507,953.5,0,22.2,14.6,948,0,0,0,113,114,22.1,5,69,68.6
22/04/2024 11:25,22.2,17.2,62.3,953.5,508,953.5,0,22.2,14.6,948,0,0,0,112,113,22.1,5,69,68.6
22/04/2024 11:25,22.2,17.2,62.3,953.5,508,953.5,0,22.2,14.6,948,0,0,0,113,113,22.1,5,69,68.6
22/04/2024 11:26,22.2,17.2,62.3,953.5,507,953.6,0,22.2,14.6,947,0,0,0,113,113,22.1,5,69,68.7
22/04/2024 11:26,22.2,17.2,62.3,953.5,507,953.5,0,22.2,14.6,948,0,0,0,113,114,22.1,5,69,68.7
22/04/2024 11:27,22.2,17.2,62.3,953.5,507,953.6,0,22.3,14.7,948,0,0,0,113,113,22.2,5,69.1,68.7
22/04/2024 11:27,22.2,17.2,62.3,953.5,507,953.5,0,22.3,14.7,949,0,0,0,113,113,22.2,5,69.1,68.7
22/04/2024 11:28,22.2,17.2,62.3,953.5,508,953.5,0,22.3,14.7,949,0,0,0,113,113,22.2,5,69.1,68.7
22/04/2024 11:28,22.2,17.2,62.3,953.4,508,953.4,0,22.3,14.7,950,0,0,0,112,113,22.2,5,69.1,68.7
22/04/2024 11:29,22.2,17.2,62.2,953.5,508,953.5,0,22.3,14.7,950,0,0,0,113,113,22.2,5,69.1,68.7
22/04/2024 11:29,22.2,17.2,62.2,953.5,507,953.5,0,22.3,14.7,950,0,0,0,113,113,22.2,5,69.1,68.7
22/04/2024 11:30,22.2,17.2,62.2,953.5,507,953.6,0,22.3,14.7,949,0,0,0,112,113,22.2,5,69.1,68.7
22/04/2024 11:30,22.2,17.2,62.2,953.5,507,953.6,0,22.3,14.7,949,0,0,0,113,114,22.2,5,69.1,68.7
22/04/2024 11:31,22.2,17.2,62.3,953.5,508,953.5,0,22.3,14.7,950,0,0,0,113,114,22.2,5,69.1,68.7
22/04/2024 11:31,22.2,17.3,62.2,953.5,507,953.6,0,22.3,14.7,950,0,0,0,113,113,22.2,5,69.1,68.7
22/04/2024 11:32,22.2,17.3,62.2,953.5,507,953.5,0,22.3,14.7,951,0,0,0,113,113,22.2,5,69.1,68.7
22/04/2024 11:32,22.2,17.3,62.2,953.5,507,953.6,0,22.3,14.7,950,0,0,0,113,114,22.2,5,69.1,68.7
22/04/2024 11:33,22.2,17.3,62.2,953.5,507,953.5,0,22.3,14.7,951,0,0,0,113,114,22.2,5,69.1,68.7
22/04/2024 11:33,22.3,17.3,62.2,953.5,506,953.6,0,22.3,14.7,951,0,0,0,113,113,22.2,5,69.2,68.8
22/04/2024 11:34,22.2,17.3,62.3,953.5,507,953.5,0,22.3,14.7,951,0,0,0,113,114,22.2,5,69.1,68.7
22/04/2024 11:34,22.3,17.3,62.2,953.5,507,953.6,0,22.3,14.7,951,0,0,0,112,113,22.2,5,69.2,68.8
22/04/2024 11:35,22.3,17.3,62.2,953.7,506,953.6,0,22.3,14.7,951,0,0,0,113,113,22.2,5,69.2,68.8
22/04/2024 11:35,22.3,17.3,62.3,953.5,507,953.6,0,22.3,14.7,951,0,0,0,113,113,22.2,5,69.2,68.8
22/04/2024 11:36,22.3,17.3,62.3,953.5,506,953.6,0,22.3,14.7,951,0,0,0,113,113,22.2,5,69.2,68.8
22/04/2024 11:36,22.3,17.3,62.2,953.5,507,953.5,0,22.3,14.7,952,0,0,0,112,113,22.3,5,69.2,68.8
22/04/2024 11:37,22.3,17.3,62.2,953.5,507,953.6,0,22.3,14.7,952,0,0,0,113,113,22.3,5,69.2,68.8
22/04/2024 11:37,22.3,17.3,62.3,953.5,507,953.6,0,22.3,14.7,952,0,0,0,112,113,22.3,5,69.2,68.8
22/04/2024 11:38,22.3,17.3,62.3,953.5,507,953.6,0,22.3,14.7,952,0,0,0,113,113,22.3,5,69.2,68.8
22/04/2024 11:38,22.3,17.3,62.3,953.7,506,953.7,0,22.3,14.7,951,0,0,0,113,113,22.3,5,69.2,68.8
22/04/2024 11:39,22.3,17.3,62.2,953.7,506,953.6,0,22.4,14.7,952,0,0,0,113,113,22.3,5,69.2,68.8
22/04/2024 11:39,22.3,17.3,62.2,953.7,506,953.7,0,22.4,14.7,952,0,0,0,113,113,22.3,5,69.2,68.8
22/04/2024 11:40,22.3,17.3,62.2,953.7,506,953.6,0,22.4,14.7,952,0,0,0,113,114,22.3,5,69.2,68.8
22/04/2024 11:40,22.3,17.3,62.2,953.5,506,953.6,0,22.4,14.8,952,0,0,0,113,113,22.3,5,69.2,68.8
22/04/2024 11:41,22.3,17.3,62.2,953.7,506,953.7,0,22.4,14.8,952,0,0,0,113,114,22.3,5,69.2,68.8
22/04/2024 11:41,22.3,17.3,62.1,953.7,506,953.7,0,22.4,14.8,952,0,0,0,113,113,22.3,5,69.2,68.8
22/04/2024 11:42,22.3,17.3,62.2,953.5,506,953.6,0,22.4,14.8,953,0,0,0,113,113,22.3,5,69.3,68.9
22/04/2024 11:42,22.3,17.3,62.2,953.7,506,953.7,0,22.4,14.8,952,0,0,0,113,114,22.3,5,69.3,68.9
22/04/2024 11:43,22.3,17.3,62.2,953.7,506,953.6,0,22.4,14.8,953,0,0,0,112,113,22.3,5,69.3,68.9
22/04/2024 11:43,22.4,17.4,62.2,953.5,506,953.6,0,22.4,14.8,954,0,0,0,113,113,22.3,5,69.3,68.9
22/04/2024 11:44,22.3,17.3,62.2,953.5,506,953.6,0,22.4,14.8,953,0,0,0,112,113,22.3,5,69.3,68.9
22/04/2024 11:44,22.4,17.4,62.2,953.5,506,953.6,0,22.4,14.8,954,0,0,0,112,113,22.3,5,69.3,68.9
22/04/2024 11:45,22.4,17.4,62.2,953.5,507,953.5,0,22.4,14.8,955,0,0,0,113,113,22.3,5,69.3,68.9
22/04/2024 11:45,22.4,17.4,62.1,953.7,506,953.7,0,22.4,14.8,954,0,0,0,113,113,22.3,5,69.3,68.9
22/04/2024 11:46,22.4,17.4,62.1,953.5,506,953.6,0,22.4,14.8,956,0,0,0,113,114,22.3,5,69.3,68.9
22/04/2024 11:46,22.4,17.4,62.1,953.7,506,953.6,0,22.4,14.8,956,0,0,0,113,114,22.3,5,69.3,68.9
22/04/2024 11:47,22.4,17.4,62.1,953.5,506,953.6,0,22.4,14.8,956,0,0,0,113,113,22.3,5,69.3,68.9
22/04/2024 11:47,22.4,17.4,62.1,953.5,507,953.5,0,22.4,14.8,956,0,0,0,113,113,22.3,5,69.3,68.9
22/04/2024 11:48,22.4,17.4,62.1,953.5,507,953.6,0,22.4,14.8,956,0,0,0,113,114,22.3,5,69.3,68.9
22/04/2024 11:48,22.4,17.4,62.2,953.5,507,953.6,0,22.4,14.8,956,0,0,0,113,113,22.3,5,69.3,68.9
22/04/2024 11:49,22.4,17.4,62.1,953.5,508,953.5,0,22.5,14.8,957,0,0,0,113,113,22.4,5,69.3,68.9
22/04/2024 11:49,22.4,17.4,62.1,953.7,506,953.7,0,22.5,14.8,955,0,0,0,113,114,22.4,5,69.3,68.9
22/04/2024 11:50,22.4,17.4,62.1,953.5,507,953.6,0,22.5,14.8,956,0,0,0,113,113,22.4,5,69.3,68.9
22/04/2024 11:50,22.4,17.4,62.1,953.7,506,953.7,0,22.5,14.8,955,0,0,0,113,113,22.4,5,69.3,68.9
22/04/2024 11:51,22.4,17.4,62.2,953.7,506,953.7,0,22.5,14.8,955,0,0,0,113,113,22.4,5,69.3,68.9
22/04/2024 11:51,22.4,17.4,62.1,953.7,506,953.7,0,22.5,14.8,956,0,0,0,113,113,22.4,5,69.4,69
22/04/2024 11:52,22.4,17.4,62.2,953.7,506,953.7,0,22.5,14.8,956,0,0,0,113,113,22.4,5,69.4,69
22/04/2024 11:52,22.4,17.4,62.2,953.7,506,953.7,0,22.5,14.8,956,0,0,0,113,113,22.4,5,69.4,69
22/04/2024 11:53,22.4,17.4,62.2,953.5,507,953.6,0,22.5,14.8,956,0,0,0,113,113,22.4,5,69.4,69
22/04/2024 11:53,22.4,17.4,62.1,953.5,506,953.6,0,22.5,14.8,958,0,0,0,113,113,22.4,5,69.4,69
22/04/2024 11:54,22.4,17.5,62.1,953.5,506,953.6,0,22.5,14.8,958,0,0,0,113,113,22.4,5,69.4,69
22/04/2024 11:54,22.4,17.5,62.1,953.7,506,953.6,0,22.5,14.8,958,0,0,0,113,113,22.4,5,69.4,69
22/04/2024 11:55,22.4,17.5,62.1,953.5,507,953.6,0,22.5,14.8,958,0,0,0,113,114,22.4,5,69.4,69
22/04/2024 11:55,22.5,17.5,62.1,953.7,506,953.7,0,22.5,14.9,958,0,0,0,113,114,22.4,5,69.4,69
22/04/2024 11:56,22.5,17.5,62.1,953.7,506,953.6,0,22.5,14.9,958,0,0,0,113,113,22.4,5,69.4,69
22/04/2024 11:56,22.5,17.5,62.1,953.5,507,953.6,0,22.5,14.9,958,0,0,0,113,114,22.4,5,69.4,69
22/04/2024 11:57,22.5,17.5,62.1,953.5,507,953.6,0,22.5,14.9,958,0,0,0,113,113,22.4,5,69.4,69
22/04/2024 11:57,22.5,17.5,62.1,953.7,506,953.7,0,22.5,14.9,958,0,0,0,113,113,22.4,5,69.4,69
22/04/2024 11:58,22.5,17.5,62.1,953.7,506,953.7,0,22.6,14.9,958,0,0,0,113,113,22.5,5,69.5,69
22/04/2024 11:58,22.5,17.5,62.1,953.7,506,953.7,0,22.6,14.9,958,0,0,0,113,113,22.5,5,69.5,69
22/04/2024 11:59,22.5,17.5,62.1,953.7,506,953.7,0,22.6,14.9,958,0,0,0,113,113,22.5,5,69.5,69.1
22/04/2024 11:59,22.5,17.5,62.1,953.7,506,953.7,0,22.6,14.9,958,0,0,0,112,113,22.5,5,69.5,69.1
22/04/2024 12:00,22.5,17.5,62.1,953.7,506,953.7,0,22.6,14.9,958,0,0,0,113,113,22.5,5,69.5,69.1
22/04/2024 12:00,22.5,17.5,62.2,953.7,506,953.8,0,22.6,14.9,958,0,0,0,113,113,22.5,5,69.5,69.1
22/04/2024 12:01,22.5,17.5,62.1,953.7,506,953.8,0,22.6,14.9,958,0,0,0,112,113,22.5,5,69.5,69.1
22/04/2024 12:01,22.5,17.5,62.1,953.7,506,953.8,0,22.6,14.9,958,0,0,0,113,113,22.5,5,69.5,69.1
22/04/2024 12:02,22.5,17.5,62.1,953.7,506,953.7,0,22.6,14.9,960,0,0,0,112,113,22.5,5,69.5,69.1
22/04/2024 12:02,22.5,17.5,62.1,953.5,507,953.6,0,22.6,14.9,960,0,0,0,113,113,22.5,5,69.5,69.1
22/04/2024 12:03,22.5,17.5,62.2,953.7,506,953.6,0,22.6,14.9,960,0,0,0,113,113,22.5,5,69.5,69.1
22/04/2024 12:03,22.5,17.5,62.1,953.7,506,953.7,0,22.6,14.9,960,0,0,0,113,113,22.5,5,69.5,69.1
22/04/2024 12:04,22.5,17.5,62.1,953.7,506,953.7,0,22.6,14.9,960,0,0,0,113,113,22.5,5,69.5,69.1
22/04/2024 12:04,22.5,17.5,62.1,953.5,506,953.6,0,22.6,14.9,961,0,0,0,112,113,22.5,5,69.5,69.1
22/04/2024 12:05,22.6,17.5,62,953.7,506,953.7,0,22.6,14.9,961,0,0,0,113,113,22.5,5.1,69.6,69.1
22/04/2024 12:05,22.6,17.5,62,953.5,507,953.6,0,22.6,14.9,962,0,0,0,113,113,22.5,5.1,69.6,69.1
22/04/2024 12:06,22.6,17.5,62.1,953.5,507,953.6,0,22.6,14.9,962,0,0,0,113,114,22.5,5.1,69.6,69.1
22/04/2024 12:06,22.6,17.6,62.1,953.7,506,953.7,0,22.6,14.9,961,0,0,0,113,113,22.5,5,69.6,69.1
22/04/2024 12:07,22.6,17.6,62.2,953.7,506,953.7,0,22.6,15,961,0,0,0,112,113,22.5,5,69.6,69.1
22/04/2024 12:07,22.6,17.6,62.2,953.5,506,953.6,0,22.6,15,962,0,0,0,113,113,22.5,5,69.6,69.2
22/04/2024 12:08,22.6,17.6,62.1,953.5,507,953.6,0,22.6,15,962,0,0,0,113,113,22.5,5,69.6,69.2
22/04/2024 12:08,22.6,17.6,62.2,953.7,506,953.7,0,22.6,15,962,0,0,0,113,113,22.5,5,69.6,69.2
22/04/2024 12:09,22.6,17.6,62.2,953.5,507,953.6,0,22.6,15,962,0,0,0,113,113,22.5,5,69.6,69.2
22/04/2024 12:09,22.6,17.6,62.2,953.7,506,953.7,0,22.6,15,962,0,0,0,113,114,22.5,5,69.6,69.2
22/04/2024 12:10,22.6,17.6,62.1,953.7,506,953.7,0,22.7,15,962,0,0,0,112,113,22.6,5,69.6,69.2
22/04/2024 12:10,22.6,17.6,62.1,953.7,506,953.7,0,22.7,15,962,0,0,0,113,113,22.6,5,69.6,69.2
22/04/2024 12:11,22.6,17.6,62.1,953.7,506,953.8,0,22.7,15,962,0,0,0,113,113,22.6,5,69.6,69.2
22/04/2024 12:11,22.6,17.6,62.1,953.7,506,953.8,0,22.7,15,962,0,0,0,113,114,22.6,5,69.6,69.2
22/04/2024 12:12,22.6,17.6,62.1,953.7,506,953.7,0,22.7,15,962,0,0,0,113,113,22.6,5,69.6,69.2
22/04/2024 12:12,22.6,17.6,62.1,953.7,506,953.8,0,22.7,15,962,0,0,0,113,113,22.6,5,69.6,69.2
22/04/2024 12:13,22.6,17.6,62,953.7,506,953.8,0,22.7,15,962,0,0,0,112,113,22.6,5,69.7,69.2
22/04/2024 12:13,22.6,17.6,62,953.7,506,953.7,0,22.7,15,963,0,0,0,113,113,22.6,5,69.7,69.2
22/04/2024 12:14,22.6,17.6,62,953.7,506,953.8,0,22.7,15,962,0,0,0,113,114,22.6,5,69.7,69.2
22/04/2024 12:14,22.6,17.6,62,953.7,506,953.7,0,22.7,15,963,0,0,0,112,113,22.6,5,69.7,69.2
22/04/2024 12:15,22.6,17.6,62,953.7,506,953.8,0,22.7,15,962,0,0,0,113,114,22.6,5,69.7,69.2
22/04/2024 12:15,22.6,17.6,61.9,953.7,506,953.7,0,22.7,15,964,0,0,0,113,113,22.6,5,69.7,69.2
22/04/2024 12:16,22.6,17.6,61.9,953.7,506,953.7,0,22.7,15,964,0,0,0,113,113,22.6,5,69.7,69.2
22/04/2024 12:16,22.6,17.6,61.9,953.7,506,953.8,0,22.7,15,963,0,0,0,113,113,22.6,5,69.7,69.2
22/04/2024 12:17,22.6,17.6,61.9,953.7,506,953.7,0,22.7,15,964,0,0,0,113,113,22.6,5,69.7,69.2
22/04/2024 12:17,22.6,17.6,61.9,953.7,506,953.7,0,22.7,15,964,0,0,0,112,113,22.6,5,69.7,69.2
22/04/2024 12:18,22.6,17.6,61.9,953.7,506,953.8,0,22.7,15,963,0,0,0,113,113,22.6,5,69.7,69.2
22/04/2024 12:18,22.7,17.6,61.8,953.7,506,953.8,0,22.7,15,964,0,0,0,112,113,22.6,5.1,69.7,69.3
22/04/2024 12:19,22.7,17.6,61.8,953.7,506,953.8,0,22.7,15,964,0,0,0,114,114,22.6,5.1,69.7,69.3
22/04/2024 12:19,22.7,17.6,61.8,953.7,506,953.8,0,22.7,15,964,0,0,0,113,113,22.6,5.1,69.7,69.3
22/04/2024 12:20,22.7,17.6,61.9,953.7,506,953.7,0,22.7,15,965,0,0,0,113,114,22.6,5.1,69.7,69.3
22/04/2024 12:20,22.7,17.6,61.9,953.7,504,953.8,0,22.7,15,964,0,0,0,113,114,22.6,5.1,69.7,69.3
22/04/2024 12:21,22.7,17.6,61.8,953.9,504,953.9,0,22.8,15,964,0,0,0,113,113,22.7,5.1,69.7,69.3
22/04/2024 12:21,22.7,17.6,61.8,953.7,504,953.8,0,22.8,15,965,0,0,0,113,113,22.7,5.1,69.7,69.3
22/04/2024 12:22,22.7,17.6,61.8,953.7,504,953.8,0,22.8,15,965,0,0,0,112,113,22.7,5.1,69.7,69.3
22/04/2024 12:22,22.7,17.6,61.8,953.9,504,953.9,0,22.8,15,964,0,0,0,113,114,22.7,5.1,69.7,69.3
22/04/2024 12:23,22.7,17.6,61.8,953.7,506,953.8,0,22.8,15,965,0,0,0,113,113,22.7,5.1,69.7,69.3
22/04/2024 12:23,22.7,17.6,61.8,953.7,504,953.8,0,22.8,15,965,0,0,0,113,114,22.7,5.1,69.7,69.3
22/04/2024 12:24,22.7,17.6,61.8,953.7,504,953.9,0,22.8,15,965,0,0,0,113,113,22.7,5.1,69.8,69.3
22/04/2024 12:24,22.7,17.6,61.8,953.7,504,953.9,0,22.8,15,965,0,0,0,112,113,22.7,5.1,69.8,69.3
22/04/2024 12:25,22.7,17.6,61.8,953.9,504,953.9,0,22.8,15,965,0,0,0,113,113,22.7,5.1,69.8,69.3
22/04/2024 12:25,22.7,17.6,61.8,953.9,504,953.9,0,22.8,15,965,0,0,0,113,113,22.7,5.1,69.8,69.3
22/04/2024 12:26,22.7,17.6,61.8,953.9,504,953.9,0,22.8,15,965,0,0,0,113,113,22.7,5.1,69.8,69.3
22/04/2024 12:26,22.7,17.6,61.8,954,503,954,0,22.8,15,963,0,0,0,113,114,22.7,5.1,69.8,69.3
22/04/2024 12:27,22.7,17.6,61.8,954,504,954,0,22.8,15,965,0,0,0,112,113,22.7,5.1,69.8,69.3
22/04/2024 12:27,22.7,17.6,61.8,953.9,504,953.9,0,22.8,15,966,0,0,0,113,113,22.7,5.1,69.8,69.3
22/04/2024 12:28,22.7,17.6,61.8,954,504,954,0,22.8,15,965,0,0,0,113,113,22.7,5.1,69.8,69.3
22/04/2024 12:28,22.7,17.6,61.8,954,504,954,0,22.8,15,965,0,0,0,113,113,22.7,5.1,69.8,69.3
22/04/2024 12:29,22.7,17.6,61.8,954,503,954.1,0,22.8,15,963,0,0,0,113,113,22.7,5.1,69.8,69.3
22/04/2024 12:29,22.7,17.6,61.8,954,503,954,0,22.8,15,965,0,0,0,113,113,22.7,5.1,69.8,69.3
22/04/2024 12:30,22.7,17.6,61.8,954,503,954.1,0,22.8,15,963,0,0,0,113,113,22.7,5.1,69.8,69.3
22/04/2024 12:30,22.7,17.6,61.8,954,503,954.1,0,22.8,15,963,0,0,0,113,113,22.7,5.1,69.8,69.3
22/04/2024 12:31,22.8,17.7,61.8,954,503,954.1,0,22.8,15.1,964,0,0,0,112,112,22.7,5.1,69.8,69.4
22/04/2024 12:31,22.8,17.7,61.8,954.2,502,954.2,0,22.8,15.1,963,0,0,0,112,113,22.7,5.1,69.8,69.4
22/04/2024 12:32,22.8,17.7,61.8,954,503,954,0,22.8,15.1,966,0,0,0,112,113,22.7,5.1,69.8,69.4
22/04/2024 12:32,22.8,17.7,61.8,954,503,954.1,0,22.8,15.1,964,0,0,0,112,113,22.7,5.1,69.8,69.4
22/04/2024 12:33,22.8,17.7,61.8,954,502,954.1,0,22.8,15.1,964,0,0,0,113,113,22.7,5.1,69.8,69.4
22/04/2024 12:33,22.8,17.7,61.8,954,502,954.1,0,22.8,15.1,964,0,0,0,113,113,22.7,5.1,69.8,69.4
22/04/2024 12:34,22.8,17.7,61.8,954,502,954.1,0,22.8,15.1,965,0,0,0,112,113,22.7,5.1,69.8,69.4
22/04/2024 12:34,22.8,17.7,61.8,954,503,954.1,0,22.8,15.1,965,0,0,0,113,113,22.7,5.1,69.8,69.4
22/04/2024 12:35,22.8,17.7,61.8,954,503,954,0,22.8,15.1,966,0,0,0,112,113,22.7,5.1,69.8,69.4
22/04/2024 12:35,22.8,17.7,61.7,954,502,954.1,0,22.8,15.1,965,0,0,0,113,113,22.7,5.1,69.8,69.4
22/04/2024 12:36,22.8,17.7,61.8,954.2,502,954.1,0,22.8,15.1,965,0,0,0,112,113,22.7,5.1,69.8,69.4
22/04/2024 12:36,22.8,17.7,61.7,954,503,954,0,22.9,15.1,967,0,0,0,112,113,22.8,5.1,69.9,69.4
22/04/2024 12:37,22.8,17.7,61.7,954,503,954,0,22.9,15.1,967,0,0,0,112,112,22.8,5.1,69.9,69.4
22/04/2024 12:37,22.8,17.7,61.7,954,503,954.1,0,22.9,15.1,966,0,0,0,112,113,22.8,5.1,69.9,69.4
22/04/2024 12:38,22.8,17.7,61.7,954,502,954.1,0,22.9,15.1,966,0,0,0,113,113,22.8,5.1,69.9,69.4
22/04/2024 12:38,22.8,17.7,61.7,954,503,954.1,0,22.9,15.1,966,0,0,0,113,113,22.8,5.1,69.9,69.4
22/04/2024 12:39,22.8,17.7,61.7,954.2,501,954.2,0,22.9,15.1,965,0,0,0,112,113,22.8,5.1,69.9,69.4
22/04/2024 12:39,22.8,17.7,61.8,954,502,954.1,0,22.9,15.1,966,0,0,0,112,113,22.8,5.1,69.9,69.4
22/04/2024 12:40,22.8,17.7,61.7,954.2,502,954.2,0,22.9,15.1,966,0,0,0,112,113,22.8,5.1,69.9,69.5
22/04/2024 12:40,22.8,17.7,61.7,954.2,502,954.2,0,22.9,15.1,966,0,0,0,112,113,22.8,5.1,69.9,69.5
22/04/2024 12:41,22.8,17.7,61.7,954,502,954.1,0,22.9,15.1,966,0,0,0,112,113,22.8,5.1,69.9,69.5
22/04/2024 12:41,22.8,17.7,61.7,954,503,954.1,0,22.9,15.1,966,0,0,0,112,113,22.8,5.1,69.9,69.5
22/04/2024 12:42,22.8,17.7,61.7,954,503,954,0,22.9,15.1,968,0,0,0,112,113,22.8,5.1,69.9,69.5
22/04/2024 12:42,22.8,17.7,61.7,954,503,954.1,0,22.9,15.1,966,0,0,0,112,113,22.8,5.1,69.9,69.5
22/04/2024 12:43,22.9,17.7,61.6,954,502,954.1,0,22.9,15.1,968,0,0,0,112,113,22.8,5.1,69.9,69.5
22/04/2024 12:43,22.9,17.7,61.7,954.2,501,954.2,0,22.9,15.1,966,0,0,0,112,113,22.8,5.1,69.9,69.5
22/04/2024 12:44,22.9,17.7,61.7,954.2,501,954.2,0,22.9,15.1,966,0,0,0,112,112,22.8,5.1,69.9,69.5
22/04/2024 12:44,22.9,17.7,61.7,954,502,954.1,0,22.9,15.1,968,0,0,0,113,113,22.8,5.1,69.9,69.5
22/04/2024 12:45,22.9,17.7,61.7,954,503,954.1,0,22.9,15.1,968,0,0,0,112,112,22.8,5.1,69.9,69.5
22/04/2024 12:45,22.9,17.7,61.6,954,502,954.1,0,22.9,15.1,969,0,0,0,112,113,22.8,5.2,70,69.5
22/04/2024 12:46,22.9,17.7,61.6,954,503,954,0,22.9,15.1,970,0,0,0,112,113,22.8,5.2,70,69.5
22/04/2024 12:46,22.9,17.7,61.6,954.2,502,954.2,0,22.9,15.1,968,0,0,0,112,113,22.8,5.2,70,69.5
22/04/2024 12:47,22.9,17.7,61.6,954.2,502,954.2,0,22.9,15.1,968,0,0,0,112,113,22.8,5.2,70,69.5
22/04/2024 12:47,22.9,17.7,61.6,954,502,954.1,0,22.9,15.1,969,0,0,0,112,112,22.8,5.2,70,69.5
22/04/2024 12:48,22.9,17.7,61.6,954.2,501,954.2,0,22.9,15.1,968,0,0,0,112,113,22.8,5.2,70,69.5
22/04/2024 12:48,22.9,17.7,61.6,954.2,501,954.2,0,22.9,15.1,968,0,0,0,112,112,22.8,5.2,70,69.5
22/04/2024 12:49,22.9,17.7,61.6,954.2,502,954.2,0,22.9,15.1,968,0,0,0,112,113,22.8,5.2,70,69.5
22/04/2024 12:49,22.9,17.7,61.6,954.2,501,954.2,0,22.9,15.1,968,0,0,0,112,112,22.8,5.2,70,69.5
22/04/2024 12:50,22.9,17.7,61.7,954.2,501,954.2,0,22.9,15.1,968,0,0,0,112,113,22.8,5.2,70,69.5
22/04/2024 12:50,22.9,17.8,61.7,954.2,502,954.2,0,22.9,15.2,968,0,0,0,112,113,22.8,5.1,70,69.5
22/04/2024 12:51,22.9,17.8,61.7,954.2,501,954.2,0,22.9,15.2,968,0,0,0,112,113,22.8,5.1,70,69.5
22/04/2024 12:51,22.9,17.8,61.6,954.2,502,954.1,0,23,15.2,970,0,0,0,112,113,22.9,5.1,70,69.6
22/04/2024 12:52,22.9,17.8,61.6,954.2,502,954.1,0,23,15.2,970,0,0,0,112,112,22.9,5.1,70,69.6
22/04/2024 12:52,22.9,17.7,61.5,954,502,954.1,0,23,15.1,970,0,0,0,112,113,22.9,5.2,70,69.6
22/04/2024 12:53,22.9,17.8,61.6,954,503,954,0,23,15.2,972,0,0,0,112,113,22.9,5.1,70,69.6
22/04/2024 12:53,22.9,17.8,61.6,954,503,954.1,0,23,15.2,970,0,0,0,111,112,22.9,5.1,70,69.6
22/04/2024 12:54,22.9,17.8,61.5,954,503,954,0,23,15.1,972,0,0,0,113,113,22.9,5.1,70,69.6
22/04/2024 12:54,22.9,17.8,61.5,954,503,954.1,0,23,15.2,971,0,0,0,111,112,22.9,5.1,70,69.6
22/04/2024 12:55,22.9,17.8,61.6,954,503,954,0,23,15.2,972,0,0,0,112,113,22.9,5.1,70,69.6
22/04/2024 12:55,22.9,17.8,61.6,954,503,954,0,23,15.2,972,0,0,0,112,113,22.9,5.1,70,69.6
22/04/2024 12:56,22.9,17.8,61.6,954,503,954,0,23,15.2,972,0,0,0,113,113,22.9,5.1,70,69.6
22/04/2024 12:56,23,17.8,61.6,954,503,954,0,23,15.2,973,0,0,0,112,112,22.9,5.2,70.1,69.6
22/04/2024 12:57,23,17.8,61.6,954,503,954,0,23,15.2,973,0,0,0,112,112,22.9,5.2,70.1,69.6
22/04/2024 12:57,23,17.8,61.6,954,504,954,0,23,15.2,973,0,0,0,112,113,22.9,5.2,70.1,69.6
22/04/2024 12:58,23,17.8,61.6,954,503,954,0,23,15.2,973,0,0,0,112,113,22.9,5.2,70.1,69.6
22/04/2024 12:58,23,17.8,61.6,954,503,954.1,0,23,15.2,972,0,0,0,112,113,22.9,5.2,70.1,69.6
22/04/2024 12:59,23,17.8,61.7,954,502,954.1,0,23,15.2,972,0,0,0,112,112,22.9,5.2,70.1,69.6
22/04/2024 12:59,23,17.8,61.6,954.2,502,954.2,0,23,15.2,972,0,0,0,112,112,22.9,5.2,70.1,69.7
22/04/2024 13:00,23,17.8,61.6,954,503,954.1,0,23,15.2,973,0,0,0,112,112,22.9,5.2,70.1,69.7
22/04/2024 13:00,23,17.8,61.6,954,502,954.1,0,23,15.2,973,0,0,0,112,113,22.9,5.2,70.1,69.7
22/04/2024 13:01,23,17.8,61.7,954,502,954.1,0,23,15.2,973,0,0,0,112,112,22.9,5.2,70.1,69.7
22/04/2024 13:01,23,17.8,61.7,954.2,502,954.2,0,23,15.2,972,0,0,0,112,113,22.9,5.2,70.1,69.7
22/04/2024 13:02,23,17.8,61.6,954,502,954.1,0,23.1,15.2,974,0,0,0,112,113,23,5.2,70.2,69.7
22/04/2024 13:02,23,17.8,61.7,954,502,954.1,0,23,15.2,973,0,0,0,111,112,22.9,5.2,70.1,69.7
22/04/2024 13:03,23,17.8,61.6,954,503,954,0,23.1,15.2,975,0,0,0,112,112,23,5.2,70.2,69.7
22/04/2024 13:03,23,17.8,61.6,954.2,501,954.3,0,23.1,15.2,972,0,0,0,112,112,23,5.2,70.2,69.7
22/04/2024 13:04,23,17.8,61.6,954,503,954.1,0,23.1,15.2,974,0,0,0,112,112,23,5.2,70.2,69.7
22/04/2024 13:04,23,17.8,61.6,954.2,501,954.2,0,23.1,15.2,973,0,0,0,112,112,23,5.2,70.2,69.7
22/04/2024 13:05,23,17.9,61.6,954.2,502,954.2,0,23.1,15.2,973,0,0,0,112,112,23,5.1,70.2,69.7
22/04/2024 13:05,23,17.9,61.6,954.2,501,954.2,0,23.1,15.2,973,0,0,0,112,112,23,5.1,70.2,69.7
22/04/2024 13:06,23,17.9,61.6,954.2,501,954.3,0,23.1,15.3,972,0,0,0,112,113,23,5.1,70.2,69.7
22/04/2024 13:06,23,17.9,61.6,954.2,501,954.2,0,23.1,15.3,974,0,0,0,112,113,23,5.1,70.2,69.7
22/04/2024 13:07,23,17.9,61.7,954.2,501,954.2,0,23.1,15.3,974,0,0,0,112,112,23,5.1,70.2,69.7
22/04/2024 13:07,23,17.9,61.7,954.2,501,954.2,0,23.1,15.3,974,0,0,0,112,113,23,5.1,70.2,69.7
22/04/2024 13:08,23,17.9,61.7,954,502,954.1,0,23.1,15.3,974,0,0,0,112,113,23,5.1,70.2,69.7
22/04/2024 13:08,23,17.9,61.6,954.2,501,954.2,0,23.1,15.3,974,0,0,0,112,112,23,5.1,70.2,69.7
22/04/2024 13:09,23,17.9,61.6,954.2,502,954.2,0,23.1,15.3,974,0,0,0,112,113,23,5.1,70.2,69.7
22/04/2024 13:09,23,17.9,61.6,954.2,501,954.2,0,23.1,15.3,974,0,0,0,112,113,23,5.1,70.2,69.7
22/04/2024 13:10,23,17.9,61.6,954,502,954.1,0,23.1,15.3,975,0,0,0,113,113,23,5.1,70.2,69.7
22/04/2024 13:10,23,17.9,61.6,954.2,502,954.2,0,23.1,15.3,974,0,0,0,112,113,23,5.1,70.2,69.7
22/04/2024 13:11,23,17.9,61.6,954.2,502,954.2,0,23.1,15.3,974,0,0,0,111,112,23,5.1,70.2,69.7
22/04/2024 13:11,23,17.9,61.7,954.2,501,954.2,0,23.1,15.3,974,0,0,0,112,113,23,5.1,70.2,69.7
22/04/2024 13:12,23.1,17.9,61.5,954.2,502,954.2,0,23.1,15.3,975,0,0,0,112,113,23,5.2,70.2,69.8
22/04/2024 13:12,23.1,17.9,61.5,954,502,954.1,0,23.1,15.3,976,0,0,0,112,112,23,5.2,70.2,69.8
22/04/2024 13:13,23.1,17.9,61.5,954,502,954.1,0,23.1,15.3,976,0,0,0,112,113,23,5.2,70.2,69.8
22/04/2024 13:13,23.1,17.9,61.5,954.2,501,954.2,0,23.1,15.3,975,0,0,0,113,113,23,5.2,70.2,69.8
22/04/2024 13:14,23.1,17.9,61.5,954,503,954.1,0,23.1,15.3,976,0,0,0,112,113,23,5.2,70.2,69.8
22/04/2024 13:14,23.1,17.9,61.6,954.2,502,954.2,0,23.1,15.3,975,0,0,0,113,113,23,5.2,70.2,69.8
22/04/2024 13:15,23.1,17.9,61.5,954.2,502,954.2,0,23.1,15.3,975,0,0,0,112,113,23,5.2,70.2,69.8
22/04/2024 13:15,23.1,17.9,61.5,954.2,502,954.2,0,23.1,15.3,975,0,0,0,113,113,23,5.2,70.2,69.8
22/04/2024 13:16,23.1,17.9,61.5,954.2,502,954.2,0,23.1,15.3,975,0,0,0,112,113,23,5.2,70.2,69.8
22/04/2024 13:16,23.1,17.9,61.6,954.2,502,954.2,0,23.1,15.3,975,0,0,0,113,113,23,5.2,70.2,69.8
22/04/2024 13:17,23.1,17.9,61.5,954.2,502,954.2,0,23.1,15.3,975,0,0,0,112,113,23,5.2,70.2,69.8
22/04/2024 13:17,23.1,17.9,61.5,954.2,502,954.1,0,23.1,15.3,976,0,0,0,112,113,23,5.2,70.2,69.8
22/04/2024 13:18,23.1,17.9,61.5,954,502,954.1,0,23.1,15.3,976,0,0,0,113,113,23,5.2,70.2,69.8
22/04/2024 13:18,23.1,17.9,61.4,954.2,502,954.2,0,23,15.3,975,0,0,0,113,114,23,5.2,70.3,69.8
22/04/2024 13:19,23.1,17.9,61.5,954,502,954.1,0,23,15.3,975,0,0,0,113,113,23,5.2,70.2,69.8
22/04/2024 13:19,23.1,17.9,61.4,954,503,954.1,0,23,15.2,975,0,0,0,112,112,23,5.2,70.2,69.8
22/04/2024 13:20,23.1,17.9,61.5,954,502,954.1,0,23,15.3,975,0,0,0,113,113,23,5.2,70.2,69.8
22/04/2024 13:20,23.1,17.9,61.5,954,503,954,0,23,15.3,976,0,0,0,112,112,23,5.2,70.2,69.8
22/04/2024 13:21,23.1,17.9,61.4,954.2,502,954.2,0,23,15.2,974,0,0,0,113,113,23,5.2,70.2,69.8
22/04/2024 13:21,23.1,17.9,61.4,954,502,954.1,0,23,15.2,975,0,0,0,113,113,23,5.2,70.2,69.8
22/04/2024 13:22,23.1,17.9,61.4,954,502,954.1,0,23,15.2,975,0,0,0,113,113,23,5.2,70.2,69.8
22/04/2024 13:22,23.1,17.9,61.3,954.2,502,954.2,0,23,15.2,975,0,0,0,113,114,23,5.2,70.2,69.8
22/04/2024 13:23,23.1,17.9,61.4,954.2,502,954.1,0,23,15.2,975,0,0,0,113,113,23,5.2,70.2,69.8
22/04/2024 13:23,23.1,17.9,61.4,954,502,954.1,0,23,15.2,975,0,0,0,113,113,23,5.2,70.2,69.8
22/04/2024 13:24,23.1,17.9,61.4,954,503,954.1,0,23,15.2,975,0,0,0,113,113,23,5.2,70.2,69.8
22/04/2024 13:24,23.1,17.9,61.4,954.2,502,954.1,0,23,15.2,974,0,0,0,113,113,23,5.2,70.2,69.8
22/04/2024 13:25,23.1,17.9,61.4,954,502,954.1,0,23,15.2,975,0,0,0,112,113,23,5.2,70.2,69.8
22/04/2024 13:25,23.1,17.9,61.3,954,502,954.1,0,23,15.2,975,0,0,0,113,113,23,5.2,70.2,69.7
22/04/2024 13:26,23.1,17.9,61.3,954.2,502,954.1,0,23,15.2,975,0,0,0,113,114,23,5.2,70.2,69.7
22/04/2024 13:26,23.1,17.9,61.3,954.2,502,954.2,0,23,15.2,974,0,0,0,112,113,23,5.2,70.2,69.7
22/04/2024 13:27,23.1,17.9,61.3,954.2,502,954.1,0,23,15.2,974,0,0,0,112,113,23,5.2,70.2,69.7
22/04/2024 13:27,23.1,17.9,61.3,954,502,954.1,0,23,15.2,975,0,0,0,112,113,23,5.2,70.2,69.7
22/04/2024 13:28,23.1,17.9,61.3,954.2,501,954.2,0,23,15.2,974,0,0,0,112,113,23,5.2,70.2,69.7
22/04/2024 13:28,23.1,17.9,61.3,954,502,954.1,0,23,15.2,975,0,0,0,112,113,23,5.2,70.2,69.7
22/04/2024 13:29,23.1,17.9,61.3,954.2,502,954.2,0,23,15.2,974,0,0,0,112,113,23,5.2,70.2,69.7
22/04/2024 13:29,23.1,17.9,61.3,954.2,502,954.2,0,23,15.2,974,0,0,0,112,113,23,5.2,70.2,69.7
22/04/2024 13:30,23.1,17.9,61.3,954.2,502,954.2,0,23,15.2,974,0,0,0,113,113,23,5.2,70.2,69.7
22/04/2024 13:30,23.1,17.9,61.3,954.2,502,954.2,0,23,15.2,974,0,0,0,112,113,23,5.2,70.2,69.7
22/04/2024 13:31,23.1,17.9,61.2,954,502,954.1,0,23,15.2,975,0,0,0,111,112,23,5.2,70.2,69.7
22/04/2024 13:31,23.1,17.9,61.2,954.2,502,954.2,0,23,15.2,974,0,0,0,112,112,23,5.2,70.2,69.7
22/04/2024 13:32,23.1,17.9,61.3,954,502,954.1,0,23,15.2,975,0,0,0,113,114,23,5.2,70.2,69.7
22/04/2024 13:32,23.1,17.9,61.3,954,502,954.1,0,23,15.2,975,0,0,0,113,113,23,5.2,70.2,69.7
22/04/2024 13:33,23.1,17.9,61.3,954,503,954,0,23,15.2,976,0,0,0,112,113,23,5.2,70.2,69.7
22/04/2024 13:33,23.1,17.9,61.3,954,503,954.1,0,23,15.2,975,0,0,0,112,113,23,5.2,70.2,69.7
22/04/2024 13:34,23.1,17.9,61.3,954,503,954,0,23,15.2,976,0,0,0,113,113,23,5.2,70.2,69.7
22/04/2024 13:34,23.1,17.9,61.4,954,503,954.1,0,23,15.2,975,0,0,0,113,113,23,5.2,70.2,69.8
22/04/2024 13:35,23.1,17.9,61.4,954,504,954,0,23,15.2,976,0,0,0,113,113,23,5.2,70.2,69.8
22/04/2024 13:35,23.1,17.9,61.3,954,503,954.1,0,23,15.2,976,0,0,0,112,113,23,5.2,70.2,69.8
22/04/2024 13:36,23.1,17.9,61.4,954,504,954,0,23,15.2,976,0,0,0,113,113,23,5.2,70.2,69.8
22/04/2024 13:36,23.1,17.9,61.3,953.9,504,953.9,0,23,15.2,978,0,0,0,113,113,23,5.2,70.2,69.8
22/04/2024 13:37,23.1,17.9,61.4,954,504,954,0,23,15.2,976,0,0,0,112,113,23,5.2,70.2,69.8
22/04/2024 13:37,23.1,17.9,61.3,953.9,504,953.9,0,23,15.2,978,0,0,0,113,113,23,5.2,70.2,69.8
22/04/2024 13:38,23.1,17.9,61.3,954,504,954,0,23,15.2,977,0,0,0,113,113,23,5.2,70.2,69.8
22/04/2024 13:38,23.1,17.9,61.3,953.9,504,953.9,0,23,15.2,978,0,0,0,112,112,23,5.2,70.2,69.8
22/04/2024 13:39,23.1,17.9,61.3,954,503,954,0,23,15.2,977,0,0,0,113,113,23,5.2,70.2,69.8
22/04/2024 13:39,23.1,17.9,61.3,954,504,954,0,23,15.2,977,0,0,0,112,112,23,5.2,70.2,69.8
22/04/2024 13:40,23.1,17.9,61.3,954,504,954,0,23,15.2,977,0,0,0,113,114,23,5.2,70.2,69.8
22/04/2024 13:40,23.1,17.9,61.3,953.9,504,953.9,0,23,15.2,978,0,0,0,112,113,23,5.2,70.2,69.8
22/04/2024 13:41,23.1,17.9,61.3,953.9,504,953.9,0,23,15.2,978,0,0,0,112,113,23,5.2,70.2,69.8
22/04/2024 13:41,23.1,17.9,61.3,953.9,504,953.9,0,23,15.2,978,0,0,0,112,113,23,5.2,70.2,69.8
22/04/2024 13:42,23.1,17.9,61.3,954,504,954,0,23,15.2,977,0,0,0,113,113,23,5.2,70.2,69.8
22/04/2024 13:42,23.1,17.9,61.3,953.7,504,953.8,0,23,15.2,980,0,0,0,112,113,23,5.2,70.2,69.8
22/04/2024 13:43,23.1,17.9,61.3,953.9,504,953.9,0,23,15.2,978,0,0,0,113,113,23,5.2,70.2,69.8
22/04/2024 13:43,23.1,17.9,61.3,953.9,504,953.9,0,23,15.2,978,0,0,0,113,113,23,5.2,70.2,69.8
22/04/2024 13:44,23.1,17.9,61.3,953.7,506,953.8,0,23.1,15.2,980,0,0,0,112,113,23.1,5.2,70.3,69.8
22/04/2024 13:44,23.1,17.9,61.3,953.9,504,953.9,0,23.1,15.2,979,0,0,0,113,113,23.1,5.2,70.3,69.8
22/04/2024 13:45,23.1,17.9,61.3,953.9,504,953.9,0,23.1,15.2,979,0,0,0,113,114,23.1,5.2,70.3,69.8
22/04/2024 13:45,23.1,17.9,61.3,954,504,954,0,23.1,15.2,977,0,0,0,113,113,23.1,5.2,70.3,69.8
22/04/2024 13:46,23.1,17.9,61.3,953.9,504,953.9,0,23.1,15.2,979,0,0,0,112,113,23.1,5.2,70.3,69.8
22/04/2024 13:46,23.1,17.9,61.3,953.9,504,953.9,0,23.1,15.2,979,0,0,0,112,113,23.1,5.2,70.3,69.8
22/04/2024 13:47,23.1,17.9,61.3,953.9,504,953.9,0,23.1,15.2,979,0,0,0,112,113,23.1,5.2,70.3,69.8
22/04/2024 13:47,23.1,17.9,61.3,954,504,954,0,23.1,15.2,977,0,0,0,113,113,23.1,5.2,70.3,69.8
22/04/2024 13:48,23.1,17.9,61.3,953.7,504,953.8,0,23.1,15.2,980,0,0,0,112,113,23.1,5.2,70.3,69.8
22/04/2024 13:48,23.1,17.9,61.4,953.9,504,953.9,0,23.1,15.3,979,0,0,0,113,113,23.1,5.2,70.3,69.8
22/04/2024 13:49,23.1,17.9,61.3,954,504,954,0,23.1,15.3,979,0,0,0,113,114,23.1,5.2,70.3,69.8
22/04/2024 13:49,23.1,17.9,61.3,953.7,504,953.8,0,23.1,15.3,980,0,0,0,113,113,23.1,5.2,70.3,69.8
22/04/2024 13:50,23.1,17.9,61.3,953.7,506,953.8,0,23.1,15.3,980,0,0,0,113,113,23.1,5.2,70.3,69.8
22/04/2024 13:50,23.1,17.9,61.3,953.9,504,953.9,0,23.1,15.3,980,0,0,0,113,113,23.1,5.2,70.3,69.8
22/04/2024 13:51,23.1,17.9,61.3,953.9,504,953.9,0,23.1,15.3,980,0,0,0,113,114,23.1,5.2,70.3,69.8
22/04/2024 13:51,23.1,17.9,61.3,953.9,504,953.9,0,23.1,15.3,980,0,0,0,113,113,23.1,5.2,70.3,69.8
22/04/2024 13:52,23.1,17.9,61.3,953.9,504,953.9,0,23.1,15.3,980,0,0,0,113,113,23.1,5.2,70.3,69.8
22/04/2024 13:52,23.1,18,61.2,953.7,506,953.8,0,23.1,15.3,982,0,0,0,113,113,23.1,5.2,70.3,69.8
22/04/2024 13:53,23.1,18,61.3,953.9,504,953.9,0,23.1,15.3,980,0,0,0,111,112,23.1,5.2,70.3,69.9
22/04/2024 13:53,23.1,18,61.3,953.7,504,953.8,0,23.1,15.3,982,0,0,0,112,113,23.1,5.2,70.3,69.9
22/04/2024 13:54,23.1,18,61.3,953.9,504,953.9,0,23.1,15.3,980,0,0,0,113,113,23.1,5.2,70.3,69.9
22/04/2024 13:54,23.1,18,61.3,953.7,506,953.8,0,23.1,15.3,982,0,0,0,112,112,23.1,5.2,70.3,69.9
22/04/2024 13:55,23.1,18,61.3,953.7,506,953.7,0,23.1,15.3,983,0,0,0,112,113,23.1,5.2,70.3,69.9
22/04/2024 13:55,23.1,18,61.3,953.7,504,953.8,0,23.1,15.3,982,0,0,0,113,113,23.1,5.2,70.3,69.9
22/04/2024 13:56,23.2,18,61.3,953.7,506,953.8,0,23.1,15.3,982,0,0,0,113,113,23.1,5.2,70.4,69.9
22/04/2024 13:56,23.2,18,61.3,953.7,506,953.8,0,23.1,15.3,982,0,0,0,113,113,23.1,5.2,70.4,69.9
22/04/2024 13:57,23.2,18,61.3,953.7,506,953.8,0,23.1,15.3,982,0,0,0,112,112,23.1,5.2,70.4,69.9
22/04/2024 13:57,23.2,18,61.3,953.7,506,953.8,0,23.1,15.3,982,0,0,0,113,114,23.1,5.2,70.4,69.9
22/04/2024 13:58,23.2,18,61.3,953.7,504,953.8,0,23.1,15.3,982,0,0,0,112,113,23.1,5.2,70.4,69.9
22/04/2024 13:58,23.2,18,61.3,953.9,504,953.9,0,23.1,15.3,981,0,0,0,112,113,23.1,5.2,70.4,69.9
22/04/2024 13:59,23.2,18,61.2,953.7,506,953.7,0,23.2,15.3,984,0,0,0,112,113,23.2,5.2,70.4,69.9
22/04/2024 13:59,23.2,18,61.2,953.7,504,953.8,0,23.2,15.3,984,0,0,0,113,113,23.2,5.2,70.4,69.9
22/04/2024 14:00,23.2,18,61.3,953.7,504,953.8,0,23.2,15.3,984,0,0,0,112,112,23.2,5.2,70.4,69.9
22/04/2024 14:00,23.2,18,61.2,953.7,504,953.8,0,23.2,15.3,984,0,0,0,112,112,23.2,5.2,70.4,69.9
22/04/2024 14:01,23.2,18,61.3,953.9,504,953.9,0,23.2,15.3,982,0,0,0,113,113,23.2,5.2,70.4,69.9
22/04/2024 14:01,23.2,18,61.3,953.7,504,953.8,0,23.2,15.3,984,0,0,0,112,112,23.2,5.2,70.4,69.9
22/04/2024 14:02,23.2,18,61.3,953.7,506,953.8,0,23.2,15.3,984,0,0,0,112,113,23.2,5.2,70.4,69.9
22/04/2024 14:02,23.2,18,61.3,953.9,504,953.9,0,23.2,15.3,982,0,0,0,112,112,23.2,5.2,70.4,69.9
22/04/2024 14:03,23.2,18,61.2,953.7,504,953.8,0,23.2,15.3,984,0,0,0,112,112,23.2,5.2,70.4,69.9
22/04/2024 14:03,23.2,18,61.2,953.7,504,953.9,0,23.2,15.3,983,0,0,0,112,112,23.2,5.2,70.4,69.9
22/04/2024 14:04,23.2,18,61.2,953.9,504,953.9,0,23.2,15.3,983,0,0,0,112,113,23.2,5.2,70.4,69.9
22/04/2024 14:04,23.2,18,61.2,953.9,504,953.9,0,23.2,15.3,983,0,0,0,112,113,23.2,5.2,70.4,69.9
22/04/2024 14:05,23.2,18,61.2,953.9,504,953.9,0,23.2,15.3,983,0,0,0,112,112,23.2,5.2,70.4,69.9
22/04/2024 14:05,23.2,18,61.2,953.7,504,953.8,0,23.2,15.3,984,0,0,0,112,112,23.2,5.2,70.4,69.9
22/04/2024 14:06,23.2,18,61.2,953.7,506,953.8,0,23.2,15.3,984,0,0,0,112,112,23.2,5.2,70.4,69.9
22/04/2024 14:06,23.2,18,61.2,953.7,506,953.7,0,23.2,15.3,985,0,0,0,112,113,23.2,5.2,70.4,69.9
22/04/2024 14:07,23.2,18,61.3,953.7,504,953.8,0,23.2,15.3,984,0,0,0,112,113,23.2,5.2,70.4,69.9
22/04/2024 14:07,23.2,18,61.2,953.9,504,953.9,0,23.2,15.3,983,0,0,0,112,113,23.2,5.2,70.4,69.9
22/04/2024 14:08,23.2,18,61.2,953.7,506,953.8,0,23.2,15.3,984,0,0,0,112,112,23.2,5.2,70.4,69.9
22/04/2024 14:08,23.2,18,61.2,953.7,504,953.8,0,23.2,15.3,984,0,0,0,111,112,23.2,5.2,70.4,69.9
22/04/2024 14:09,23.2,18,61.3,953.7,506,953.8,0,23.2,15.3,984,0,0,0,112,112,23.2,5.2,70.4,69.9
22/04/2024 14:09,23.2,18,61.2,953.5,506,953.6,0,23.2,15.3,987,0,0,0,112,112,23.2,5.2,70.4,69.9
22/04/2024 14:10,23.2,18,61.2,953.7,506,953.7,0,23.2,15.3,985,0,0,0,112,112,23.2,5.2,70.4,69.9
22/04/2024 14:10,23.2,18,61.2,953.7,506,953.7,0,23.2,15.3,985,0,0,0,112,113,23.2,5.2,70.4,69.9
22/04/2024 14:11,23.2,18,61.2,953.7,506,953.7,0,23.2,15.3,985,0,0,0,112,112,23.2,5.2,70.4,69.9
22/04/2024 14:11,23.2,18,61.2,953.7,506,953.7,0,23.2,15.3,985,0,0,0,112,112,23.2,5.2,70.4,69.9
22/04/2024 14:12,23.2,18,61.2,953.5,507,953.6,0,23.2,15.3,987,0,0,0,113,113,23.2,5.2,70.4,69.9
22/04/2024 14:12,23.2,18,61.2,953.7,506,953.7,0,23.2,15.3,985,0,0,0,112,112,23.2,5.2,70.4,69.9
22/04/2024 14:13,23.2,18,61.1,953.7,506,953.6,0,23.2,15.3,987,0,0,0,112,113,23.2,5.2,70.4,69.9
22/04/2024 14:13,23.2,18,61.2,953.5,507,953.6,0,23.2,15.3,987,0,0,0,112,113,23.2,5.2,70.4,69.9
22/04/2024 14:14,23.2,18,61.2,953.7,506,953.7,0,23.2,15.3,985,0,0,0,112,113,23.2,5.2,70.4,69.9
22/04/2024 14:14,23.2,18,61.1,953.5,506,953.6,0,23.2,15.3,987,0,0,0,112,112,23.2,5.2,70.4,69.9
22/04/2024 14:15,23.2,18,61.1,953.5,507,953.6,0,23.2,15.3,987,0,0,0,111,112,23.2,5.2,70.4,69.9
22/04/2024 14:15,23.2,18,61.1,953.5,507,953.6,0,23.2,15.3,987,0,0,0,112,112,23.2,5.2,70.4,69.9
22/04/2024 14:16,23.2,18,61.1,953.5,507,953.5,0,23.2,15.3,987,0,0,0,112,113,23.2,5.2,70.4,69.9
22/04/2024 14:16,23.2,18,61.1,953.5,506,953.6,0,23.2,15.3,987,0,0,0,112,112,23.2,5.2,70.4,69.9
22/04/2024 14:17,23.2,18,61.1,953.5,507,953.5,0,23.2,15.3,987,0,0,0,112,112,23.2,5.2,70.4,69.9
22/04/2024 14:17,23.2,18,61.1,953.5,507,953.5,0,23.2,15.3,987,0,0,0,112,113,23.2,5.2,70.4,69.9
22/04/2024 14:18,23.2,18,61,953.5,506,953.6,0,23.2,15.3,987,0,0,0,112,112,23.2,5.2,70.4,69.9
22/04/2024 14:18,23.2,18,61,953.5,508,953.5,0,23.2,15.3,987,0,0,0,111,112,23.2,5.2,70.4,69.9
22/04/2024 14:19,23.2,18,61,953.5,507,953.6,0,23.2,15.3,987,0,0,0,112,113,23.2,5.2,70.4,69.9
22/04/2024 14:19,23.2,18,61,953.5,507,953.5,0,23.2,15.3,987,0,0,0,113,113,23.2,5.2,70.4,69.9
22/04/2024 14:20,23.2,18,61,953.5,507,953.5,0,23.2,15.3,987,0,0,0,112,113,23.2,5.2,70.4,69.9
22/04/2024 14:20,23.2,18,61,953.5,507,953.6,0,23.2,15.3,987,0,0,0,112,112,23.2,5.2,70.4,69.9
22/04/2024 14:21,23.2,18,61,953.4,508,953.4,0,23.2,15.3,988,0,0,0,112,112,23.2,5.2,70.4,69.9
22/04/2024 14:21,23.2,18,61,953.5,507,953.5,0,23.2,15.3,987,0,0,0,112,112,23.2,5.2,70.4,69.9
22/04/2024 14:22,23.2,18,61,953.5,507,953.6,0,23.2,15.3,987,0,0,0,112,113,23.2,5.2,70.4,69.9
22/04/2024 14:22,23.2,18,61,953.5,507,953.5,0,23.2,15.3,987,0,0,0,112,113,23.2,5.2,70.4,69.9
22/04/2024 14:23,23.2,18,61,953.5,507,953.5,0,23.2,15.3,987,0,0,0,112,113,23.2,5.2,70.4,69.9
22/04/2024 14:23,23.2,18,61,953.5,508,953.5,0,23.2,15.3,987,0,0,0,112,113,23.2,5.2,70.4,69.9
22/04/2024 14:24,23.2,18,61,953.5,507,953.5,0,23.2,15.3,987,0,0,0,111,112,23.2,5.2,70.4,69.9
22/04/2024 14:24,23.2,18,61.1,953.5,507,953.6,0,23.2,15.3,987,0,0,0,112,113,23.2,5.2,70.4,69.9
22/04/2024 14:25,23.2,18,61.1,953.5,508,953.5,0,23.2,15.3,987,0,0,0,112,113,23.2,5.2,70.4,69.9
22/04/2024 14:25,23.2,18,61,953.4,508,953.4,0,23.2,15.3,989,0,0,0,112,113,23.2,5.2,70.4,70
22/04/2024 14:26,23.2,18,61,953.5,508,953.5,0,23.2,15.3,988,0,0,0,112,113,23.2,5.2,70.4,70
22/04/2024 14:26,23.2,18,61,953.4,508,953.4,0,23.2,15.3,989,0,0,0,112,113,23.2,5.2,70.4,70
22/04/2024 14:27,23.2,18,61,953.2,509,953.3,0,23.2,15.3,990,0,0,0,112,113,23.2,5.2,70.4,70
22/04/2024 14:27,23.2,18,61,953.4,508,953.4,0,23.2,15.3,989,0,0,0,112,113,23.2,5.2,70.4,70
22/04/2024 14:28,23.3,18,61,953.4,508,953.4,0,23.2,15.3,990,0,0,0,113,113,23.2,5.3,70.5,70
22/04/2024 14:28,23.3,18,61.1,953.4,508,953.4,0,23.2,15.3,990,0,0,0,112,112,23.2,5.3,70.5,70
22/04/2024 14:29,23.3,18,61.1,953.4,508,953.4,0,23.2,15.3,990,0,0,0,112,112,23.2,5.3,70.5,70
22/04/2024 14:29,23.3,18,61.1,953.4,508,953.4,0,23.2,15.3,990,0,0,0,112,113,23.2,5.3,70.5,70
22/04/2024 14:30,23.3,18,61.1,953.4,508,953.4,0,23.2,15.4,990,0,0,0,113,113,23.2,5.3,70.5,70
22/04/2024 14:30,23.3,18,61.1,953.2,509,953.3,0,23.2,15.4,991,0,0,0,112,113,23.2,5.3,70.5,70
22/04/2024 14:31,23.3,18,61.1,953.4,509,953.4,0,23.2,15.4,990,0,0,0,113,113,23.2,5.3,70.5,70
22/04/2024 14:31,23.3,18,61.2,953.5,508,953.5,0,23.2,15.4,989,0,0,0,112,112,23.2,5.3,70.5,70
22/04/2024 14:32,23.3,18,61.2,953.4,509,953.4,0,23.2,15.4,990,0,0,0,112,112,23.2,5.3,70.5,70
22/04/2024 14:32,23.3,18,61.1,953.4,509,953.4,0,23.2,15.4,991,0,0,0,112,113,23.2,5.3,70.5,70
22/04/2024 14:33,23.3,18,61.1,953.4,509,953.4,0,23.2,15.4,991,0,0,0,112,112,23.2,5.3,70.5,70
22/04/2024 14:33,23.3,18,61.1,953.4,508,953.4,0,23.2,15.4,991,0,0,0,112,113,23.2,5.3,70.5,70
22/04/2024 14:34,23.3,18,61.1,953.2,510,953.3,0,23.2,15.4,992,0,0,0,112,112,23.2,5.3,70.5,70
22/04/2024 14:34,23.3,18,61.1,953.2,509,953.3,0,23.2,15.4,992,0,0,0,112,112,23.2,5.3,70.5,70
22/04/2024 14:35,23.3,18,61.1,953.2,509,953.3,0,23.2,15.4,992,0,0,0,112,113,23.2,5.3,70.5,70
22/04/2024 14:35,23.3,18,61.1,953.4,509,953.4,0,23.3,15.4,991,0,0,0,112,112,23.3,5.3,70.5,70
22/04/2024 14:36,23.3,18,61.1,953.2,510,953.3,0,23.3,15.4,993,0,0,0,112,113,23.3,5.3,70.5,70
22/04/2024 14:36,23.3,18,61.1,953.4,509,953.4,0,23.3,15.4,991,0,0,0,112,113,23.3,5.3,70.5,70
22/04/2024 14:37,23.3,18,61.1,953.2,509,953.3,0,23.3,15.4,993,0,0,0,112,113,23.3,5.3,70.5,70
22/04/2024 14:37,23.3,18,61.1,953.2,509,953.3,0,23.3,15.4,993,0,0,0,112,113,23.3,5.3,70.5,70
22/04/2024 14:38,23.3,18,61.2,953.2,509,953.3,0,23.3,15.4,993,0,0,0,112,112,23.3,5.3,70.5,70
22/04/2024 14:38,23.3,18,61.2,953.4,509,953.4,0,23.3,15.4,991,0,0,0,113,113,23.3,5.3,70.5,70
22/04/2024 14:39,23.3,18,61.1,953.5,508,953.5,0,23.3,15.4,991,0,0,0,112,113,23.3,5.3,70.6,70.1
22/04/2024 14:39,23.3,18,61.1,953.4,509,953.4,0,23.3,15.4,993,0,0,0,111,112,23.3,5.3,70.6,70.1
22/04/2024 14:40,23.3,18,61.1,953.5,508,953.5,0,23.3,15.4,991,0,0,0,113,113,23.3,5.3,70.6,70.1
22/04/2024 14:40,23.3,18,61.1,953.5,508,953.5,0,23.3,15.4,991,0,0,0,112,113,23.3,5.3,70.6,70.1
22/04/2024 14:41,23.3,18,61.2,953.4,509,953.4,0,23.3,15.4,993,0,0,0,112,113,23.3,5.3,70.6,70.1
22/04/2024 14:41,23.3,18,61.1,953.4,508,953.4,0,23.3,15.4,993,0,0,0,113,113,23.3,5.3,70.6,70.1
22/04/2024 14:42,23.3,18,61.2,953.4,508,953.4,0,23.3,15.4,993,0,0,0,112,112,23.3,5.3,70.6,70.1
22/04/2024 14:42,23.3,18,61.2,953.4,508,953.4,0,23.3,15.4,993,0,0,0,112,113,23.3,5.3,70.6,70.1
22/04/2024 14:43,23.3,18,61.2,953.5,508,953.5,0,23.3,15.4,991,0,0,0,112,112,23.3,5.3,70.6,70.1
22/04/2024 14:43,23.3,18,61.1,953.5,508,953.5,0,23.3,15.4,991,0,0,0,112,113,23.3,5.3,70.6,70.1
22/04/2024 14:44,23.3,18,61.1,953.5,508,953.5,0,23.3,15.4,991,0,0,0,113,113,23.3,5.3,70.6,70.1
22/04/2024 14:44,23.3,18,61.1,953.4,509,953.4,0,23.3,15.4,993,0,0,0,113,113,23.3,5.3,70.6,70.1
22/04/2024 14:45,23.4,18.1,61,953.4,508,953.4,0,23.3,15.4,994,0,0,0,112,113,23.3,5.2,70.6,70.1
22/04/2024 14:45,23.3,18,61.1,953.4,508,953.4,0,23.3,15.4,993,0,0,0,112,113,23.3,5.3,70.6,70.1
22/04/2024 14:46,23.3,18,61.1,953.4,508,953.4,0,23.3,15.4,993,0,0,0,113,113,23.3,5.3,70.6,70.1
22/04/2024 14:46,23.3,18,61.1,953.4,509,953.4,0,23.3,15.4,993,0,0,0,112,113,23.3,5.3,70.6,70.1
22/04/2024 14:47,23.3,18,61.1,953.4,508,953.4,0,23.3,15.4,993,0,0,0,112,113,23.3,5.3,70.6,70.1
22/04/2024 14:47,23.3,18,61.1,953.4,509,953.4,0,23.3,15.4,993,0,0,0,112,113,23.3,5.3,70.6,70.1
22/04/2024 14:48,23.3,18,61,953.2,509,953.3,0,23.3,15.4,994,0,0,0,112,112,23.3,5.3,70.5,70.1
22/04/2024 14:48,23.3,18,61,953.5,508,953.5,0,23.3,15.4,991,0,0,0,112,113,23.3,5.3,70.5,70.1
22/04/2024 14:49,23.3,18,61,953.4,508,953.4,0,23.3,15.4,993,0,0,0,112,113,23.3,5.3,70.5,70.1
22/04/2024 14:49,23.3,18,61,953.4,509,953.4,0,23.3,15.4,993,0,0,0,112,112,23.3,5.3,70.5,70.1
22/04/2024 14:50,23.3,18,60.9,953.5,508,953.5,0,23.3,15.4,991,0,0,0,112,113,23.3,5.3,70.5,70
22/04/2024 14:50,23.3,18,61,953.5,508,953.5,0,23.3,15.4,991,0,0,0,112,113,23.3,5.3,70.5,70.1
22/04/2024 14:51,23.3,18,60.9,953.5,507,953.5,0,23.3,15.4,991,0,0,0,112,113,23.3,5.3,70.5,70
22/04/2024 14:51,23.3,18,61,953.5,507,953.5,0,23.3,15.3,990,0,0,0,111,112,23.3,5.3,70.5,70
22/04/2024 14:52,23.3,18,61,953.4,508,953.4,0,23.3,15.3,991,0,0,0,112,113,23.3,5.3,70.5,70
22/04/2024 14:52,23.3,18,61,953.4,508,953.4,0,23.3,15.3,991,0,0,0,112,113,23.3,5.3,70.5,70
22/04/2024 14:53,23.3,18,60.9,953.5,508,953.5,0,23.3,15.3,990,0,0,0,113,113,23.3,5.3,70.5,70
22/04/2024 14:53,23.3,18,60.9,953.5,508,953.5,0,23.3,15.3,990,0,0,0,113,113,23.3,5.3,70.5,70
22/04/2024 14:54,23.3,18,60.9,953.5,507,953.5,0,23.3,15.3,990,0,0,0,112,112,23.3,5.3,70.5,70
22/04/2024 14:54,23.3,18,60.9,953.4,509,953.4,0,23.3,15.3,991,0,0,0,112,113,23.3,5.3,70.5,70
22/04/2024 14:55,23.3,18,60.9,953.4,509,953.4,0,23.3,15.3,991,0,0,0,112,112,23.3,5.3,70.5,70
22/04/2024 14:55,23.3,18,60.9,953.5,508,953.5,0,23.3,15.3,990,0,0,0,112,112,23.3,5.3,70.5,70
22/04/2024 14:56,23.3,18,60.9,953.5,508,953.5,0,23.2,15.3,990,0,0,0,112,113,23.2,5.3,70.5,70
22/04/2024 14:56,23.3,18,60.9,953.4,508,953.4,0,23.2,15.3,991,0,0,0,112,113,23.2,5.3,70.5,70
22/04/2024 14:57,23.3,18,60.8,953.5,508,953.5,0,23.3,15.3,990,0,0,0,112,112,23.3,5.3,70.5,70
22/04/2024 14:57,23.3,18,60.9,953.5,508,953.5,0,23.2,15.3,990,0,0,0,112,113,23.2,5.3,70.5,70
22/04/2024 14:58,23.3,18,60.8,953.5,507,953.5,0,23.3,15.3,990,0,0,0,112,112,23.3,5.3,70.5,70
22/04/2024 14:58,23.3,18,60.8,953.4,509,953.4,0,23.2,15.3,991,0,0,0,112,113,23.2,5.3,70.5,70
22/04/2024 14:59,23.3,18,60.8,953.2,509,953.3,0,23.2,15.3,992,0,0,0,112,113,23.2,5.3,70.5,70
22/04/2024 14:59,23.3,18,60.8,953.4,509,953.4,0,23.2,15.3,991,0,0,0,112,113,23.2,5.3,70.5,70
22/04/2024 15:00,23.3,18,60.8,953.4,508,953.4,0,23.2,15.3,991,0,0,0,113,113,23.2,5.3,70.5,70
22/04/2024 15:00,23.3,18,60.8,953.4,509,953.4,0,23.2,15.3,991,0,0,0,112,112,23.2,5.3,70.5,70
22/04/2024 15:01,23.3,18,60.8,953.4,509,953.4,0,23.2,15.3,991,0,0,0,112,113,23.2,5.3,70.5,70
22/04/2024 15:01,23.3,18,60.8,953.4,508,953.4,0,23.2,15.3,991,0,0,0,113,113,23.2,5.3,70.5,70
22/04/2024 15:02,23.3,18,60.8,953.4,508,953.4,0,23.2,15.3,991,0,0,0,111,112,23.2,5.3,70.5,70
22/04/2024 15:02,23.3,18,60.8,953.4,508,953.4,0,23.2,15.3,991,0,0,0,113,113,23.2,5.3,70.5,70
22/04/2024 15:03,23.3,18,60.8,953.4,508,953.4,0,23.2,15.3,991,0,0,0,112,113,23.2,5.3,70.5,70
22/04/2024 15:03,23.3,18,60.8,953.5,508,953.5,0,23.2,15.3,990,0,0,0,112,112,23.2,5.3,70.5,70
22/04/2024 15:04,23.3,18,60.8,953.4,508,953.4,0,23.2,15.3,991,0,0,0,112,113,23.2,5.3,70.5,70
22/04/2024 15:04,23.3,18,60.8,953.2,509,953.4,0,23.2,15.3,991,0,0,0,113,113,23.2,5.3,70.5,70
22/04/2024 15:05,23.3,18,60.8,953.4,509,953.4,0,23.3,15.3,991,0,0,0,113,113,23.3,5.3,70.5,70
22/04/2024 15:05,23.3,18,60.8,953.5,508,953.5,0,23.2,15.3,990,0,0,0,112,113,23.2,5.3,70.5,70
22/04/2024 15:06,23.3,18,60.8,953.4,508,953.4,0,23.3,15.3,991,0,0,0,113,113,23.3,5.3,70.5,70
22/04/2024 15:06,23.3,18,60.8,953.4,509,953.4,0,23.3,15.3,991,0,0,0,113,113,23.3,5.3,70.5,70
22/04/2024 15:07,23.3,18,60.8,953.4,508,953.4,0,23.2,15.3,991,0,0,0,112,112,23.2,5.3,70.5,70
22/04/2024 15:07,23.3,18,60.8,953.5,507,953.6,0,23.3,15.3,989,0,0,0,112,113,23.3,5.3,70.5,70
22/04/2024 15:08,23.3,18,60.8,953.4,508,953.4,0,23.3,15.3,991,0,0,0,113,113,23.3,5.3,70.5,70
22/04/2024 15:08,23.3,18,60.8,953.4,508,953.4,0,23.3,15.3,991,0,0,0,113,113,23.3,5.3,70.5,70
22/04/2024 15:09,23.3,18,60.8,953.5,508,953.5,0,23.3,15.3,990,0,0,0,113,113,23.3,5.3,70.5,70
22/04/2024 15:09,23.3,18,60.8,953.2,509,953.3,0,23.3,15.3,993,0,0,0,112,113,23.3,5.3,70.5,70
22/04/2024 15:10,23.3,18,60.8,953.4,508,953.4,0,23.3,15.3,991,0,0,0,113,113,23.3,5.3,70.5,70
22/04/2024 15:10,23.3,18,60.8,953.5,507,953.5,0,23.3,15.3,990,0,0,0,112,112,23.3,5.3,70.5,70
22/04/2024 15:11,23.3,18,60.8,953.5,508,953.5,0,23.3,15.3,990,0,0,0,112,113,23.3,5.3,70.5,70
22/04/2024 15:11,23.3,18,60.8,953.4,508,953.4,0,23.3,15.3,991,0,0,0,113,113,23.3,5.3,70.5,70
22/04/2024 15:12,23.3,18,60.8,953.4,509,953.4,0,23.3,15.3,991,0,0,0,112,113,23.3,5.3,70.5,70
22/04/2024 15:12,23.3,18,60.8,953.4,509,953.4,0,23.3,15.3,993,0,0,0,112,112,23.3,5.3,70.5,70
22/04/2024 15:13,23.3,18,60.8,953.4,509,953.4,0,23.3,15.3,991,0,0,0,112,113,23.3,5.3,70.5,70
22/04/2024 15:13,23.3,18,60.8,953.4,508,953.4,0,23.3,15.3,993,0,0,0,112,113,23.3,5.3,70.5,70
22/04/2024 15:14,23.3,18,60.8,953.4,508,953.4,0,23.3,15.3,993,0,0,0,112,113,23.3,5.3,70.5,70
22/04/2024 15:14,23.3,18,60.8,953.4,509,953.4,0,23.3,15.3,993,0,0,0,113,113,23.3,5.3,70.5,70
22/04/2024 15:15,23.3,18,60.8,953.4,508,953.4,0,23.3,15.3,993,0,0,0,112,113,23.3,5.3,70.5,70
22/04/2024 15:15,23.3,18,60.8,953.4,509,953.4,0,23.3,15.3,993,0,0,0,113,113,23.3,5.3,70.5,70
22/04/2024 15:16,23.3,18,60.8,953.4,508,953.4,0,23.3,15.3,993,0,0,0,112,113,23.3,5.3,70.5,70
22/04/2024 15:16,23.4,18,60.7,953.4,509,953.4,0,23.3,15.3,994,0,0,0,112,113,23.3,5.3,70.6,70.1
22/04/2024 15:17,23.4,18.1,60.8,953.4,509,953.4,0,23.3,15.3,994,0,0,0,113,113,23.3,5.2,70.6,70.1
22/04/2024 15:17,23.4,18.1,60.8,953.4,509,953.4,0,23.3,15.3,994,0,0,0,113,113,23.3,5.2,70.6,70.1
22/04/2024 15:18,23.4,18.1,60.8,953.2,510,953.3,0,23.3,15.3,994,0,0,0,112,113,23.3,5.2,70.6,70.1
22/04/2024 15:18,23.4,18.1,60.8,953.2,509,953.3,0,23.3,15.3,994,0,0,0,112,113,23.3,5.2,70.6,70.1
22/04/2024 15:19,23.4,18.1,60.9,953.2,510,953.3,0,23.3,15.4,994,0,0,0,112,113,23.3,5.2,70.6,70.1
22/04/2024 15:19,23.4,18.1,60.9,953.4,509,953.4,0,23.3,15.4,994,0,0,0,112,113,23.3,5.2,70.6,70.1
22/04/2024 15:20,23.4,18.1,60.9,953.2,509,953.3,0,23.3,15.4,994,0,0,0,112,113,23.3,5.2,70.6,70.1
22/04/2024 15:20,23.4,18.1,60.9,953.2,510,953.2,0,23.3,15.4,996,0,0,0,112,113,23.3,5.2,70.6,70.1
22/04/2024 15:21,23.4,18.1,60.9,953.2,511,953.2,0,23.3,15.4,996,0,0,0,113,113,23.3,5.3,70.6,70.1
22/04/2024 15:21,23.4,18.1,60.9,953.2,510,953.2,0,23.3,15.4,996,0,0,0,113,113,23.3,5.3,70.6,70.1
22/04/2024 15:22,23.4,18.1,60.9,953.2,511,953.2,0,23.3,15.4,996,0,0,0,113,113,23.3,5.3,70.6,70.1
22/04/2024 15:22,23.4,18.1,60.9,953.2,510,953.2,0,23.3,15.4,996,0,0,0,112,113,23.3,5.3,70.6,70.1
22/04/2024 15:23,23.4,18.1,60.9,953.2,510,953.2,0,23.3,15.4,996,0,0,0,113,113,23.3,5.3,70.6,70.1
22/04/2024 15:23,23.4,18.1,60.8,953.2,511,953.2,0,23.3,15.4,996,0,0,0,111,112,23.3,5.3,70.6,70.1
22/04/2024 15:24,23.4,18.1,60.9,953.2,511,953.2,0,23.3,15.4,996,0,0,0,112,112,23.3,5.3,70.6,70.1
22/04/2024 15:24,23.4,18.1,60.9,953.2,510,953.2,0,23.3,15.4,996,0,0,0,112,113,23.3,5.3,70.6,70.1
22/04/2024 15:25,23.4,18.1,60.8,953,511,953.1,0,23.3,15.4,997,0,0,0,112,113,23.3,5.3,70.6,70.1
22/04/2024 15:25,23.4,18.1,60.8,953.2,510,953.2,0,23.3,15.4,996,0,0,0,112,112,23.3,5.3,70.6,70.1
22/04/2024 15:26,23.4,18.1,60.8,953,511,953.1,0,23.3,15.4,997,0,0,0,112,113,23.3,5.3,70.6,70.1
22/04/2024 15:26,23.4,18.1,60.8,953.2,510,953.2,0,23.3,15.4,996,0,0,0,112,113,23.3,5.3,70.6,70.1
22/04/2024 15:27,23.4,18.1,60.8,953.2,510,953.2,0,23.3,15.4,996,0,0,0,112,113,23.3,5.3,70.6,70.1
22/04/2024 15:27,23.4,18.1,60.8,953,511,953.1,0,23.3,15.4,997,0,0,0,113,113,23.3,5.3,70.6,70.1
22/04/2024 15:28,23.4,18.1,60.8,953,511,953.1,0,23.3,15.3,997,0,0,0,112,113,23.3,5.3,70.6,70.1
22/04/2024 15:28,23.4,18.1,60.8,953.2,511,953.2,0,23.3,15.3,996,0,0,0,112,112,23.3,5.2,70.6,70.1
22/04/2024 15:29,23.4,18.1,60.7,953.2,510,953.2,0,23.3,15.3,996,0,0,0,112,113,23.3,5.3,70.6,70.1
22/04/2024 15:29,23.4,18,60.8,953.2,511,953.2,0,23.3,15.3,996,0,0,0,113,113,23.3,5.3,70.6,70.1
22/04/2024 15:30,23.4,18,60.7,953,512,953,0,23.3,15.3,997,0,0,0,113,113,23.3,5.3,70.6,70.1
22/04/2024 15:30,23.4,18,60.7,953,512,953.1,0,23.3,15.3,997,0,0,0,113,113,23.3,5.3,70.6,70.1
22/04/2024 15:31,23.4,18,60.7,953,512,953.1,0,23.3,15.3,997,0,0,0,112,113,23.3,5.3,70.6,70.1
22/04/2024 15:31,23.4,18,60.7,953,512,953.1,0,23.3,15.3,997,0,0,0,112,113,23.3,5.3,70.6,70.1
22/04/2024 15:32,23.4,18,60.7,953,512,953.1,0,23.3,15.3,997,0,0,0,113,113,23.3,5.3,70.6,70.1
22/04/2024 15:32,23.4,18,60.7,953,513,953,0,23.3,15.3,997,0,0,0,112,113,23.3,5.3,70.6,70.1
22/04/2024 15:33,23.4,18,60.6,953,512,953,0,23.3,15.3,997,0,0,0,112,113,23.3,5.3,70.6,70.1
22/04/2024 15:33,23.4,18,60.6,953,512,953,0,23.3,15.3,997,0,0,0,112,113,23.3,5.3,70.6,70.1
22/04/2024 15:34,23.3,18,60.7,953,512,953.1,0,23.3,15.3,996,0,0,0,112,112,23.3,5.3,70.5,70
22/04/2024 15:34,23.3,18,60.7,953,512,953.1,0,23.3,15.3,996,0,0,0,113,113,23.3,5.3,70.5,70
22/04/2024 15:35,23.3,18,60.7,953,513,953,0,23.3,15.3,997,0,0,0,113,113,23.3,5.3,70.5,70
22/04/2024 15:35,23.3,18,60.7,953,512,953.1,0,23.3,15.3,996,0,0,0,112,113,23.3,5.3,70.5,70
22/04/2024 15:36,23.3,18,60.6,953,513,953,0,23.3,15.3,997,0,0,0,112,113,23.3,5.3,70.5,70
22/04/2024 15:36,23.3,18,60.6,953,512,953.1,0,23.3,15.3,996,0,0,0,112,113,23.3,5.3,70.5,70
22/04/2024 15:37,23.3,18,60.6,953,512,953.1,0,23.3,15.3,996,0,0,0,112,113,23.3,5.3,70.5,70
22/04/2024 15:37,23.3,18,60.6,953,513,953,0,23.3,15.3,997,0,0,0,112,113,23.3,5.3,70.5,70
22/04/2024 15:38,23.3,18,60.6,953,512,953.1,0,23.3,15.3,996,0,0,0,112,113,23.3,5.3,70.5,70
22/04/2024 15:38,23.3,18,60.5,953,512,953,0,23.3,15.3,997,0,0,0,112,112,23.3,5.3,70.5,70
22/04/2024 15:39,23.3,18,60.5,953,513,953,0,23.3,15.3,997,0,0,0,112,113,23.3,5.3,70.5,70
22/04/2024 15:39,23.3,18,60.5,953,512,953.1,0,23.3,15.3,996,0,0,0,113,113,23.3,5.3,70.5,70
22/04/2024 15:40,23.3,18,60.5,953,513,953,0,23.3,15.3,997,0,0,0,113,113,23.3,5.3,70.5,70
22/04/2024 15:40,23.3,18,60.5,953,513,953,0,23.3,15.2,997,0,0,0,113,113,23.3,5.3,70.5,70
22/04/2024 15:41,23.3,18,60.5,953,513,953,0,23.3,15.3,997,0,0,0,112,113,23.3,5.3,70.5,70
22/04/2024 15:41,23.3,18,60.5,952.9,513,952.9,0,23.3,15.2,998,0,0,0,112,112,23.3,5.3,70.5,70
22/04/2024 15:42,23.3,18,60.5,953,513,953,0,23.3,15.2,997,0,0,0,112,113,23.3,5.3,70.5,70
22/04/2024 15:42,23.3,18,60.6,953,513,953,0,23.3,15.2,996,0,0,0,112,112,23.3,5.3,70.5,70
22/04/2024 15:43,23.3,18,60.6,953,513,953,0,23.3,15.2,996,0,0,0,112,113,23.3,5.3,70.5,70
22/04/2024 15:43,23.3,18,60.6,952.9,513,952.9,0,23.3,15.2,997,0,0,0,112,113,23.3,5.3,70.5,70
22/04/2024 15:44,23.3,18,60.5,953,513,953,0,23.3,15.2,997,0,0,0,112,113,23.3,5.3,70.5,70
22/04/2024 15:44,23.3,18,60.6,953,513,953,0,23.3,15.2,996,0,0,0,112,113,23.3,5.3,70.5,70
22/04/2024 15:45,23.3,18,60.5,952.9,514,952.9,0,23.3,15.2,998,0,0,0,112,112,23.3,5.3,70.5,70
22/04/2024 15:45,23.3,18,60.5,952.9,513,952.9,0,23.3,15.2,998,0,0,0,112,112,23.3,5.3,70.5,70
22/04/2024 15:46,23.3,18,60.5,952.9,514,952.9,0,23.3,15.2,998,0,0,0,112,112,23.3,5.3,70.5,70
22/04/2024 15:46,23.3,18,60.5,952.9,513,952.9,0,23.3,15.2,998,0,0,0,112,112,23.3,5.3,70.5,70
22/04/2024 15:47,23.3,18,60.5,953,513,953,0,23.3,15.2,997,0,0,0,112,112,23.3,5.3,70.5,70
22/04/2024 15:47,23.3,18,60.5,952.7,514,952.8,0,23.3,15.2,999,0,0,0,112,112,23.3,5.3,70.5,70
22/04/2024 15:48,23.3,18,60.6,952.7,514,952.9,0,23.3,15.3,998,0,0,0,112,112,23.3,5.3,70.5,70
22/04/2024 15:48,23.3,18,60.6,953,513,953,0,23.3,15.3,997,0,0,0,112,113,23.3,5.3,70.5,70
22/04/2024 15:49,23.3,18,60.6,952.7,514,952.8,0,23.3,15.3,999,0,0,0,112,113,23.3,5.3,70.5,70
22/04/2024 15:49,23.3,18,60.6,952.9,514,952.9,0,23.3,15.3,998,0,0,0,112,113,23.3,5.3,70.5,70
22/04/2024 15:50,23.3,18,60.6,952.9,514,952.9,0,23.3,15.3,998,0,0,0,112,113,23.3,5.3,70.5,70
22/04/2024 15:50,23.3,18,60.6,952.9,514,952.9,0,23.3,15.3,998,0,0,0,112,113,23.3,5.3,70.5,70
22/04/2024 15:51,23.3,18,60.6,952.7,514,952.8,0,23.3,15.3,999,0,0,0,112,113,23.3,5.3,70.5,70
22/04/2024 15:51,23.3,18,60.6,952.7,514,952.8,0,23.3,15.3,999,0,0,0,112,113,23.3,5.3,70.5,70
22/04/2024 15:52,23.4,18,60.5,952.9,514,952.9,0,23.3,15.3,999,0,0,0,112,113,23.3,5.3,70.5,70
22/04/2024 15:52,23.4,18,60.5,952.7,514,952.8,0,23.3,15.3,1000,0,0,0,111,112,23.3,5.3,70.5,70
22/04/2024 15:53,23.4,18,60.5,952.9,514,952.9,0,23.3,15.3,999,0,0,0,112,113,23.3,5.3,70.5,70
22/04/2024 15:53,23.4,18,60.5,952.9,514,952.9,0,23.3,15.3,999,0,0,0,113,113,23.3,5.3,70.5,70
22/04/2024 15:54,23.4,18,60.6,952.7,514,952.9,0,23.3,15.3,999,0,0,0,112,112,23.3,5.3,70.5,70
22/04/2024 15:54,23.4,18,60.6,952.7,514,952.8,0,23.3,15.3,1000,0,0,0,112,113,23.3,5.3,70.5,70.1
22/04/2024 15:55,23.4,18,60.6,952.7,514,952.8,0,23.3,15.3,1000,0,0,0,112,112,23.3,5.3,70.5,70.1
22/04/2024 15:55,23.4,18,60.6,952.7,514,952.8,0,23.3,15.3,1000,0,0,0,113,113,23.3,5.3,70.6,70.1
22/04/2024 15:56,23.4,18,60.6,952.7,514,952.8,0,23.3,15.3,1000,0,0,0,112,112,23.3,5.3,70.6,70.1
22/04/2024 15:56,23.4,18,60.6,952.7,514,952.8,0,23.3,15.3,1000,0,0,0,112,112,23.3,5.3,70.6,70.1
22/04/2024 15:57,23.4,18,60.6,952.7,514,952.8,0,23.3,15.3,1000,0,0,0,112,113,23.3,5.3,70.6,70.1
22/04/2024 15:57,23.4,18,60.6,952.7,514,952.7,0,23.3,15.3,1001,0,0,0,112,113,23.3,5.4,70.6,70.1
22/04/2024 15:58,23.4,18,60.6,952.7,514,952.8,0,23.3,15.3,1000,0,0,0,112,112,23.3,5.4,70.6,70.1
22/04/2024 15:58,23.4,18,60.7,952.7,515,952.7,0,23.3,15.3,1001,0,0,0,113,113,23.3,5.4,70.6,70.1
22/04/2024 15:59,23.4,18,60.7,952.7,515,952.7,0,23.3,15.3,1001,0,0,0,112,112,23.3,5.4,70.6,70.1
22/04/2024 15:59,23.4,18,60.7,952.7,515,952.7,0,23.3,15.3,1001,0,0,0,112,112,23.3,5.4,70.6,70.1
22/04/2024 16:00,23.4,18,60.7,952.5,516,952.6,0,23.3,15.3,1002,0,0,0,112,112,23.3,5.4,70.6,70.1
22/04/2024 16:00,23.4,18.1,60.7,952.5,515,952.6,0,23.3,15.3,1004,0,0,0,112,113,23.3,5.3,70.6,70.1
22/04/2024 16:01,23.4,18.1,60.7,952.5,516,952.6,0,23.3,15.3,1004,0,0,0,112,113,23.3,5.3,70.6,70.1
22/04/2024 16:01,23.4,18.1,60.7,952.5,516,952.6,0,23.3,15.4,1004,0,0,0,112,113,23.3,5.3,70.6,70.1
22/04/2024 16:02,23.4,18.1,60.7,952.5,516,952.5,0,23.3,15.4,1004,0,0,0,112,112,23.3,5.3,70.6,70.1
22/04/2024 16:02,23.4,18.1,60.7,952.5,516,952.6,0,23.3,15.4,1004,0,0,0,113,113,23.3,5.3,70.6,70.1
22/04/2024 16:03,23.4,18.1,60.7,952.5,516,952.5,0,23.4,15.4,1005,0,0,0,113,113,23.4,5.3,70.7,70.1
22/04/2024 16:03,23.4,18.1,60.7,952.5,516,952.5,0,23.4,15.4,1005,0,0,0,113,113,23.4,5.3,70.7,70.1
22/04/2024 16:04,23.4,18.1,60.7,952.5,516,952.5,0,23.4,15.4,1005,0,0,0,112,112,23.4,5.3,70.7,70.1
22/04/2024 16:04,23.4,18.1,60.7,952.5,516,952.5,0,23.4,15.4,1005,0,0,0,112,113,23.4,5.3,70.7,70.2
22/04/2024 16:05,23.4,18.1,60.7,952.5,516,952.6,0,23.4,15.4,1004,0,0,0,112,112,23.4,5.3,70.7,70.2
22/04/2024 16:05,23.4,18.1,60.7,952.5,517,952.5,0,23.4,15.4,1005,0,0,0,112,112,23.4,5.3,70.7,70.2
22/04/2024 16:06,23.4,18.1,60.6,952.5,515,952.6,0,23.4,15.4,1005,0,0,0,112,112,23.4,5.3,70.7,70.2
22/04/2024 16:06,23.4,18.1,60.6,952.5,516,952.5,0,23.4,15.4,1007,0,0,0,112,113,23.4,5.3,70.7,70.2
22/04/2024 16:07,23.4,18.1,60.7,952.5,516,952.6,0,23.4,15.4,1005,0,0,0,112,112,23.4,5.3,70.7,70.2
22/04/2024 16:07,23.4,18.1,60.7,952.5,516,952.6,0,23.4,15.4,1005,0,0,0,112,112,23.4,5.3,70.7,70.2
22/04/2024 16:08,23.4,18.1,60.7,952.5,516,952.5,0,23.4,15.4,1007,0,0,0,112,113,23.4,5.3,70.7,70.2
22/04/2024 16:08,23.4,18.1,60.7,952.5,517,952.5,0,23.4,15.4,1007,0,0,0,111,112,23.4,5.3,70.7,70.2
22/04/2024 16:09,23.4,18.1,60.7,952.5,516,952.5,0,23.4,15.4,1007,0,0,0,112,113,23.4,5.3,70.7,70.2
22/04/2024 16:09,23.4,18.1,60.7,952.5,516,952.5,0,23.4,15.4,1007,0,0,0,112,112,23.4,5.3,70.7,70.2
22/04/2024 16:10,23.4,18.1,60.7,952.5,517,952.5,0,23.4,15.4,1007,0,0,0,112,113,23.4,5.3,70.7,70.2
22/04/2024 16:10,23.4,18.1,60.7,952.5,517,952.5,0,23.4,15.4,1007,0,0,0,113,113,23.4,5.3,70.7,70.2
22/04/2024 16:11,23.4,18.1,60.7,952.5,516,952.5,0,23.4,15.4,1007,0,0,0,112,113,23.4,5.3,70.7,70.2
22/04/2024 16:11,23.4,18.1,60.7,952.4,517,952.4,0,23.4,15.4,1007,0,0,0,112,113,23.4,5.3,70.7,70.2
22/04/2024 16:12,23.4,18.1,60.6,952.5,517,952.5,0,23.4,15.4,1007,0,0,0,112,113,23.4,5.3,70.7,70.2
22/04/2024 16:12,23.4,18.1,60.6,952.5,517,952.5,0,23.4,15.4,1007,0,0,0,112,112,23.4,5.3,70.7,70.2
22/04/2024 16:13,23.4,18.1,60.6,952.4,517,952.4,0,23.4,15.4,1007,0,0,0,112,113,23.4,5.3,70.7,70.2
22/04/2024 16:13,23.4,18.1,60.6,952.4,517,952.4,0,23.4,15.4,1007,0,0,0,112,112,23.4,5.3,70.7,70.2
22/04/2024 16:14,23.4,18.1,60.6,952.4,517,952.4,0,23.4,15.4,1007,0,0,0,112,113,23.4,5.3,70.7,70.2
22/04/2024 16:14,23.4,18.1,60.6,952.4,518,952.4,0,23.4,15.4,1007,0,0,0,112,113,23.4,5.3,70.7,70.2
22/04/2024 16:15,23.4,18.1,60.5,952.4,517,952.4,0,23.4,15.3,1007,0,0,0,112,112,23.4,5.3,70.7,70.2
22/04/2024 16:15,23.4,18.1,60.5,952.2,518,952.3,0,23.4,15.4,1008,0,0,0,112,113,23.4,5.3,70.7,70.2
22/04/2024 16:16,23.4,18.1,60.6,952.2,519,952.3,0,23.4,15.4,1007,0,0,0,112,112,23.4,5.3,70.6,70.1
22/04/2024 16:16,23.4,18.1,60.6,952.4,518,952.4,0,23.4,15.4,1007,0,0,0,112,112,23.4,5.3,70.6,70.1
22/04/2024 16:17,23.4,18.1,60.5,952.2,519,952.3,0,23.4,15.4,1008,0,0,0,112,113,23.4,5.3,70.7,70.2
22/04/2024 16:17,23.4,18.1,60.6,952.2,518,952.3,0,23.4,15.4,1007,0,0,0,112,113,23.4,5.3,70.6,70.1
22/04/2024 16:18,23.4,18.1,60.6,952.4,518,952.4,0,23.4,15.4,1007,0,0,0,113,113,23.4,5.3,70.6,70.1
22/04/2024 16:18,23.4,18.1,60.6,952.2,518,952.3,0,23.4,15.3,1007,0,0,0,113,113,23.4,5.3,70.6,70.1
22/04/2024 16:19,23.4,18.1,60.6,952.4,518,952.4,0,23.4,15.3,1007,0,0,0,112,113,23.4,5.3,70.6,70.1
22/04/2024 16:19,23.4,18.1,60.6,952.4,518,952.4,0,23.4,15.3,1007,0,0,0,112,113,23.4,5.3,70.6,70.1
22/04/2024 16:20,23.4,18.1,60.6,952.2,518,952.3,0,23.4,15.3,1007,0,0,0,112,112,23.4,5.3,70.6,70.1
22/04/2024 16:20,23.4,18.1,60.6,952.2,519,952.2,0,23.4,15.3,1008,0,0,0,113,113,23.4,5.3,70.6,70.1
22/04/2024 16:21,23.4,18.1,60.4,952.2,519,952.3,0,23.4,15.3,1007,0,0,0,113,113,23.4,5.3,70.7,70.2
22/04/2024 16:21,23.4,18.1,60.4,952.2,519,952.2,0,23.4,15.3,1008,0,0,0,112,113,23.4,5.3,70.7,70.2
22/04/2024 16:22,23.4,18,60.5,952.2,519,952.2,0,23.4,15.3,1008,0,0,0,113,113,23.4,5.4,70.6,70.1
22/04/2024 16:22,23.4,18.1,60.4,952.2,519,952.2,0,23.4,15.3,1008,0,0,0,112,113,23.4,5.3,70.7,70.2
22/04/2024 16:23,23.4,18,60.5,952.2,519,952.2,0,23.4,15.3,1008,0,0,0,112,113,23.4,5.4,70.6,70.1
22/04/2024 16:23,23.4,18.1,60.4,952.2,519,952.2,0,23.4,15.3,1008,0,0,0,112,113,23.4,5.3,70.7,70.2
22/04/2024 16:24,23.4,18.1,60.4,952,519,952.1,0,23.4,15.3,1010,0,0,0,112,112,23.4,5.3,70.7,70.2
22/04/2024 16:24,23.4,18.1,60.4,952.2,519,952.2,0,23.4,15.3,1008,0,0,0,112,112,23.4,5.3,70.7,70.2
22/04/2024 16:25,23.4,18.1,60.4,952,519,952.1,0,23.4,15.3,1010,0,0,0,111,112,23.4,5.3,70.7,70.2
22/04/2024 16:25,23.4,18.1,60.4,952.2,519,952.1,0,23.4,15.3,1010,0,0,0,112,112,23.4,5.3,70.7,70.2
22/04/2024 16:26,23.4,18.1,60.4,952,519,952.1,0,23.4,15.3,1010,0,0,0,112,112,23.4,5.3,70.7,70.2
22/04/2024 16:26,23.4,18.1,60.4,952,519,952.1,0,23.4,15.3,1010,0,0,0,112,112,23.4,5.3,70.7,70.2
22/04/2024 16:27,23.4,18.1,60.4,952,519,952.1,0,23.4,15.3,1010,0,0,0,112,113,23.4,5.3,70.7,70.2
22/04/2024 16:27,23.4,18.1,60.4,952.2,519,952.2,0,23.4,15.3,1008,0,0,0,112,112,23.4,5.3,70.7,70.2
22/04/2024 16:28,23.4,18.1,60.5,952.2,519,952.2,0,23.4,15.3,1008,0,0,0,112,112,23.4,5.3,70.7,70.2
22/04/2024 16:28,23.5,18.1,60.4,952.2,519,952.2,0,23.4,15.3,1009,0,0,0,112,112,23.4,5.4,70.7,70.2
22/04/2024 16:29,23.5,18.1,60.4,952.2,519,952.2,0,23.4,15.3,1009,0,0,0,112,112,23.4,5.4,70.7,70.2
22/04/2024 16:29,23.5,18.1,60.4,952.2,519,952.2,0,23.4,15.3,1009,0,0,0,112,112,23.4,5.4,70.7,70.2
22/04/2024 16:30,23.5,18.1,60.4,952,519,952.1,0,23.4,15.3,1010,0,0,0,112,113,23.4,5.4,70.7,70.2
22/04/2024 16:30,23.5,18.1,60.4,952.2,519,952.2,0,23.4,15.3,1009,0,0,0,112,112,23.4,5.4,70.7,70.2
22/04/2024 16:31,23.5,18.1,60.4,952.2,519,952.2,0,23.4,15.3,1009,0,0,0,113,113,23.4,5.4,70.7,70.2
22/04/2024 16:31,23.5,18.1,60.4,952.2,519,952.3,0,23.4,15.4,1008,0,0,0,112,112,23.4,5.4,70.7,70.2
22/04/2024 16:32,23.5,18.1,60.4,952.2,519,952.2,0,23.4,15.4,1010,0,0,0,112,112,23.4,5.4,70.7,70.2
22/04/2024 16:32,23.5,18.1,60.4,952.2,519,952.1,0,23.4,15.4,1011,0,0,0,112,113,23.4,5.4,70.7,70.2
22/04/2024 16:33,23.5,18.1,60.4,952.2,519,952.2,0,23.4,15.4,1010,0,0,0,112,112,23.4,5.4,70.7,70.2
22/04/2024 16:33,23.5,18.1,60.3,952.2,519,952.2,0,23.4,15.3,1010,0,0,0,111,112,23.4,5.4,70.7,70.2
22/04/2024 16:34,23.5,18.1,60.3,952.2,519,952.2,0,23.4,15.3,1010,0,0,0,112,113,23.4,5.4,70.7,70.2
22/04/2024 16:34,23.5,18.1,60.3,952.2,519,952.1,0,23.4,15.3,1011,0,0,0,112,112,23.4,5.4,70.7,70.2
22/04/2024 16:35,23.5,18.1,60.3,952.2,519,952.2,0,23.4,15.3,1010,0,0,0,112,113,23.4,5.4,70.7,70.2
22/04/2024 16:35,23.5,18.1,60.3,952.2,519,952.2,0,23.4,15.3,1010,0,0,0,112,113,23.4,5.4,70.7,70.2
22/04/2024 16:36,23.5,18.1,60.3,952.2,519,952.2,0,23.4,15.4,1010,0,0,0,112,113,23.4,5.4,70.7,70.2
22/04/2024 16:36,23.5,18.1,60.3,952.2,519,952.2,0,23.4,15.3,1010,0,0,0,112,113,23.4,5.4,70.7,70.2
22/04/2024 16:37,23.5,18.1,60.3,952.2,519,952.2,0,23.4,15.3,1010,0,0,0,112,112,23.4,5.4,70.7,70.2
22/04/2024 16:37,23.5,18.1,60.3,952,519,952.1,0,23.4,15.3,1011,0,0,0,112,113,23.4,5.4,70.7,70.2
22/04/2024 16:38,23.5,18,60.3,952.2,519,952.2,0,23.4,15.3,1010,0,0,0,112,112,23.4,5.5,70.7,70.2
22/04/2024 16:38,23.5,18.1,60.3,952,519,952.1,0,23.4,15.3,1011,0,0,0,112,112,23.4,5.4,70.7,70.2
22/04/2024 16:39,23.5,18.1,60.3,952,520,952.1,0,23.4,15.3,1011,0,0,0,112,113,23.4,5.4,70.7,70.2
22/04/2024 16:39,23.5,18,60.2,952.2,519,952.2,0,23.4,15.3,1010,0,0,0,112,113,23.4,5.5,70.7,70.2
22/04/2024 16:40,23.5,18,60.2,952.2,519,952.2,0,23.4,15.3,1010,0,0,0,112,113,23.4,5.5,70.7,70.2
22/04/2024 16:40,23.5,18,60.3,952.2,519,952.1,0,23.4,15.3,1011,0,0,0,111,112,23.4,5.5,70.7,70.2
22/04/2024 16:41,23.5,18,60.2,952,520,952.1,0,23.4,15.3,1011,0,0,0,112,112,23.4,5.5,70.7,70.2
22/04/2024 16:41,23.5,18,60.3,952.2,519,952.2,0,23.4,15.3,1009,0,0,0,112,112,23.4,5.5,70.7,70.2
22/04/2024 16:42,23.5,18,60.2,952.2,519,952.3,0,23.4,15.3,1009,0,0,0,112,113,23.4,5.5,70.7,70.2
22/04/2024 16:42,23.5,18,60.2,952,519,952.1,0,23.4,15.3,1011,0,0,0,112,112,23.4,5.5,70.7,70.2
22/04/2024 16:43,23.5,18,60.2,952.2,519,952.2,0,23.4,15.3,1009,0,0,0,112,112,23.4,5.5,70.7,70.2
22/04/2024 16:43,23.5,18,60.2,952,519,952.1,0,23.4,15.3,1010,0,0,0,111,112,23.4,5.5,70.7,70.2
22/04/2024 16:44,23.5,18,60.2,952.2,519,952.2,0,23.4,15.3,1009,0,0,0,111,112,23.4,5.5,70.7,70.2
22/04/2024 16:44,23.5,18,60.2,952,519,952.1,0,23.4,15.3,1010,0,0,0,112,112,23.4,5.5,70.7,70.2
22/04/2024 16:45,23.5,18,60.2,952.2,519,952.2,0,23.4,15.3,1009,0,0,0,111,111,23.4,5.5,70.7,70.2
22/04/2024 16:45,23.5,18,60.2,952.2,519,952.1,0,23.4,15.3,1010,0,0,0,112,113,23.4,5.5,70.7,70.2
22/04/2024 16:46,23.5,18,60.2,952,519,952.1,0,23.4,15.3,1010,0,0,0,112,112,23.4,5.5,70.7,70.2
22/04/2024 16:46,23.5,18,60.2,952.2,519,952.2,0,23.4,15.3,1009,0,0,0,112,113,23.4,5.5,70.7,70.2
22/04/2024 16:47,23.5,18,60.2,952.2,519,952.2,0,23.4,15.3,1009,0,0,0,112,113,23.4,5.5,70.7,70.2
22/04/2024 16:47,23.5,18,60.1,952,520,952.1,0,23.4,15.3,1010,0,0,0,112,113,23.4,5.5,70.7,70.2
22/04/2024 16:48,23.5,18,60.1,952,520,952.1,0,23.4,15.3,1010,0,0,0,112,112,23.4,5.5,70.7,70.2
22/04/2024 16:48,23.5,18,60.1,952.2,519,952.1,0,23.4,15.3,1010,0,0,0,112,113,23.4,5.5,70.7,70.2
22/04/2024 16:49,23.5,18,60.1,952,519,952.1,0,23.4,15.3,1010,0,0,0,112,112,23.4,5.5,70.7,70.2
22/04/2024 16:49,23.5,18,60.1,952,520,952.1,0,23.4,15.3,1010,0,0,0,112,113,23.4,5.5,70.7,70.2
22/04/2024 16:50,23.5,18,60.1,952.2,519,952.2,0,23.4,15.3,1009,0,0,0,112,112,23.4,5.5,70.7,70.2
22/04/2024 16:50,23.5,18,60.1,952.2,519,952.1,0,23.4,15.3,1010,0,0,0,112,113,23.4,5.5,70.7,70.2
22/04/2024 16:51,23.5,18,60.1,952.2,519,952.2,0,23.4,15.3,1009,0,0,0,111,112,23.4,5.5,70.7,70.2
22/04/2024 16:51,23.5,18,60.1,952.2,519,952.2,0,23.4,15.3,1009,0,0,0,111,112,23.4,5.5,70.7,70.2
22/04/2024 16:52,23.5,18,60.1,952.2,519,952.2,0,23.4,15.3,1009,0,0,0,113,113,23.4,5.5,70.7,70.2
22/04/2024 16:52,23.5,18,60.1,952,520,952.1,0,23.4,15.3,1011,0,0,0,112,113,23.4,5.5,70.7,70.2
22/04/2024 16:53,23.5,18,60.1,952,519,952.1,0,23.4,15.3,1011,0,0,0,112,112,23.4,5.5,70.7,70.2
22/04/2024 16:53,23.5,18,60.1,952.2,519,952.2,0,23.4,15.3,1010,0,0,0,112,112,23.4,5.5,70.7,70.2
22/04/2024 16:54,23.5,18,60.1,952.2,519,952.2,0,23.4,15.3,1010,0,0,0,112,112,23.4,5.5,70.7,70.2
22/04/2024 16:54,23.5,18,60.1,952,519,952.1,0,23.4,15.3,1011,0,0,0,112,113,23.4,5.5,70.7,70.2
22/04/2024 16:55,23.5,18,60.2,952.2,519,952.2,0,23.4,15.3,1010,0,0,0,112,113,23.4,5.5,70.7,70.2
22/04/2024 16:55,23.5,18,60.2,952,519,952.1,0,23.4,15.3,1011,0,0,0,111,112,23.4,5.5,70.7,70.2
22/04/2024 16:56,23.5,18,60.1,952,520,952,0,23.5,15.3,1013,0,0,0,112,113,23.5,5.5,70.7,70.2
22/04/2024 16:56,23.5,18,60.1,952,519,952.1,0,23.5,15.3,1012,0,0,0,112,113,23.5,5.5,70.7,70.2
22/04/2024 16:57,23.5,18,60.1,952,521,952,0,23.5,15.3,1013,0,0,0,113,113,23.5,5.5,70.7,70.2
22/04/2024 16:57,23.5,18,60.1,952,520,952,0,23.5,15.3,1013,0,0,0,112,113,23.5,5.5,70.7,70.2
22/04/2024 16:58,23.5,18.1,60.2,951.9,521,951.9,0,23.5,15.3,1014,0,0,0,112,113,23.5,5.4,70.7,70.2
22/04/2024 16:58,23.5,18.1,60.3,952,520,952,0,23.5,15.4,1013,0,0,0,112,113,23.5,5.4,70.7,70.2
22/04/2024 16:59,23.5,18.1,60.3,952,520,952.1,0,23.5,15.4,1012,0,0,0,113,113,23.5,5.4,70.8,70.2
22/04/2024 16:59,23.5,18.1,60.2,951.9,521,951.9,0,23.5,15.4,1015,0,0,0,112,113,23.5,5.4,70.8,70.3
22/04/2024 17:00,23.5,18.1,60.2,952,521,952,0,23.5,15.4,1014,0,0,0,112,113,23.5,5.4,70.8,70.3
22/04/2024 17:00,23.5,18.1,60.2,952,520,952.1,0,23.5,15.4,1013,0,0,0,112,112,23.5,5.4,70.8,70.3
22/04/2024 17:01,23.5,18.1,60.2,952,520,952,0,23.5,15.4,1014,0,0,0,113,113,23.5,5.4,70.8,70.3
22/04/2024 17:01,23.5,18.1,60.3,951.9,521,951.9,0,23.5,15.4,1015,0,0,0,112,113,23.5,5.4,70.8,70.3
22/04/2024 17:02,23.5,18.1,60.3,952,521,952,0,23.5,15.4,1014,0,0,0,112,112,23.5,5.4,70.8,70.3
22/04/2024 17:02,23.5,18.1,60.3,952,520,952.1,0,23.5,15.4,1013,0,0,0,112,113,23.5,5.4,70.8,70.3
22/04/2024 17:03,23.5,18.1,60.3,951.9,521,951.9,0,23.5,15.4,1015,0,0,0,112,113,23.5,5.4,70.8,70.3
22/04/2024 17:03,23.5,18.1,60.3,951.9,521,951.9,0,23.5,15.4,1015,0,0,0,112,113,23.5,5.4,70.8,70.3
22/04/2024 17:04,23.5,18.1,60.3,952,521,952,0,23.5,15.4,1014,0,0,0,113,114,23.5,5.4,70.8,70.3
22/04/2024 17:04,23.5,18.1,60.2,952,521,952,0,23.5,15.4,1014,0,0,0,112,113,23.5,5.4,70.8,70.3
22/04/2024 17:05,23.5,18.1,60.2,952,521,952,0,23.5,15.4,1014,0,0,0,113,113,23.5,5.4,70.8,70.3
22/04/2024 17:05,23.5,18.1,60.2,951.7,522,951.8,0,23.5,15.4,1016,0,0,0,112,113,23.5,5.4,70.8,70.3
22/04/2024 17:06,23.5,18.1,60.1,951.9,521,951.9,0,23.5,15.4,1015,0,0,0,111,112,23.5,5.4,70.8,70.3
22/04/2024 17:06,23.5,18.1,60.2,951.9,522,951.9,0,23.5,15.4,1015,0,0,0,112,113,23.5,5.4,70.8,70.3
22/04/2024 17:07,23.5,18.1,60.2,951.7,522,951.9,0,23.5,15.4,1015,0,0,0,112,112,23.5,5.4,70.8,70.3
22/04/2024 17:07,23.5,18.1,60.2,951.7,522,951.8,0,23.5,15.4,1016,0,0,0,112,113,23.5,5.4,70.8,70.3
22/04/2024 17:08,23.5,18.1,60.2,951.9,522,951.9,0,23.5,15.4,1015,0,0,0,112,112,23.5,5.4,70.8,70.3
22/04/2024 17:08,23.5,18.1,60.2,951.7,522,951.8,0,23.5,15.4,1016,0,0,0,112,113,23.5,5.4,70.8,70.3
22/04/2024 17:09,23.5,18.1,60.1,951.7,522,951.8,0,23.5,15.3,1016,0,0,0,112,113,23.5,5.4,70.8,70.2
22/04/2024 17:09,23.5,18.1,60.1,951.7,523,951.8,0,23.5,15.3,1016,0,0,0,113,113,23.5,5.4,70.8,70.2
22/04/2024 17:10,23.5,18.1,60.1,951.7,523,951.8,0,23.5,15.3,1016,0,0,0,112,112,23.5,5.4,70.8,70.2
22/04/2024 17:10,23.5,18.1,60.1,951.7,522,951.8,0,23.5,15.3,1016,0,0,0,112,113,23.5,5.4,70.8,70.2
22/04/2024 17:11,23.5,18.1,60.1,951.9,522,951.9,0,23.5,15.3,1015,0,0,0,112,113,23.5,5.4,70.8,70.2
22/04/2024 17:11,23.5,18,60.1,951.9,522,951.9,0,23.5,15.3,1015,0,0,0,112,113,23.5,5.5,70.8,70.2
22/04/2024 17:12,23.5,18,60.1,951.7,522,951.8,0,23.5,15.3,1016,0,0,0,113,113,23.5,5.5,70.8,70.2
22/04/2024 17:12,23.5,18,60.1,951.9,522,951.9,0,23.5,15.3,1015,0,0,0,112,113,23.5,5.5,70.8,70.2
22/04/2024 17:13,23.5,18,60,951.9,522,951.9,0,23.5,15.3,1015,0,0,0,112,113,23.5,5.5,70.8,70.2
22/04/2024 17:13,23.5,18,60,951.9,522,951.9,0,23.5,15.3,1015,0,0,0,113,113,23.5,5.5,70.8,70.2
22/04/2024 17:14,23.5,18,60,951.7,523,951.7,0,23.5,15.3,1018,0,0,0,112,113,23.5,5.5,70.8,70.2
22/04/2024 17:14,23.5,18,60,951.7,522,951.8,0,23.5,15.3,1016,0,0,0,113,113,23.5,5.5,70.8,70.2
22/04/2024 17:15,23.5,18,60,951.7,522,951.8,0,23.5,15.3,1016,0,0,0,112,113,23.5,5.5,70.8,70.2
22/04/2024 17:15,23.5,18,60.1,951.7,522,951.8,0,23.5,15.3,1015,0,0,0,112,113,23.5,5.5,70.7,70.2
22/04/2024 17:16,23.5,18,60,951.7,523,951.8,0,23.5,15.3,1016,0,0,0,112,112,23.5,5.5,70.8,70.2
22/04/2024 17:16,23.5,18,60.1,951.7,522,951.8,0,23.5,15.3,1015,0,0,0,112,113,23.5,5.5,70.7,70.2
22/04/2024 17:17,23.5,18,60,951.7,524,951.7,0,23.5,15.3,1018,0,0,0,112,113,23.5,5.5,70.8,70.2
22/04/2024 17:17,23.5,18,60.1,951.7,524,951.7,0,23.5,15.3,1017,0,0,0,112,113,23.5,5.5,70.7,70.2
22/04/2024 17:18,23.5,18,60,951.7,523,951.7,0,23.5,15.3,1018,0,0,0,112,113,23.5,5.5,70.8,70.2
22/04/2024 17:18,23.5,18,60,951.7,523,951.7,0,23.5,15.3,1018,0,0,0,113,113,23.5,5.5,70.8,70.2
22/04/2024 17:19,23.5,18,60,951.7,522,951.8,0,23.5,15.3,1016,0,0,0,112,113,23.5,5.5,70.8,70.2
22/04/2024 17:19,23.5,18,60,951.7,523,951.8,0,23.5,15.3,1016,0,0,0,112,113,23.5,5.5,70.8,70.2
22/04/2024 17:20,23.5,18,60,951.7,522,951.8,0,23.5,15.3,1016,0,0,0,112,112,23.5,5.5,70.8,70.2
22/04/2024 17:20,23.5,18,60,951.7,522,951.8,0,23.5,15.3,1016,0,0,0,113,113,23.5,5.5,70.8,70.2
22/04/2024 17:21,23.5,18,60,951.7,523,951.7,0,23.5,15.3,1018,0,0,0,112,113,23.5,5.5,70.8,70.2
22/04/2024 17:21,23.5,18,60,951.7,523,951.8,0,23.5,15.3,1016,0,0,0,112,113,23.5,5.5,70.8,70.2
22/04/2024 17:22,23.5,18,60,951.7,522,951.8,0,23.5,15.3,1016,0,0,0,112,113,23.5,5.5,70.8,70.2
22/04/2024 17:22,23.5,18.1,60,951.7,522,951.8,0,23.5,15.3,1017,0,0,0,113,113,23.5,5.4,70.8,70.3
22/04/2024 17:23,23.5,18.1,60,951.7,522,951.8,0,23.5,15.3,1017,0,0,0,112,113,23.5,5.4,70.8,70.3
22/04/2024 17:23,23.5,18.1,60,951.7,522,951.8,0,23.5,15.3,1017,0,0,0,112,113,23.5,5.4,70.8,70.3
22/04/2024 17:24,23.5,18.1,60,951.7,523,951.8,0,23.5,15.3,1017,0,0,0,112,112,23.5,5.4,70.8,70.3
22/04/2024 17:24,23.5,18.1,60.1,951.7,522,951.8,0,23.5,15.3,1017,0,0,0,112,113,23.5,5.4,70.8,70.3
22/04/2024 17:25,23.5,18.1,60.1,951.7,522,951.9,0,23.5,15.3,1015,0,0,0,112,112,23.5,5.4,70.8,70.3
22/04/2024 17:25,23.5,18.1,60.1,951.7,523,951.8,0,23.5,15.4,1017,0,0,0,113,113,23.5,5.4,70.8,70.3
22/04/2024 17:26,23.5,18.1,60.1,951.7,523,951.8,0,23.5,15.4,1017,0,0,0,112,113,23.5,5.4,70.8,70.3
22/04/2024 17:26,23.6,18.1,60,951.7,522,951.8,0,23.5,15.4,1018,0,0,0,112,113,23.5,5.5,70.8,70.3
22/04/2024 17:27,23.6,18.1,60.1,951.7,522,951.8,0,23.5,15.4,1018,0,0,0,112,113,23.5,5.5,70.8,70.3
22/04/2024 17:27,23.6,18.1,60.1,951.7,523,951.8,0,23.5,15.4,1018,0,0,0,112,113,23.5,5.5,70.8,70.3
22/04/2024 17:28,23.6,18.1,60.1,951.7,522,951.8,0,23.5,15.4,1018,0,0,0,113,113,23.5,5.5,70.8,70.3
22/04/2024 17:28,23.6,18.1,60.1,951.7,523,951.8,0,23.5,15.4,1018,0,0,0,112,113,23.5,5.5,70.8,70.3
22/04/2024 17:29,23.6,18.1,60.1,951.7,524,951.7,0,23.5,15.4,1019,0,0,0,112,112,23.5,5.5,70.8,70.3
22/04/2024 17:29,23.6,18.1,60.1,951.7,522,951.8,0,23.5,15.4,1018,0,0,0,112,112,23.5,5.5,70.8,70.3
22/04/2024 17:30,23.6,18.1,60,951.7,523,951.8,0,23.5,15.4,1019,0,0,0,112,113,23.6,5.5,70.8,70.3
22/04/2024 17:30,23.6,18.1,60.1,951.7,522,951.8,0,23.5,15.4,1018,0,0,0,112,113,23.5,5.5,70.8,70.3
22/04/2024 17:31,23.6,18.1,60.1,951.7,522,951.8,0,23.5,15.4,1018,0,0,0,112,113,23.5,5.5,70.8,70.3
22/04/2024 17:31,23.6,18.1,60.1,951.7,523,951.7,0,23.5,15.4,1019,0,0,0,112,113,23.5,5.5,70.8,70.3
22/04/2024 17:32,23.6,18.1,60,951.7,523,951.7,0,23.5,15.4,1019,0,0,0,113,113,23.5,5.5,70.8,70.3
22/04/2024 17:32,23.6,18.1,60,951.7,522,951.8,0,23.5,15.4,1019,0,0,0,112,113,23.6,5.5,70.8,70.3
22/04/2024 17:33,23.6,18.1,60,951.7,522,951.8,0,23.5,15.4,1018,0,0,0,112,112,23.5,5.5,70.8,70.3
22/04/2024 17:33,23.6,18.1,60,951.7,523,951.8,0,23.5,15.4,1018,0,0,0,112,113,23.5,5.5,70.8,70.3
22/04/2024 17:34,23.6,18.1,60,951.7,522,951.8,0,23.5,15.4,1018,0,0,0,112,113,23.5,5.5,70.8,70.3
22/04/2024 17:34,23.6,18.1,60.1,951.9,521,951.9,0,23.5,15.4,1017,0,0,0,112,113,23.5,5.5,70.8,70.3
22/04/2024 17:35,23.6,18.1,60,951.7,524,951.7,0,23.4,15.3,1019,0,0,0,112,113,23.5,5.5,70.8,70.3
22/04/2024 17:35,23.6,18.1,60,951.7,523,951.8,0,23.5,15.4,1018,0,0,0,112,113,23.5,5.5,70.8,70.3
22/04/2024 17:36,23.6,18.1,60,951.7,524,951.7,0,23.4,15.3,1019,0,0,0,112,113,23.5,5.5,70.8,70.3
22/04/2024 17:36,23.6,18.1,60,951.7,523,951.7,0,23.4,15.3,1019,0,0,0,112,112,23.5,5.5,70.8,70.3
22/04/2024 17:37,23.6,18.1,60,951.7,523,951.7,0,23.4,15.3,1019,0,0,0,112,113,23.5,5.5,70.8,70.3
22/04/2024 17:37,23.6,18.1,60,951.7,523,951.7,0,23.4,15.3,1019,0,0,0,112,113,23.5,5.5,70.8,70.3
22/04/2024 17:38,23.6,18.1,59.9,951.7,523,951.8,0,23.4,15.3,1018,0,0,0,112,113,23.5,5.5,70.8,70.3
22/04/2024 17:38,23.6,18.1,59.9,951.7,524,951.7,0,23.4,15.3,1019,0,0,0,112,113,23.5,5.5,70.8,70.3
22/04/2024 17:39,23.6,18.1,59.9,951.7,523,951.7,0,23.4,15.3,1019,0,0,0,112,113,23.5,5.5,70.8,70.3
22/04/2024 17:39,23.6,18.1,59.9,951.7,523,951.7,0,23.4,15.3,1019,0,0,0,112,113,23.5,5.5,70.8,70.3
22/04/2024 17:40,23.6,18.1,59.8,951.7,523,951.7,0,23.4,15.3,1019,0,0,0,112,113,23.5,5.5,70.8,70.3
22/04/2024 17:40,23.6,18.1,59.8,951.7,523,951.8,0,23.4,15.3,1018,0,0,0,112,113,23.5,5.5,70.8,70.3
22/04/2024 17:41,23.6,18.1,59.8,951.7,524,951.7,0,23.4,15.3,1019,0,0,0,112,113,23.5,5.5,70.8,70.3
22/04/2024 17:41,23.6,18.1,59.8,951.7,522,951.8,0,23.4,15.3,1018,0,0,0,112,113,23.5,5.5,70.8,70.3
22/04/2024 17:42,23.6,18.1,59.8,951.7,524,951.7,0,23.4,15.3,1019,0,0,0,112,113,23.5,5.5,70.8,70.3
22/04/2024 17:42,23.6,18.1,59.8,951.7,523,951.7,0,23.4,15.3,1019,0,0,0,113,113,23.5,5.5,70.8,70.3
22/04/2024 17:43,23.6,18.1,59.8,951.7,523,951.7,0,23.4,15.3,1019,0,0,0,113,113,23.5,5.5,70.8,70.3
22/04/2024 17:43,23.6,18.1,59.8,951.7,523,951.7,0,23.4,15.3,1019,0,0,0,112,112,23.5,5.5,70.8,70.3
22/04/2024 17:44,23.6,18.1,59.8,951.7,523,951.7,0,23.4,15.3,1019,0,0,0,113,113,23.5,5.5,70.8,70.3
22/04/2024 17:44,23.6,18.1,59.8,951.7,522,951.8,0,23.4,15.3,1018,0,0,0,112,113,23.5,5.5,70.8,70.3
22/04/2024 17:45,23.6,18.1,59.8,951.7,522,951.8,0,23.4,15.3,1018,0,0,0,112,113,23.5,5.5,70.8,70.3
22/04/2024 17:45,23.6,18.1,59.8,951.7,523,951.8,0,23.4,15.3,1018,0,0,0,113,113,23.5,5.5,70.8,70.3
22/04/2024 17:46,23.6,18.1,59.8,951.7,523,951.8,0,23.4,15.3,1018,0,0,0,113,113,23.5,5.5,70.8,70.3
22/04/2024 17:46,23.6,18.1,59.8,951.7,522,951.8,0,23.4,15.3,1018,0,0,0,112,113,23.5,5.5,70.8,70.3
22/04/2024 17:47,23.6,18.1,59.8,951.7,523,951.7,0,23.4,15.3,1019,0,0,0,113,113,23.5,5.5,70.8,70.3
22/04/2024 17:47,23.6,18.1,59.8,951.7,523,951.8,0,23.4,15.3,1018,0,0,0,112,113,23.5,5.5,70.8,70.3
22/04/2024 17:48,23.6,18.1,59.9,951.7,523,951.8,0,23.4,15.3,1018,0,0,0,113,113,23.5,5.5,70.8,70.3
22/04/2024 17:48,23.6,18.1,59.8,951.7,523,951.7,0,23.4,15.3,1019,0,0,0,112,112,23.5,5.5,70.8,70.3
22/04/2024 17:49,23.6,18.1,59.8,951.7,523,951.7,0,23.4,15.3,1019,0,0,0,112,113,23.5,5.5,70.8,70.3
22/04/2024 17:49,23.6,18.1,59.9,951.5,524,951.6,0,23.4,15.3,1020,0,0,0,112,112,23.5,5.5,70.8,70.3
22/04/2024 17:50,23.6,18.1,59.9,951.7,524,951.7,0,23.4,15.3,1019,0,0,0,113,113,23.5,5.5,70.8,70.3
22/04/2024 17:50,23.6,18.1,59.9,951.7,523,951.8,0,23.4,15.3,1018,0,0,0,112,113,23.5,5.5,70.8,70.3
22/04/2024 17:51,23.6,18.1,59.8,951.7,523,951.8,0,23.5,15.3,1019,0,0,0,113,113,23.6,5.5,70.8,70.3
22/04/2024 17:51,23.6,18.1,59.8,951.7,524,951.7,0,23.5,15.3,1020,0,0,0,112,112,23.6,5.5,70.8,70.3
22/04/2024 17:52,23.6,18.1,59.8,951.7,523,951.8,0,23.5,15.3,1019,0,0,0,112,113,23.6,5.5,70.8,70.3
22/04/2024 17:52,23.6,18.1,59.8,951.7,522,951.8,0,23.5,15.3,1019,0,0,0,112,113,23.6,5.5,70.8,70.3
22/04/2024 17:53,23.6,18.1,59.8,951.7,523,951.7,0,23.5,15.3,1020,0,0,0,112,112,23.6,5.5,70.8,70.3
22/04/2024 17:53,23.6,18.1,59.9,951.7,522,951.8,0,23.5,15.3,1019,0,0,0,113,113,23.6,5.5,70.8,70.3
22/04/2024 17:54,23.6,18.1,59.9,951.7,523,951.8,0,23.5,15.3,1019,0,0,0,112,113,23.6,5.5,70.8,70.3
22/04/2024 17:54,23.6,18.1,59.8,951.7,522,951.8,0,23.5,15.3,1019,0,0,0,112,112,23.6,5.5,70.9,70.3
22/04/2024 17:55,23.6,18.1,59.9,951.7,523,951.7,0,23.5,15.3,1020,0,0,0,112,113,23.6,5.5,70.8,70.3
22/04/2024 17:55,23.6,18.1,59.9,951.7,523,951.7,0,23.5,15.4,1020,0,0,0,113,113,23.6,5.5,70.8,70.3
22/04/2024 17:56,23.6,18.1,59.9,951.7,522,951.8,0,23.5,15.4,1019,0,0,0,113,113,23.6,5.5,70.9,70.3
22/04/2024 17:56,23.6,18.1,59.9,951.7,522,951.8,0,23.5,15.4,1019,0,0,0,113,113,23.6,5.5,70.9,70.3
22/04/2024 17:57,23.6,18.1,59.9,951.9,522,951.9,0,23.5,15.3,1018,0,0,0,112,112,23.6,5.5,70.8,70.3
22/04/2024 17:57,23.6,18.1,59.9,951.7,523,951.8,0,23.5,15.3,1019,0,0,0,112,112,23.6,5.5,70.8,70.3
22/04/2024 17:58,23.6,18.1,59.8,951.7,523,951.8,0,23.5,15.3,1019,0,0,0,113,113,23.6,5.5,70.9,70.3
22/04/2024 17:58,23.6,18.1,59.9,951.7,523,951.8,0,23.5,15.3,1019,0,0,0,138,138,23.6,5.5,70.8,70.3
22/04/2024 17:59,23.6,18.1,59.8,951.7,523,951.7,0,23.5,15.3,1020,0,0,0,149,150,23.6,5.5,70.8,70.3
22/04/2024 17:59,23.6,18.1,59.8,951.7,523,951.8,0,23.5,15.3,1019,0,0,0,148,149,23.6,5.5,70.8,70.3
22/04/2024 18:00,23.6,18.1,59.7,951.4,526,951.4,0,23.4,15.3,1022,0,0,0,251,252,23.5,5.5,70.8,70.3
22/04/2024 18:00,23.6,18.1,59.6,951.7,522,951.8,0,23.4,15.3,1018,0,0,0,90,91,23.5,5.5,70.8,70.3
22/04/2024 18:01,23.6,18,59.5,951.7,523,951.7,0,23.4,15.2,1019,0,0,0,84,84,23.5,5.6,70.8,70.2
22/04/2024 18:01,23.6,18,59.4,951.7,523,951.8,0,23.4,15.2,1017,0,0,0,84,85,23.5,5.6,70.8,70.2
22/04/2024 18:02,23.5,18,59.3,951.9,522,951.9,0,23.4,15.2,1014,0,0,0,83,83,23.5,5.5,70.7,70.2
22/04/2024 18:02,23.5,18,59.2,951.7,523,951.8,0,23.4,15.1,1015,0,0,0,83,84,23.5,5.5,70.7,70.2
22/04/2024 18:03,23.5,18,59.1,951.7,523,951.8,0,23.4,15.1,1015,0,0,0,83,83,23.5,5.5,70.7,70.2
22/04/2024 18:03,23.5,18,59,951.7,523,951.7,0,23.4,15.1,1017,0,0,0,84,84,23.5,5.5,70.7,70.2
22/04/2024 18:04,23.5,17.9,58.8,951.7,523,951.7,0,23.4,15,1017,0,0,0,83,83,23.5,5.6,70.7,70.2
22/04/2024 18:04,23.5,17.9,58.8,951.7,523,951.7,0,23.4,15,1017,0,0,0,83,84,23.5,5.6,70.7,70.2
22/04/2024 18:05,23.5,17.9,58.7,951.7,523,951.7,0,23.4,15,1016,0,0,0,84,85,23.5,5.6,70.6,70.1
22/04/2024 18:05,23.5,17.9,58.6,951.7,523,951.7,0,23.4,15,1017,0,0,0,83,83,23.5,5.6,70.7,70.1
22/04/2024 18:06,23.5,17.8,58.5,951.7,523,951.8,0,23.4,14.9,1015,0,0,0,84,85,23.5,5.8,70.7,70.1
22/04/2024 18:06,23.5,17.8,58.5,951.7,523,951.7,0,23.4,14.9,1015,0,0,0,84,85,23.5,5.7,70.6,70.1
22/04/2024 18:07,23.5,17.8,58.4,951.7,524,951.7,0,23.3,14.9,1015,0,0,0,83,83,23.5,5.7,70.6,70.1
22/04/2024 18:07,23.5,17.8,58.3,951.7,523,951.8,0,23.3,14.9,1014,0,0,0,83,84,23.5,5.7,70.6,70.1
22/04/2024 18:08,23.5,17.8,58.3,951.7,523,951.7,0,23.3,14.9,1015,0,0,0,84,84,23.5,5.7,70.6,70.1
22/04/2024 18:08,23.5,17.7,58.2,951.7,523,951.8,0,23.3,14.8,1014,0,0,0,84,84,23.5,5.8,70.6,70.1
22/04/2024 18:09,23.5,17.7,58.1,951.7,524,951.7,0,23.3,14.8,1015,0,0,0,82,83,23.5,5.8,70.6,70.1
22/04/2024 18:09,23.5,17.8,58,951.7,522,951.8,0,23.3,14.8,1014,0,0,0,82,83,23.5,5.8,70.6,70.1
22/04/2024 18:10,23.5,17.8,58,951.7,523,951.8,0,23.3,14.8,1014,0,0,0,84,84,23.5,5.8,70.6,70.1
22/04/2024 18:10,23.5,17.8,58,951.7,523,951.7,0,23.3,14.8,1015,0,0,0,83,83,23.5,5.8,70.6,70.1
22/04/2024 18:11,23.5,17.8,58,951.7,523,951.7,0,23.3,14.8,1015,0,0,0,82,83,23.5,5.8,70.6,70.1
22/04/2024 18:11,23.5,17.8,57.9,951.7,523,951.8,0,23.3,14.8,1014,0,0,0,83,83,23.5,5.8,70.6,70.1
22/04/2024 18:12,23.5,17.8,57.9,951.7,523,951.7,0,23.3,14.8,1015,0,0,0,85,85,23.5,5.8,70.6,70.1
22/04/2024 18:12,23.5,17.8,57.8,951.7,524,951.7,0,23.3,14.8,1015,0,0,0,83,84,23.5,5.8,70.6,70.1
22/04/2024 18:13,23.5,17.8,57.8,951.7,524,951.7,0,23.3,14.8,1015,0,0,0,82,82,23.5,5.8,70.6,70.1
22/04/2024 18:13,23.5,17.8,57.8,951.7,523,951.8,0,23.3,14.8,1014,0,0,0,83,83,23.5,5.8,70.6,70.1
22/04/2024 18:14,23.5,17.7,57.8,951.7,523,951.7,0,23.3,14.7,1015,0,0,0,82,83,23.5,5.8,70.6,70
22/04/2024 18:14,23.6,17.7,57.6,951.7,524,951.7,0,23.3,14.7,1017,0,0,0,84,84,23.5,5.9,70.6,70.1
22/04/2024 18:15,23.6,17.7,57.6,951.7,523,951.7,0,23.3,14.7,1017,0,0,0,83,84,23.5,5.9,70.6,70.1
22/04/2024 18:15,23.6,17.7,57.6,951.7,524,951.7,0,23.3,14.7,1017,0,0,0,83,83,23.5,5.9,70.6,70.1
22/04/2024 18:16,23.6,17.7,57.6,951.7,524,951.7,0,23.3,14.7,1017,0,0,0,83,84,23.5,5.9,70.6,70.1
22/04/2024 18:16,23.6,17.7,57.6,951.7,523,951.7,0,23.3,14.7,1017,0,0,0,83,83,23.5,5.9,70.6,70.1
22/04/2024 18:17,23.6,17.7,57.6,951.7,524,951.7,0,23.3,14.7,1017,0,0,0,81,82,23.5,5.9,70.6,70.1
22/04/2024 18:17,23.6,17.7,57.5,951.5,524,951.6,0,23.4,14.7,1018,0,0,0,83,84,23.6,5.9,70.6,70.1
22/04/2024 18:18,23.6,17.7,57.5,951.7,523,951.8,0,23.4,14.7,1017,0,0,0,84,84,23.6,5.9,70.6,70.1
22/04/2024 18:18,23.6,17.7,57.5,951.5,524,951.6,0,23.4,14.7,1018,0,0,0,83,84,23.6,5.9,70.6,70.1
22/04/2024 18:19,23.6,17.7,57.5,951.7,524,951.7,0,23.4,14.7,1018,0,0,0,83,83,23.6,5.9,70.6,70.1
22/04/2024 18:19,23.6,17.7,57.5,951.7,523,951.7,0,23.4,14.7,1018,0,0,0,84,84,23.6,5.9,70.6,70.1
22/04/2024 18:20,23.6,17.7,57.5,951.7,524,951.7,0,23.4,14.7,1017,0,0,0,83,84,23.6,5.9,70.7,70.1
22/04/2024 18:20,23.6,17.7,57.5,951.5,524,951.6,0,23.4,14.7,1018,0,0,0,84,85,23.6,5.9,70.7,70.1
22/04/2024 18:21,23.6,17.7,57.5,951.5,524,951.6,0,23.4,14.7,1018,0,0,0,83,84,23.6,5.9,70.7,70.1
22/04/2024 18:21,23.6,17.7,57.5,951.5,525,951.5,0,23.4,14.7,1019,0,0,0,84,84,23.6,5.9,70.7,70.1
22/04/2024 18:22,23.6,17.7,57.5,951.5,525,951.5,0,23.4,14.7,1019,0,0,0,85,86,23.6,5.9,70.7,70.1
22/04/2024 18:22,23.6,17.7,57.5,951.5,526,951.5,0,23.4,14.7,1019,0,0,0,84,84,23.6,5.9,70.7,70.1
22/04/2024 18:23,23.6,17.7,57.4,951.5,524,951.6,0,23.4,14.7,1019,0,0,0,84,84,23.6,5.9,70.7,70.1
22/04/2024 18:23,23.6,17.7,57.5,951.5,524,951.6,0,23.4,14.7,1018,0,0,0,83,83,23.6,5.9,70.7,70.1
22/04/2024 18:24,23.6,17.7,57.4,951.7,524,951.7,0,23.4,14.7,1018,0,0,0,83,84,23.6,5.9,70.7,70.1
22/04/2024 18:24,23.6,17.7,57.4,951.7,524,951.6,0,23.4,14.7,1019,0,0,0,83,84,23.6,5.9,70.7,70.1
22/04/2024 18:25,23.6,17.7,57.4,951.5,524,951.6,0,23.4,14.7,1019,0,0,0,84,84,23.6,5.9,70.7,70.1
22/04/2024 18:25,23.6,17.7,57.3,951.5,525,951.5,0,23.4,14.7,1020,0,0,0,83,83,23.6,5.9,70.7,70.1
22/04/2024 18:26,23.6,17.7,57.4,951.7,524,951.7,0,23.4,14.7,1018,0,0,0,84,85,23.6,5.9,70.7,70.1
22/04/2024 18:26,23.6,17.7,57.4,951.5,524,951.6,0,23.4,14.7,1019,0,0,0,83,84,23.6,5.9,70.7,70.1
22/04/2024 18:27,23.6,17.7,57.3,951.7,523,951.7,0,23.4,14.7,1018,0,0,0,83,83,23.6,5.9,70.7,70.1
22/04/2024 18:27,23.6,17.7,57.4,951.5,524,951.6,0,23.4,14.7,1019,0,0,0,84,85,23.6,5.9,70.7,70.1
22/04/2024 18:28,23.6,17.7,57.3,951.7,524,951.7,0,23.4,14.7,1018,0,0,0,82,83,23.6,5.9,70.7,70.1
22/04/2024 18:28,23.6,17.7,57.3,951.7,523,951.7,0,23.4,14.7,1018,0,0,0,85,85,23.6,5.9,70.7,70.1
22/04/2024 18:29,23.6,17.7,57.3,951.5,524,951.6,0,23.4,14.7,1019,0,0,0,83,84,23.6,5.9,70.7,70.1
22/04/2024 18:29,23.6,17.7,57.4,951.7,523,951.7,0,23.4,14.7,1017,0,0,0,84,84,23.6,5.9,70.6,70.1
22/04/2024 18:30,23.6,17.7,57.4,951.7,524,951.7,0,23.4,14.7,1017,0,0,0,83,84,23.6,5.9,70.6,70.1
22/04/2024 18:30,23.6,17.7,57.4,951.7,523,951.8,0,23.4,14.7,1016,0,0,0,82,83,23.6,5.9,70.6,70.1
22/04/2024 18:31,23.6,17.7,57.4,951.5,524,951.6,0,23.4,14.7,1018,0,0,0,83,84,23.6,5.9,70.6,70.1
22/04/2024 18:31,23.6,17.7,57.3,951.7,524,951.7,0,23.4,14.7,1017,0,0,0,83,84,23.6,5.9,70.6,70.1
22/04/2024 18:32,23.6,17.7,57.3,951.7,524,951.6,0,23.4,14.7,1018,0,0,0,83,84,23.6,5.9,70.6,70.1
22/04/2024 18:32,23.6,17.7,57.3,951.7,523,951.7,0,23.4,14.7,1017,0,0,0,85,85,23.6,5.9,70.6,70.1
22/04/2024 18:33,23.6,17.7,57.3,951.7,524,951.7,0,23.4,14.7,1017,0,0,0,83,84,23.6,5.9,70.6,70.1
22/04/2024 18:33,23.6,17.7,57.3,951.7,523,951.7,0,23.4,14.7,1017,0,0,0,82,83,23.6,5.9,70.6,70.1
22/04/2024 18:34,23.6,17.7,57.3,951.7,524,951.7,0,23.4,14.7,1017,0,0,0,83,83,23.6,5.9,70.6,70.1
22/04/2024 18:34,23.6,17.7,57.2,951.7,523,951.8,0,23.4,14.7,1016,0,0,0,83,83,23.6,5.9,70.6,70.1
22/04/2024 18:35,23.6,17.6,57.2,951.7,524,951.7,0,23.4,14.6,1016,0,0,0,83,84,23.6,6,70.6,70.1
22/04/2024 18:35,23.6,17.6,57.2,951.7,523,951.8,0,23.4,14.6,1015,0,0,0,83,83,23.6,6,70.6,70.1
22/04/2024 18:36,23.6,17.6,57.2,951.7,524,951.7,0,23.4,14.6,1016,0,0,0,83,83,23.6,6,70.6,70.1
22/04/2024 18:36,23.6,17.6,57.2,951.7,524,951.7,0,23.4,14.6,1016,0,0,0,83,84,23.6,6,70.6,70.1
22/04/2024 18:37,23.6,17.6,57.2,951.7,523,951.7,0,23.4,14.6,1016,0,0,0,84,85,23.6,6,70.6,70.1
22/04/2024 18:37,23.6,17.6,57.2,951.7,524,951.7,0,23.4,14.6,1016,0,0,0,84,84,23.6,6,70.6,70.1
22/04/2024 18:38,23.6,17.6,57.2,951.7,523,951.7,0,23.4,14.6,1016,0,0,0,83,83,23.6,6,70.6,70.1
22/04/2024 18:38,23.6,17.6,57.2,951.7,523,951.7,0,23.4,14.6,1016,0,0,0,83,84,23.6,6,70.6,70.1
22/04/2024 18:39,23.6,17.6,57.2,951.7,524,951.7,0,23.4,14.6,1016,0,0,0,83,83,23.6,6,70.6,70.1
22/04/2024 18:39,23.6,17.6,57.2,951.7,523,951.7,0,23.4,14.6,1016,0,0,0,90,90,23.6,6,70.6,70.1
22/04/2024 18:40,23.6,17.6,57.1,951.7,523,951.7,0,23.4,14.6,1016,0,0,0,91,91,23.6,6,70.6,70.1
22/04/2024 18:40,23.6,17.6,57.2,951.7,523,951.7,0,23.4,14.6,1016,0,0,0,79,80,23.6,6,70.6,70.1
22/04/2024 18:41,23.6,17.6,57.1,951.7,523,951.8,0,23.4,14.6,1015,0,0,0,80,81,23.6,6,70.6,70.1
22/04/2024 18:41,23.6,17.6,57.1,951.7,523,951.8,0,23.4,14.6,1015,0,0,0,79,80,23.6,6,70.6,70.1
22/04/2024 18:42,23.6,17.6,57.2,951.7,524,951.7,0,23.4,14.6,1016,0,0,0,80,81,23.6,6,70.6,70.1
22/04/2024 18:42,23.6,17.6,57.2,951.7,523,951.8,0,23.4,14.6,1016,0,0,0,80,81,23.6,6,70.6,70.1
22/04/2024 18:43,23.6,17.6,57.2,951.7,523,951.7,0,23.4,14.6,1016,0,0,0,80,81,23.6,6,70.6,70.1
22/04/2024 18:43,23.6,17.6,57.2,951.7,523,951.8,0,23.4,14.6,1015,0,0,0,81,82,23.6,6,70.6,70.1
22/04/2024 18:44,23.6,17.6,57.2,951.7,524,951.7,0,23.4,14.6,1017,0,0,0,79,80,23.6,6,70.6,70.1
22/04/2024 18:44,23.6,17.6,57.1,951.7,523,951.8,0,23.4,14.6,1016,0,0,0,81,81,23.6,6,70.6,70.1
22/04/2024 18:45,23.6,17.6,57.2,951.7,524,951.7,0,23.4,14.6,1017,0,0,0,80,81,23.6,6,70.6,70.1
22/04/2024 18:45,23.6,17.7,57.2,951.7,524,951.7,0,23.4,14.7,1017,0,0,0,80,81,23.6,5.9,70.6,70.1
22/04/2024 18:46,23.6,17.7,57.2,951.7,523,951.7,0,23.4,14.7,1017,0,0,0,80,81,23.6,5.9,70.6,70.1
22/04/2024 18:46,23.6,17.7,57.2,951.7,523,951.8,0,23.4,14.7,1016,0,0,0,80,81,23.6,5.9,70.6,70.1
22/04/2024 18:47,23.6,17.7,57.3,951.7,524,951.7,0,23.4,14.7,1017,0,0,0,80,81,23.6,5.9,70.6,70.1
22/04/2024 18:47,23.6,17.7,57.3,951.7,524,951.7,0,23.4,14.7,1017,0,0,0,79,80,23.6,5.9,70.6,70.1
22/04/2024 18:48,23.6,17.7,57.3,951.5,525,951.6,0,23.4,14.7,1018,0,0,0,80,81,23.6,5.9,70.6,70.1
22/04/2024 18:48,23.6,17.7,57.2,951.5,524,951.6,0,23.4,14.7,1019,0,0,0,81,81,23.6,5.9,70.7,70.1
22/04/2024 18:49,23.6,17.7,57.3,951.5,525,951.6,0,23.4,14.7,1018,0,0,0,81,81,23.6,5.9,70.6,70.1
22/04/2024 18:49,23.6,17.7,57.2,951.7,524,951.7,0,23.4,14.7,1018,0,0,0,80,80,23.6,5.9,70.7,70.1
22/04/2024 18:50,23.6,17.7,57.2,951.5,524,951.6,0,23.4,14.7,1019,0,0,0,81,81,23.6,5.9,70.7,70.1
22/04/2024 18:50,23.6,17.7,57.2,951.5,525,951.6,0,23.4,14.7,1019,0,0,0,81,81,23.6,5.9,70.7,70.1
22/04/2024 18:51,23.6,17.7,57.2,951.7,523,951.8,0,23.4,14.7,1017,0,0,0,81,82,23.6,5.9,70.7,70.1
22/04/2024 18:51,23.6,17.7,57.2,951.7,523,951.7,0,23.4,14.7,1018,0,0,0,81,82,23.6,5.9,70.7,70.1
22/04/2024 18:52,23.6,17.7,57.2,951.7,523,951.8,0,23.4,14.7,1017,0,0,0,80,81,23.6,5.9,70.7,70.1
22/04/2024 18:52,23.6,17.7,57.2,951.7,523,951.7,0,23.4,14.7,1018,0,0,0,80,81,23.6,5.9,70.7,70.1
22/04/2024 18:53,23.6,17.7,57.2,951.7,523,951.8,0,23.4,14.7,1017,0,0,0,81,82,23.6,5.9,70.7,70.1
22/04/2024 18:53,23.6,17.7,57.2,951.7,522,951.8,0,23.4,14.7,1017,0,0,0,80,80,23.6,5.9,70.7,70.1
22/04/2024 18:54,23.6,17.7,57.3,951.9,522,951.9,0,23.4,14.7,1015,0,0,0,80,81,23.6,5.9,70.6,70.1
22/04/2024 18:54,23.6,17.7,57.3,951.7,523,951.7,0,23.4,14.7,1017,0,0,0,80,81,23.6,5.9,70.6,70.1
22/04/2024 18:55,23.6,17.7,57.2,951.7,523,951.7,0,23.4,14.7,1017,0,0,0,80,81,23.6,5.9,70.6,70.1
22/04/2024 18:55,23.6,17.7,57.2,951.9,522,951.9,0,23.4,14.7,1015,0,0,0,79,80,23.6,5.9,70.6,70.1
22/04/2024 18:56,23.6,17.7,57.2,951.7,523,951.8,0,23.4,14.7,1016,0,0,0,80,81,23.6,5.9,70.6,70.1
22/04/2024 18:56,23.6,17.7,57.2,951.7,522,951.8,0,23.4,14.7,1016,0,0,0,79,80,23.6,5.9,70.6,70.1
22/04/2024 18:57,23.6,17.6,57.2,951.7,522,951.8,0,23.4,14.6,1016,0,0,0,80,80,23.6,6,70.6,70.1
22/04/2024 18:57,23.6,17.6,57.2,951.7,523,951.8,0,23.4,14.6,1015,0,0,0,79,79,23.6,6,70.6,70.1
22/04/2024 18:58,23.6,17.6,57.2,951.7,523,951.8,0,23.4,14.6,1015,0,0,0,81,82,23.6,6,70.6,70.1
22/04/2024 18:58,23.6,17.6,57.2,951.7,523,951.8,0,23.4,14.6,1015,0,0,0,80,81,23.6,6,70.6,70.1
22/04/2024 18:59,23.6,17.6,57.1,951.7,523,951.8,0,23.4,14.6,1015,0,0,0,80,80,23.6,6,70.6,70.1
22/04/2024 18:59,23.6,17.6,57.1,951.7,523,951.8,0,23.4,14.6,1015,0,0,0,81,81,23.6,6,70.6,70.1
22/04/2024 19:00,23.6,17.6,57.2,951.7,523,951.7,0,23.3,14.6,1015,0,0,0,81,81,23.5,6,70.6,70
22/04/2024 19:00,23.6,17.6,57.2,951.7,523,951.7,0,23.3,14.6,1015,0,0,0,80,80,23.5,6,70.6,70
22/04/2024 19:01,23.6,17.6,57.2,951.7,522,951.8,0,23.3,14.6,1014,0,0,0,80,81,23.5,6,70.6,70
22/04/2024 19:01,23.6,17.6,57.2,951.7,523,951.8,0,23.3,14.6,1014,0,0,0,80,81,23.5,6,70.6,70
22/04/2024 19:02,23.6,17.6,57.1,951.7,522,951.8,0,23.3,14.6,1014,0,0,0,80,81,23.5,6,70.6,70
22/04/2024 19:02,23.6,17.6,57.1,951.7,522,951.8,0,23.3,14.6,1014,0,0,0,79,80,23.5,6,70.6,70
22/04/2024 19:03,23.6,17.6,57.1,951.7,523,951.8,0,23.3,14.6,1014,0,0,0,82,82,23.5,6,70.6,70
22/04/2024 19:03,23.6,17.6,57.1,951.7,522,951.8,0,23.3,14.6,1014,0,0,0,81,81,23.5,6,70.5,70
22/04/2024 19:04,23.6,17.6,57.1,951.9,522,951.9,0,23.3,14.6,1014,0,0,0,81,81,23.5,6,70.5,70
22/04/2024 19:04,23.5,17.6,57.2,951.7,523,951.7,0,23.3,14.6,1014,0,0,0,80,81,23.5,5.9,70.5,70
22/04/2024 19:05,23.5,17.6,57.2,951.7,522,951.8,0,23.3,14.6,1013,0,0,0,80,80,23.5,5.9,70.5,70
22/04/2024 19:05,23.5,17.6,57.2,951.9,522,951.9,0,23.3,14.6,1012,0,0,0,79,80,23.5,5.9,70.5,70
22/04/2024 19:06,23.5,17.6,57.2,951.7,522,951.8,0,23.3,14.6,1013,0,0,0,80,81,23.5,5.9,70.5,70
22/04/2024 19:06,23.5,17.6,57.1,951.7,523,951.8,0,23.3,14.6,1013,0,0,0,81,81,23.5,5.9,70.5,70
22/04/2024 19:07,23.5,17.6,57.1,951.7,523,951.8,0,23.3,14.6,1013,0,0,0,81,81,23.5,5.9,70.5,70
22/04/2024 19:07,23.5,17.6,57.1,951.7,522,951.8,0,23.3,14.6,1013,0,0,0,81,81,23.5,5.9,70.5,70
22/04/2024 19:08,23.5,17.6,57.1,951.7,522,951.8,0,23.3,14.6,1013,0,0,0,80,81,23.5,5.9,70.5,70
22/04/2024 19:08,23.5,17.6,57.1,951.9,522,951.9,0,23.3,14.6,1012,0,0,0,80,81,23.5,5.9,70.5,70
22/04/2024 19:09,23.5,17.6,57.2,951.7,522,951.8,0,23.3,14.6,1013,0,0,0,81,82,23.5,5.9,70.5,70
22/04/2024 19:09,23.5,17.6,57.2,951.9,522,951.9,0,23.3,14.6,1012,0,0,0,81,81,23.5,5.9,70.5,70
22/04/2024 19:10,23.5,17.6,57.2,951.9,521,951.9,0,23.3,14.6,1012,0,0,0,80,81,23.5,5.9,70.5,70
22/04/2024 19:10,23.5,17.6,57.2,951.9,522,951.9,0,23.3,14.6,1012,0,0,0,80,80,23.5,5.9,70.5,70
22/04/2024 19:11,23.5,17.6,57.2,951.7,522,951.9,0,23.3,14.6,1012,0,0,0,79,80,23.5,5.9,70.5,70
22/04/2024 19:11,23.5,17.6,57.2,951.9,521,951.9,0,23.3,14.6,1012,0,0,0,80,80,23.5,5.9,70.5,70
22/04/2024 19:12,23.5,17.6,57.2,951.9,521,951.9,0,23.3,14.6,1012,0,0,0,80,81,23.5,5.9,70.5,70
22/04/2024 19:12,23.5,17.6,57.2,951.7,523,951.8,0,23.3,14.6,1013,0,0,0,80,80,23.5,5.9,70.5,70
22/04/2024 19:13,23.5,17.6,57.2,951.9,522,951.9,0,23.3,14.6,1012,0,0,0,80,80,23.5,5.9,70.5,70
22/04/2024 19:13,23.5,17.6,57.2,951.7,522,951.8,0,23.3,14.6,1013,0,0,0,80,80,23.5,5.9,70.5,70
22/04/2024 19:14,23.6,17.6,57.1,951.9,522,951.9,0,23.3,14.6,1014,0,0,0,80,80,23.5,6,70.5,70
22/04/2024 19:14,23.5,17.6,57.2,951.9,521,951.9,0,23.3,14.6,1012,0,0,0,80,80,23.5,5.9,70.5,70
22/04/2024 19:15,23.5,17.6,57.2,951.9,521,951.9,0,23.3,14.6,1012,0,0,0,80,81,23.5,5.9,70.5,70
22/04/2024 19:15,23.5,17.6,57.2,951.9,521,951.9,0,23.3,14.6,1012,0,0,0,81,82,23.5,5.9,70.5,70
22/04/2024 19:16,23.6,17.6,57.1,951.9,522,951.9,0,23.3,14.6,1014,0,0,0,81,81,23.5,6,70.5,70
22/04/2024 19:16,23.6,17.6,57.1,951.9,521,951.9,0,23.3,14.6,1014,0,0,0,80,81,23.5,6,70.6,70
22/04/2024 19:17,23.6,17.6,57.2,951.9,522,951.9,0,23.3,14.6,1014,0,0,0,79,80,23.5,6,70.6,70
22/04/2024 19:17,23.6,17.6,57.1,952,521,952,0,23.3,14.6,1012,0,0,0,81,82,23.5,6,70.6,70
22/04/2024 19:18,23.6,17.6,57.2,951.9,521,951.9,0,23.3,14.6,1014,0,0,0,80,81,23.5,6,70.6,70
22/04/2024 19:18,23.6,17.6,57.2,952,521,952,0,23.3,14.6,1012,0,0,0,79,80,23.5,6,70.6,70
22/04/2024 19:19,23.6,17.6,57.2,951.9,521,951.9,0,23.3,14.6,1014,0,0,0,80,81,23.5,6,70.6,70
22/04/2024 19:19,23.6,17.6,57.2,952,520,952.1,0,23.3,14.6,1011,0,0,0,80,80,23.5,6,70.6,70
22/04/2024 19:20,23.6,17.6,57.2,952,520,952,0,23.3,14.6,1012,0,0,0,80,80,23.5,6,70.6,70
22/04/2024 19:20,23.6,17.6,57.3,952,520,952,0,23.3,14.6,1012,0,0,0,79,79,23.5,6,70.6,70
22/04/2024 19:21,23.6,17.6,57.2,951.9,521,951.9,0,23.4,14.6,1014,0,0,0,79,80,23.6,6,70.6,70.1
22/04/2024 19:21,23.6,17.6,57.3,952,521,952,0,23.3,14.6,1012,0,0,0,79,80,23.5,6,70.6,70
22/04/2024 19:22,23.6,17.6,57.3,952,521,952,0,23.3,14.6,1012,0,0,0,81,82,23.5,6,70.6,70
22/04/2024 19:22,23.6,17.6,57.2,952,521,952,0,23.3,14.6,1012,0,0,0,80,80,23.5,6,70.6,70
22/04/2024 19:23,23.6,17.6,57.3,952,521,952,0,23.3,14.6,1012,0,0,0,80,80,23.5,6,70.6,70
22/04/2024 19:23,23.6,17.6,57.2,952,520,952,0,23.3,14.6,1012,0,0,0,79,79,23.5,6,70.6,70
22/04/2024 19:24,23.6,17.6,57.2,952,520,952,0,23.3,14.6,1012,0,0,0,80,80,23.5,6,70.6,70
22/04/2024 19:24,23.6,17.6,57.2,952,520,952.1,0,23.3,14.6,1011,0,0,0,79,80,23.5,6,70.6,70
22/04/2024 19:25,23.6,17.6,57.2,952,520,952,0,23.3,14.6,1012,0,0,0,79,80,23.5,6,70.6,70
22/04/2024 19:25,23.6,17.6,57.1,952,521,952,0,23.3,14.6,1012,0,0,0,79,79,23.5,6,70.6,70
22/04/2024 19:26,23.6,17.6,57.1,952,520,952,0,23.3,14.6,1012,0,0,0,81,81,23.5,6,70.5,70
22/04/2024 19:26,23.5,17.6,57.2,952,520,952,0,23.3,14.6,1011,0,0,0,79,80,23.5,5.9,70.5,70
22/04/2024 19:27,23.5,17.6,57.2,952,520,952,0,23.3,14.6,1011,0,0,0,79,80,23.5,5.9,70.5,70
22/04/2024 19:27,23.5,17.6,57.2,952,519,952.1,0,23.3,14.6,1010,0,0,0,80,80,23.5,5.9,70.5,70
22/04/2024 19:28,23.5,17.6,57.2,952,520,952,0,23.3,14.6,1010,0,0,0,81,82,23.5,5.9,70.5,70
22/04/2024 19:28,23.5,17.6,57.2,952,520,952,0,23.3,14.6,1010,0,0,0,80,80,23.5,5.9,70.5,70
22/04/2024 19:29,23.5,17.6,57.2,952,520,952,0,23.3,14.6,1010,0,0,0,80,80,23.5,5.9,70.5,70
22/04/2024 19:29,23.5,17.6,57.2,952,520,952.1,0,23.3,14.6,1010,0,0,0,81,82,23.5,5.9,70.5,70
22/04/2024 19:30,23.5,17.6,57.2,952.2,519,952.1,0,23.3,14.6,1010,0,0,0,80,80,23.5,5.9,70.5,70
22/04/2024 19:30,23.5,17.6,57.2,952,520,952,0,23.3,14.6,1010,0,0,0,80,80,23.5,5.9,70.5,70
22/04/2024 19:31,23.5,17.6,57.1,952,519,952.1,0,23.3,14.6,1010,0,0,0,80,80,23.5,5.9,70.5,70
22/04/2024 19:31,23.5,17.6,57.2,952,519,952.1,0,23.3,14.6,1009,0,0,0,81,82,23.5,5.9,70.5,69.9
22/04/2024 19:32,23.5,17.6,57.1,952.2,519,952.2,0,23.3,14.6,1008,0,0,0,81,81,23.5,5.9,70.5,70
22/04/2024 19:32,23.5,17.6,57.1,952,520,952.1,0,23.3,14.5,1009,0,0,0,79,80,23.5,5.9,70.5,69.9
22/04/2024 19:33,23.5,17.6,57.1,952.2,519,952.2,0,23.3,14.5,1007,0,0,0,80,80,23.5,5.9,70.5,69.9
22/04/2024 19:33,23.5,17.6,57.2,952,520,952.1,0,23.3,14.5,1009,0,0,0,80,81,23.5,5.9,70.5,69.9
22/04/2024 19:34,23.5,17.6,57.1,952.2,519,952.1,0,23.3,14.5,1009,0,0,0,80,81,23.5,5.9,70.5,69.9
22/04/2024 19:34,23.5,17.6,57.1,952,520,952,0,23.3,14.5,1010,0,0,0,79,80,23.5,5.9,70.5,69.9
22/04/2024 19:35,23.5,17.6,57.1,952.2,519,952.2,0,23.3,14.5,1007,0,0,0,79,80,23.5,5.9,70.5,69.9
22/04/2024 19:35,23.5,17.6,57.1,952,520,952,0,23.3,14.5,1010,0,0,0,80,80,23.5,5.9,70.5,69.9
22/04/2024 19:36,23.5,17.6,57.1,952,519,952.1,0,23.3,14.5,1009,0,0,0,80,81,23.5,5.9,70.5,69.9
22/04/2024 19:36,23.5,17.6,57.1,952,520,952.1,0,23.3,14.5,1009,0,0,0,80,80,23.5,5.9,70.5,69.9
22/04/2024 19:37,23.5,17.6,57.2,952,520,952.1,0,23.2,14.5,1007,0,0,0,80,81,23.4,5.9,70.4,69.9
22/04/2024 19:37,23.5,17.6,57.1,952,520,952.1,0,23.3,14.5,1009,0,0,0,81,81,23.5,5.9,70.5,69.9
22/04/2024 19:38,23.5,17.6,57.2,952,519,952.1,0,23.2,14.5,1007,0,0,0,80,81,23.4,5.9,70.4,69.9
22/04/2024 19:38,23.5,17.6,57.1,952,520,952,0,23.3,14.5,1010,0,0,0,79,79,23.5,5.9,70.5,69.9
22/04/2024 19:39,23.5,17.6,57.2,952,520,952,0,23.3,14.5,1010,0,0,0,80,80,23.5,5.9,70.5,69.9
22/04/2024 19:39,23.5,17.6,57.2,952,519,952.1,0,23.3,14.5,1009,0,0,0,80,80,23.5,5.9,70.5,69.9
22/04/2024 19:40,23.5,17.6,57.2,952,519,952.1,0,23.3,14.5,1009,0,0,0,79,80,23.5,5.9,70.5,69.9
22/04/2024 19:40,23.5,17.6,57.1,952,520,952.1,0,23.3,14.5,1009,0,0,0,81,81,23.5,5.9,70.5,69.9
22/04/2024 19:41,23.5,17.6,57.2,952,520,952.1,0,23.3,14.5,1009,0,0,0,81,81,23.5,5.9,70.5,69.9
22/04/2024 19:41,23.5,17.6,57.2,952,520,952.1,0,23.3,14.5,1009,0,0,0,80,81,23.5,5.9,70.5,69.9
22/04/2024 19:42,23.5,17.6,57.2,952.2,519,952.1,0,23.3,14.6,1009,0,0,0,80,81,23.5,5.9,70.5,69.9
22/04/2024 19:42,23.5,17.6,57.2,952,519,952.1,0,23.3,14.6,1009,0,0,0,80,80,23.5,5.9,70.5,69.9
22/04/2024 19:43,23.5,17.6,57.2,952,519,952.1,0,23.3,14.6,1009,0,0,0,80,81,23.5,5.9,70.5,69.9
22/04/2024 19:43,23.5,17.6,57.2,952,519,952.1,0,23.3,14.6,1009,0,0,0,79,80,23.5,5.9,70.5,69.9
22/04/2024 19:44,23.5,17.6,57.2,952.2,519,952.1,0,23.3,14.6,1009,0,0,0,80,80,23.5,5.9,70.5,69.9
22/04/2024 19:44,23.5,17.6,57.2,952,520,952.1,0,23.3,14.6,1009,0,0,0,80,80,23.5,5.9,70.5,69.9
22/04/2024 19:45,23.5,17.6,57.2,952,520,952,0,23.3,14.6,1010,0,0,0,80,80,23.5,5.9,70.5,70
22/04/2024 19:45,23.5,17.6,57.2,952.2,519,952.1,0,23.3,14.6,1009,0,0,0,81,81,23.5,5.9,70.5,70
22/04/2024 19:46,23.5,17.6,57.2,952,520,952.1,0,23.3,14.6,1009,0,0,0,79,80,23.5,5.9,70.5,70
22/04/2024 19:46,23.5,17.6,57.2,952,520,952.1,0,23.3,14.6,1010,0,0,0,78,79,23.5,5.9,70.5,70
22/04/2024 19:47,23.5,17.6,57.2,952.2,519,952.2,0,23.3,14.6,1008,0,0,0,80,80,23.5,5.9,70.5,70
22/04/2024 19:47,23.5,17.6,57.2,952,519,952.1,0,23.3,14.6,1010,0,0,0,79,80,23.5,5.9,70.5,70
22/04/2024 19:48,23.5,17.6,57.3,952,519,952.1,0,23.3,14.6,1010,0,0,0,79,80,23.5,5.9,70.5,70
22/04/2024 19:48,23.5,17.6,57.3,952.2,519,952.2,0,23.3,14.6,1008,0,0,0,79,80,23.5,5.9,70.5,70
22/04/2024 19:49,23.5,17.6,57.3,952,520,952.1,0,23.3,14.6,1010,0,0,0,80,80,23.5,5.9,70.5,70
22/04/2024 19:49,23.5,17.6,57.3,952,519,952.1,0,23.3,14.6,1010,0,0,0,80,80,23.5,5.9,70.5,70
22/04/2024 19:50,23.5,17.6,57.3,952,519,952.1,0,23.3,14.6,1010,0,0,0,79,79,23.5,5.9,70.5,70
22/04/2024 19:50,23.5,17.6,57.3,952.2,519,952.2,0,23.3,14.6,1009,0,0,0,79,80,23.5,5.9,70.5,70
22/04/2024 19:51,23.5,17.6,57.3,952,520,952.1,0,23.3,14.6,1010,0,0,0,79,80,23.5,5.9,70.5,70
22/04/2024 19:51,23.5,17.6,57.4,952.2,519,952.2,0,23.3,14.6,1009,0,0,0,79,80,23.5,5.9,70.5,70
22/04/2024 19:52,23.5,17.6,57.4,952.2,519,952.1,0,23.3,14.6,1010,0,0,0,81,81,23.5,5.9,70.5,70
22/04/2024 19:52,23.5,17.6,57.4,952.2,519,952.1,0,23.3,14.6,1010,0,0,0,79,80,23.5,5.9,70.5,70
22/04/2024 19:53,23.5,17.6,57.4,952.2,519,952.2,0,23.3,14.6,1009,0,0,0,80,80,23.5,5.9,70.5,70
22/04/2024 19:53,23.5,17.6,57.4,952.2,518,952.3,0,23.3,14.6,1007,0,0,0,79,80,23.5,5.9,70.5,70
22/04/2024 19:54,23.5,17.6,57.4,952.2,518,952.3,0,23.3,14.6,1007,0,0,0,80,81,23.5,5.9,70.5,70
22/04/2024 19:54,23.5,17.6,57.4,952.2,519,952.2,0,23.3,14.6,1009,0,0,0,80,81,23.5,5.9,70.5,70
22/04/2024 19:55,23.5,17.6,57.4,952.2,518,952.3,0,23.3,14.6,1007,0,0,0,80,80,23.5,5.9,70.5,70
22/04/2024 19:55,23.5,17.6,57.4,952.2,519,952.3,0,23.3,14.6,1007,0,0,0,79,80,23.5,5.9,70.5,70
22/04/2024 19:56,23.5,17.6,57.4,952.2,519,952.2,0,23.3,14.6,1009,0,0,0,80,80,23.5,5.9,70.5,70
22/04/2024 19:56,23.5,17.6,57.4,952.2,519,952.3,0,23.3,14.6,1007,0,0,0,80,81,23.5,5.9,70.5,70
22/04/2024 19:57,23.5,17.6,57.4,952.2,519,952.3,0,23.3,14.6,1007,0,0,0,80,80,23.5,5.9,70.5,70
22/04/2024 19:57,23.5,17.6,57.4,952.2,519,952.3,0,23.3,14.6,1007,0,0,0,79,80,23.5,5.9,70.5,70
22/04/2024 19:58,23.5,17.6,57.3,952.4,518,952.4,0,23.3,14.6,1007,0,0,0,79,80,23.5,5.9,70.5,70
22/04/2024 19:58,23.5,17.6,57.3,952.2,518,952.3,0,23.3,14.6,1007,0,0,0,79,80,23.5,5.9,70.5,70
22/04/2024 19:59,23.5,17.6,57.3,952.4,518,952.4,0,23.3,14.6,1007,0,0,0,80,80,23.5,5.9,70.5,70
22/04/2024 19:59,23.5,17.6,57.3,952.2,519,952.3,0,23.3,14.6,1007,0,0,0,80,81,23.5,5.9,70.5,70
22/04/2024 20:00,23.5,17.6,57.3,952.2,518,952.3,0,23.3,14.6,1007,0,0,0,80,81,23.5,5.9,70.5,70
22/04/2024 20:00,23.5,17.6,57.3,952.4,518,952.4,0,23.3,14.6,1006,0,0,0,79,80,23.5,5.9,70.5,70
22/04/2024 20:01,23.5,17.6,57.2,952.2,519,952.2,0,23.3,14.6,1009,0,0,0,80,80,23.5,5.9,70.5,70
22/04/2024 20:01,23.5,17.6,57.3,952.4,518,952.4,0,23.3,14.6,1006,0,0,0,79,80,23.5,5.9,70.5,70
22/04/2024 20:02,23.5,17.6,57.3,952.2,518,952.3,0,23.3,14.6,1007,0,0,0,81,81,23.5,5.9,70.5,70
22/04/2024 20:02,23.5,17.6,57.2,952.2,518,952.3,0,23.3,14.6,1007,0,0,0,80,80,23.5,5.9,70.5,70
22/04/2024 20:03,23.5,17.6,57.2,952.4,518,952.4,0,23.3,14.6,1006,0,0,0,80,80,23.5,5.9,70.5,70
22/04/2024 20:03,23.5,17.6,57.2,952.2,518,952.3,0,23.3,14.6,1007,0,0,0,80,81,23.5,5.9,70.5,70
22/04/2024 20:04,23.5,17.6,57.3,952.2,518,952.3,0,23.3,14.6,1007,0,0,0,80,80,23.5,5.9,70.5,70
22/04/2024 20:04,23.5,17.6,57.2,952.2,519,952.3,0,23.3,14.6,1007,0,0,0,85,85,23.5,5.9,70.5,70
22/04/2024 20:05,23.5,17.6,57.2,952.2,518,952.3,0,23.3,14.6,1007,0,0,0,79,80,23.5,5.9,70.5,69.9
22/04/2024 20:05,23.5,17.6,57.2,952.2,518,952.3,0,23.3,14.6,1007,0,0,0,80,81,23.5,5.9,70.5,69.9
22/04/2024 20:06,23.5,17.6,57.2,952.4,517,952.4,0,23.3,14.6,1005,0,0,0,80,80,23.5,5.9,70.5,69.9
22/04/2024 20:06,23.5,17.6,57.2,952.4,518,952.4,0,23.3,14.6,1005,0,0,0,80,81,23.5,5.9,70.5,69.9
22/04/2024 20:07,23.5,17.6,57.2,952.5,517,952.5,0,23.3,14.6,1004,0,0,0,80,80,23.5,5.9,70.5,69.9
22/04/2024 20:07,23.5,17.6,57.2,952.4,517,952.4,0,23.3,14.6,1005,0,0,0,80,80,23.5,5.9,70.5,69.9
22/04/2024 20:08,23.5,17.6,57.2,952.4,517,952.4,0,23.3,14.6,1005,0,0,0,80,80,23.5,5.9,70.5,69.9
22/04/2024 20:08,23.5,17.6,57.2,952.4,517,952.4,0,23.3,14.6,1005,0,0,0,80,80,23.5,5.9,70.5,69.9
22/04/2024 20:09,23.5,17.6,57.2,952.4,518,952.4,0,23.3,14.6,1005,0,0,0,79,80,23.5,5.9,70.5,69.9
22/04/2024 20:09,23.5,17.6,57.2,952.5,517,952.5,0,23.3,14.6,1004,0,0,0,79,80,23.5,5.9,70.5,69.9
22/04/2024 20:10,23.5,17.6,57.2,952.5,517,952.5,0,23.3,14.6,1004,0,0,0,78,79,23.5,5.9,70.5,69.9
22/04/2024 20:10,23.5,17.6,57.2,952.5,516,952.5,0,23.3,14.6,1004,0,0,0,79,79,23.5,5.9,70.5,69.9
22/04/2024 20:11,23.5,17.6,57.2,952.5,516,952.6,0,23.3,14.6,1004,0,0,0,79,79,23.5,5.9,70.5,69.9
22/04/2024 20:11,23.5,17.6,57.2,952.5,516,952.5,0,23.3,14.6,1004,0,0,0,78,79,23.5,5.9,70.5,69.9
22/04/2024 20:12,23.5,17.6,57.2,952.5,517,952.5,0,23.3,14.6,1004,0,0,0,80,81,23.5,5.9,70.5,69.9
22/04/2024 20:12,23.5,17.6,57.2,952.5,517,952.5,0,23.3,14.6,1004,0,0,0,79,79,23.5,5.9,70.5,69.9
22/04/2024 20:13,23.5,17.6,57.2,952.5,516,952.5,0,23.3,14.6,1004,0,0,0,79,79,23.5,5.9,70.5,69.9
22/04/2024 20:13,23.5,17.6,57.2,952.5,516,952.6,0,23.3,14.6,1004,0,0,0,78,79,23.5,5.9,70.5,69.9
22/04/2024 20:14,23.5,17.6,57.2,952.7,515,952.7,0,23.3,14.6,1002,0,0,0,80,80,23.5,5.9,70.5,69.9
22/04/2024 20:14,23.5,17.6,57.2,952.5,516,952.6,0,23.3,14.6,1004,0,0,0,78,79,23.5,5.9,70.5,69.9
22/04/2024 20:15,23.5,17.6,57.2,952.7,515,952.7,0,23.3,14.6,1002,0,0,0,79,80,23.5,5.9,70.5,69.9
22/04/2024 20:15,23.5,17.6,57.2,952.7,515,952.7,0,23.3,14.6,1002,0,0,0,80,80,23.5,5.9,70.5,69.9
22/04/2024 20:16,23.5,17.6,57.2,952.5,515,952.6,0,23.3,14.6,1004,0,0,0,78,79,23.5,5.9,70.5,69.9
22/04/2024 20:16,23.5,17.6,57.2,952.5,515,952.6,0,23.3,14.6,1004,0,0,0,80,80,23.5,5.9,70.5,70
22/04/2024 20:17,23.5,17.6,57.3,952.5,516,952.6,0,23.3,14.6,1004,0,0,0,78,79,23.5,5.9,70.5,70
22/04/2024 20:17,23.5,17.6,57.2,952.5,515,952.6,0,23.3,14.6,1004,0,0,0,79,79,23.5,5.9,70.5,70
22/04/2024 20:18,23.5,17.6,57.2,952.5,515,952.6,0,23.3,14.6,1004,0,0,0,79,79,23.5,5.9,70.5,70
22/04/2024 20:18,23.5,17.6,57.2,952.7,515,952.7,0,23.3,14.6,1003,0,0,0,80,80,23.5,5.9,70.5,70
22/04/2024 20:19,23.5,17.6,57.2,952.7,515,952.7,0,23.3,14.6,1003,0,0,0,79,79,23.5,5.9,70.5,70
22/04/2024 20:19,23.5,17.6,57.2,952.5,516,952.6,0,23.3,14.6,1004,0,0,0,80,80,23.5,5.9,70.5,70
22/04/2024 20:20,23.5,17.6,57.2,952.5,516,952.6,0,23.3,14.6,1004,0,0,0,79,80,23.5,5.9,70.5,70
22/04/2024 20:20,23.5,17.6,57.2,952.5,516,952.6,0,23.3,14.6,1004,0,0,0,79,79,23.5,5.9,70.5,70
22/04/2024 20:21,23.5,17.6,57.3,952.5,515,952.6,0,23.3,14.6,1004,0,0,0,80,80,23.5,5.9,70.5,70
22/04/2024 20:21,23.5,17.6,57.3,952.5,516,952.5,0,23.3,14.6,1005,0,0,0,79,79,23.5,5.9,70.5,70
22/04/2024 20:22,23.5,17.6,57.3,952.5,516,952.5,0,23.3,14.6,1006,0,0,0,79,80,23.5,5.9,70.5,70
22/04/2024 20:22,23.5,17.6,57.3,952.5,517,952.5,0,23.3,14.6,1005,0,0,0,79,80,23.5,5.9,70.5,70
22/04/2024 20:23,23.5,17.6,57.3,952.5,517,952.5,0,23.3,14.6,1006,0,0,0,80,80,23.5,5.9,70.5,70
22/04/2024 20:23,23.5,17.6,57.3,952.5,516,952.5,0,23.3,14.6,1006,0,0,0,80,80,23.5,5.9,70.5,70
22/04/2024 20:24,23.5,17.6,57.3,952.5,516,952.5,0,23.3,14.6,1006,0,0,0,80,81,23.5,5.9,70.5,70
22/04/2024 20:24,23.5,17.6,57.3,952.5,516,952.5,0,23.3,14.6,1006,0,0,0,79,79,23.5,5.9,70.5,70
22/04/2024 20:25,23.5,17.6,57.3,952.5,516,952.5,0,23.3,14.6,1006,0,0,0,79,80,23.5,5.9,70.5,70
22/04/2024 20:25,23.5,17.6,57.3,952.5,517,952.5,0,23.3,14.6,1006,0,0,0,79,79,23.5,5.9,70.5,70
22/04/2024 20:26,23.5,17.6,57.3,952.5,517,952.5,0,23.3,14.6,1006,0,0,0,79,79,23.5,5.9,70.5,70
22/04/2024 20:26,23.5,17.6,57.3,952.5,517,952.5,0,23.3,14.6,1006,0,0,0,80,80,23.5,5.9,70.5,70
22/04/2024 20:27,23.5,17.6,57.3,952.5,517,952.5,0,23.3,14.6,1006,0,0,0,79,80,23.5,5.9,70.5,70
22/04/2024 20:27,23.5,17.6,57.3,952.5,517,952.5,0,23.3,14.6,1006,0,0,0,78,79,23.5,5.9,70.5,70
22/04/2024 20:28,23.5,17.6,57.3,952.4,517,952.4,0,23.3,14.6,1007,0,0,0,79,79,23.5,5.9,70.5,70
22/04/2024 20:28,23.5,17.6,57.3,952.5,516,952.5,0,23.3,14.6,1005,0,0,0,79,80,23.5,5.9,70.5,70
22/04/2024 20:29,23.5,17.6,57.3,952.5,517,952.5,0,23.3,14.6,1005,0,0,0,80,80,23.5,5.9,70.5,70
22/04/2024 20:29,23.5,17.6,57.2,952.5,517,952.5,0,23.3,14.6,1005,0,0,0,80,80,23.5,5.9,70.5,70
22/04/2024 20:30,23.5,17.6,57.2,952.5,517,952.5,0,23.3,14.6,1005,0,0,0,79,79,23.5,5.9,70.5,70
22/04/2024 20:30,23.5,17.6,57.2,952.5,516,952.5,0,23.3,14.6,1005,0,0,0,79,79,23.5,5.9,70.5,70
22/04/2024 20:31,23.5,17.6,57.2,952.5,517,952.5,0,23.3,14.6,1005,0,0,0,78,79,23.5,5.9,70.5,70
22/04/2024 20:31,23.5,17.6,57.1,952.5,517,952.5,0,23.3,14.6,1005,0,0,0,79,79,23.5,5.9,70.5,70
22/04/2024 20:32,23.5,17.6,57.2,952.5,517,952.5,0,23.3,14.6,1004,0,0,0,79,80,23.5,5.9,70.5,69.9
22/04/2024 20:32,23.5,17.6,57.2,952.4,517,952.4,0,23.3,14.6,1005,0,0,0,79,79,23.5,5.9,70.5,69.9
22/04/2024 20:33,23.5,17.6,57.2,952.5,516,952.5,0,23.3,14.6,1004,0,0,0,80,81,23.5,5.9,70.5,69.9
22/04/2024 20:33,23.5,17.6,57.2,952.5,516,952.5,0,23.3,14.5,1004,0,0,0,80,80,23.5,5.9,70.5,69.9
22/04/2024 20:34,23.5,17.6,57.2,952.5,516,952.5,0,23.3,14.5,1004,0,0,0,79,80,23.5,5.9,70.5,69.9
22/04/2024 20:34,23.5,17.6,57.2,952.5,516,952.5,0,23.3,14.5,1004,0,0,0,79,79,23.5,5.9,70.5,69.9
22/04/2024 20:35,23.5,17.6,57.2,952.5,516,952.5,0,23.2,14.5,1004,0,0,0,80,80,23.4,5.9,70.4,69.9
22/04/2024 20:35,23.5,17.6,57.2,952.5,516,952.6,0,23.2,14.5,1002,0,0,0,80,80,23.4,5.9,70.4,69.9
22/04/2024 20:36,23.5,17.6,57.2,952.5,516,952.6,0,23.2,14.5,1002,0,0,0,80,80,23.4,5.9,70.4,69.9
22/04/2024 20:36,23.5,17.6,57.2,952.5,516,952.5,0,23.2,14.5,1004,0,0,0,79,79,23.4,5.9,70.4,69.9
22/04/2024 20:37,23.5,17.6,57.1,952.5,516,952.6,0,23.2,14.5,1002,0,0,0,80,80,23.4,5.9,70.4,69.9
22/04/2024 20:37,23.5,17.6,57.1,952.5,516,952.6,0,23.2,14.5,1002,0,0,0,80,80,23.4,5.9,70.4,69.9
22/04/2024 20:38,23.5,17.6,57.1,952.7,515,952.6,0,23.2,14.5,1002,0,0,0,79,79,23.4,5.9,70.4,69.9
22/04/2024 20:38,23.5,17.6,57.1,952.7,515,952.6,0,23.2,14.5,1001,0,0,0,78,78,23.4,5.9,70.4,69.9
22/04/2024 20:39,23.5,17.6,57.1,952.5,516,952.6,0,23.2,14.5,1001,0,0,0,80,80,23.4,5.9,70.4,69.9
22/04/2024 20:39,23.5,17.6,57.1,952.7,515,952.7,0,23.2,14.5,1000,0,0,0,79,80,23.4,5.9,70.4,69.9
22/04/2024 20:40,23.5,17.6,57.1,952.7,515,952.6,0,23.2,14.5,1001,0,0,0,80,80,23.4,5.9,70.4,69.9
22/04/2024 20:40,23.5,17.6,57.1,952.7,515,952.7,0,23.2,14.5,1000,0,0,0,80,80,23.4,5.9,70.4,69.9
22/04/2024 20:41,23.5,17.6,57.1,952.7,514,952.8,0,23.2,14.5,999,0,0,0,80,80,23.4,5.9,70.4,69.9
22/04/2024 20:41,23.5,17.6,57.1,952.7,514,952.8,0,23.2,14.5,999,0,0,0,79,80,23.4,5.9,70.4,69.9
22/04/2024 20:42,23.5,17.6,57.1,952.7,514,952.7,0,23.2,14.5,1000,0,0,0,80,81,23.4,5.9,70.4,69.9
22/04/2024 20:42,23.5,17.6,57.1,952.7,514,952.8,0,23.2,14.5,999,0,0,0,80,80,23.4,5.9,70.4,69.9
22/04/2024 20:43,23.5,17.6,57.1,952.7,514,952.7,0,23.2,14.5,1000,0,0,0,80,81,23.4,5.9,70.4,69.9
22/04/2024 20:43,23.5,17.6,57.1,952.7,514,952.8,0,23.2,14.5,999,0,0,0,80,80,23.4,5.9,70.4,69.9
22/04/2024 20:44,23.5,17.6,57,952.7,514,952.8,0,23.2,14.5,999,0,0,0,79,80,23.4,5.9,70.4,69.9
22/04/2024 20:44,23.5,17.6,57.1,952.7,514,952.8,0,23.2,14.5,999,0,0,0,80,81,23.4,5.9,70.4,69.9
22/04/2024 20:45,23.5,17.6,57,952.9,513,952.9,0,23.2,14.5,998,0,0,0,79,80,23.4,5.9,70.4,69.9
22/04/2024 20:45,23.5,17.6,57.1,952.7,514,952.8,0,23.2,14.5,999,0,0,0,80,81,23.4,5.9,70.4,69.9
22/04/2024 20:46,23.5,17.6,57.1,952.7,514,952.7,0,23.2,14.5,1000,0,0,0,80,80,23.4,5.9,70.4,69.9
22/04/2024 20:46,23.5,17.6,57.1,952.7,514,952.8,0,23.2,14.5,999,0,0,0,79,79,23.4,5.9,70.4,69.9
22/04/2024 20:47,23.5,17.6,57.1,952.7,514,952.9,0,23.2,14.5,998,0,0,0,80,80,23.4,5.9,70.4,69.9
22/04/2024 20:47,23.5,17.6,57.1,952.7,514,952.8,0,23.2,14.5,999,0,0,0,79,79,23.4,5.9,70.4,69.9
22/04/2024 20:48,23.5,17.6,57.1,952.7,514,952.8,0,23.2,14.5,999,0,0,0,80,81,23.4,5.9,70.4,69.9
22/04/2024 20:48,23.5,17.6,57.1,952.7,515,952.7,0,23.2,14.5,1000,0,0,0,81,82,23.4,5.9,70.4,69.9
22/04/2024 20:49,23.5,17.6,57.1,952.9,514,952.9,0,23.2,14.5,998,0,0,0,80,80,23.4,5.9,70.4,69.9
22/04/2024 20:49,23.5,17.6,57.1,952.7,514,952.8,0,23.2,14.5,999,0,0,0,80,81,23.4,5.9,70.4,69.9
22/04/2024 20:50,23.5,17.6,57.1,952.7,514,952.7,0,23.2,14.5,1000,0,0,0,79,80,23.4,5.9,70.4,69.9
22/04/2024 20:50,23.5,17.6,57.1,952.7,514,952.8,0,23.2,14.5,999,0,0,0,80,80,23.4,5.9,70.4,69.9
22/04/2024 20:51,23.5,17.6,57.1,952.7,514,952.8,0,23.2,14.5,999,0,0,0,80,80,23.4,5.9,70.4,69.9
22/04/2024 20:51,23.5,17.6,57.1,952.7,514,952.8,0,23.2,14.5,999,0,0,0,80,81,23.4,5.9,70.4,69.9
22/04/2024 20:52,23.5,17.6,57.1,952.7,514,952.8,0,23.2,14.5,999,0,0,0,79,79,23.4,5.9,70.4,69.9
22/04/2024 20:52,23.5,17.6,57.1,952.7,514,952.8,0,23.2,14.5,999,0,0,0,80,81,23.4,5.9,70.4,69.9
22/04/2024 20:53,23.5,17.6,57.1,952.7,514,952.8,0,23.2,14.5,999,0,0,0,81,81,23.4,5.9,70.4,69.9
22/04/2024 20:53,23.5,17.6,57.1,952.7,514,952.8,0,23.2,14.5,999,0,0,0,80,80,23.4,5.9,70.4,69.9
22/04/2024 20:54,23.5,17.6,57.1,952.7,514,952.8,0,23.2,14.5,999,0,0,0,109,109,23.4,5.9,70.4,69.9
22/04/2024 20:54,23.5,17.6,57.1,952.7,515,952.7,0,23.2,14.5,1000,0,0,0,100,101,23.4,5.9,70.4,69.9
22/04/2024 20:55,23.5,17.6,57.1,952.7,514,952.8,0,23.2,14.5,999,0,0,0,99,100,23.4,5.9,70.4,69.9
22/04/2024 20:55,23.5,17.6,57.1,952.7,514,952.8,0,23.2,14.5,999,0,0,0,100,100,23.4,5.9,70.4,69.9
22/04/2024 20:56,23.5,17.6,57.1,952.7,514,952.8,0,23.2,14.5,1000,0,0,0,101,102,23.4,5.9,70.4,69.9
22/04/2024 20:56,23.5,17.6,57.1,952.7,514,952.8,0,23.2,14.5,1000,0,0,0,99,100,23.4,5.9,70.4,69.9
22/04/2024 20:57,23.5,17.6,57.1,952.7,514,952.7,0,23.2,14.5,1001,0,0,0,100,100,23.4,5.9,70.4,69.9
22/04/2024 20:57,23.5,17.6,57.1,952.7,514,952.8,0,23.2,14.5,1000,0,0,0,100,101,23.4,5.9,70.4,69.9
22/04/2024 20:58,23.5,17.6,57.2,952.7,515,952.7,0,23.2,14.5,1001,0,0,0,102,102,23.4,5.9,70.4,69.9
22/04/2024 20:58,23.5,17.6,57.2,952.7,514,952.8,0,23.2,14.5,1000,0,0,0,100,101,23.4,5.9,70.4,69.9
22/04/2024 20:59,23.5,17.6,57.2,952.7,514,952.8,0,23.2,14.5,1000,0,0,0,101,101,23.4,5.9,70.4,69.9
22/04/2024 20:59,23.5,17.6,57.2,952.7,515,952.7,0,23.2,14.5,1001,0,0,0,101,101,23.4,5.9,70.4,69.9
22/04/2024 21:00,23.5,17.6,57.3,952.7,514,952.7,0,23.2,14.6,1001,0,0,0,102,103,23.4,5.9,70.4,69.9
22/04/2024 21:00,23.5,17.6,57.2,952.7,515,952.7,0,23.3,14.5,1002,0,0,0,100,101,23.5,5.9,70.5,69.9
22/04/2024 21:01,23.5,17.6,57.3,952.7,515,952.7,0,23.2,14.6,1001,0,0,0,100,101,23.4,5.9,70.4,69.9
22/04/2024 21:01,23.5,17.6,57.2,952.7,514,952.7,0,23.3,14.6,1002,0,0,0,101,101,23.5,5.9,70.5,69.9
22/04/2024 21:02,23.5,17.6,57.2,952.7,514,952.8,0,23.3,14.6,1001,0,0,0,100,101,23.5,5.9,70.5,69.9
22/04/2024 21:02,23.5,17.6,57.2,952.7,514,952.7,0,23.3,14.6,1002,0,0,0,101,101,23.5,5.9,70.5,69.9
22/04/2024 21:03,23.5,17.6,57.2,952.7,514,952.7,0,23.3,14.6,1002,0,0,0,100,101,23.5,5.9,70.5,69.9
22/04/2024 21:03,23.5,17.6,57.2,952.7,514,952.8,0,23.3,14.6,1001,0,0,0,100,100,23.5,5.9,70.5,69.9
22/04/2024 21:04,23.5,17.6,57.2,952.7,514,952.8,0,23.3,14.6,1001,0,0,0,100,101,23.5,5.9,70.5,69.9
22/04/2024 21:04,23.5,17.6,57.2,952.7,514,952.7,0,23.3,14.6,1002,0,0,0,99,100,23.5,5.9,70.5,69.9
22/04/2024 21:05,23.5,17.6,57.3,952.7,514,952.7,0,23.2,14.6,1001,0,0,0,100,101,23.4,5.9,70.4,69.9
22/04/2024 21:05,23.5,17.6,57.3,952.7,514,952.8,0,23.2,14.6,1000,0,0,0,100,100,23.4,5.9,70.4,69.9
22/04/2024 21:06,23.5,17.6,57.2,952.7,514,952.8,0,23.2,14.5,1000,0,0,0,100,100,23.4,5.9,70.4,69.9
22/04/2024 21:06,23.5,17.6,57.2,952.7,514,952.7,0,23.2,14.5,1001,0,0,0,100,100,23.4,5.9,70.4,69.9
22/04/2024 21:07,23.5,17.6,57.2,952.7,514,952.8,0,23.2,14.5,1000,0,0,0,100,100,23.4,5.9,70.4,69.9
22/04/2024 21:07,23.5,17.6,57.1,952.7,514,952.7,0,23.2,14.5,1001,0,0,0,100,101,23.4,5.9,70.4,69.9
22/04/2024 21:08,23.5,17.6,57.1,952.7,515,952.7,0,23.2,14.5,1001,0,0,0,100,101,23.4,5.9,70.4,69.9
22/04/2024 21:08,23.5,17.6,57.1,952.7,515,952.7,0,23.2,14.5,1001,0,0,0,100,100,23.4,5.9,70.4,69.9
22/04/2024 21:09,23.5,17.6,57.2,952.7,514,952.7,0,23.2,14.5,1000,0,0,0,101,101,23.4,5.9,70.4,69.9
22/04/2024 21:09,23.5,17.6,57.1,952.7,515,952.7,0,23.2,14.5,1000,0,0,0,99,100,23.4,5.9,70.4,69.9
22/04/2024 21:10,23.5,17.6,57.1,952.7,515,952.7,0,23.2,14.5,1000,0,0,0,100,100,23.4,5.9,70.4,69.9
22/04/2024 21:10,23.5,17.6,57.1,952.7,515,952.7,0,23.2,14.5,1000,0,0,0,99,100,23.4,5.9,70.4,69.9
22/04/2024 21:11,23.5,17.6,57.1,952.7,515,952.7,0,23.2,14.5,1000,0,0,0,99,100,23.4,5.9,70.4,69.9
22/04/2024 21:11,23.5,17.6,57,952.7,514,952.8,0,23.2,14.5,999,0,0,0,99,100,23.4,5.9,70.4,69.9
22/04/2024 21:12,23.4,17.5,57.1,952.7,515,952.7,0,23.2,14.5,1000,0,0,0,100,100,23.4,5.9,70.4,69.8
22/04/2024 21:12,23.4,17.5,57.1,952.7,514,952.7,0,23.2,14.4,1000,0,0,0,100,100,23.4,5.9,70.4,69.8
22/04/2024 21:13,23.4,17.5,57.1,952.7,514,952.7,0,23.2,14.4,1000,0,0,0,100,101,23.4,5.9,70.4,69.8
22/04/2024 21:13,23.4,17.5,57.1,952.7,514,952.8,0,23.2,14.4,999,0,0,0,101,101,23.4,5.9,70.4,69.8
22/04/2024 21:14,23.4,17.5,57.1,952.7,514,952.7,0,23.2,14.4,1000,0,0,0,100,101,23.4,5.9,70.4,69.8
22/04/2024 21:14,23.4,17.5,57.1,952.7,514,952.8,0,23.2,14.4,997,0,0,0,100,100,23.4,5.9,70.3,69.8
22/04/2024 21:15,23.4,17.5,57.1,952.7,514,952.7,0,23.2,14.4,998,0,0,0,99,99,23.4,5.9,70.3,69.8
22/04/2024 21:15,23.4,17.5,57.1,952.7,514,952.8,0,23.2,14.4,997,0,0,0,100,100,23.4,5.9,70.3,69.8
22/04/2024 21:16,23.4,17.5,57.1,952.7,514,952.8,0,23.2,14.4,997,0,0,0,100,100,23.4,5.9,70.3,69.8
22/04/2024 21:16,23.4,17.5,57.1,952.7,514,952.8,0,23.2,14.4,997,0,0,0,100,100,23.4,5.9,70.3,69.8
22/04/2024 21:17,23.4,17.5,57.1,952.7,514,952.8,0,23.2,14.4,997,0,0,0,99,100,23.4,5.9,70.3,69.8
22/04/2024 21:17,23.4,17.5,57.2,952.7,514,952.7,0,23.1,14.4,997,0,0,0,99,100,23.3,5.9,70.3,69.8
22/04/2024 21:18,23.4,17.5,57.2,952.9,514,952.9,0,23.1,14.4,996,0,0,0,100,101,23.3,5.9,70.3,69.8
22/04/2024 21:18,23.4,17.5,57.2,952.7,514,952.8,0,23.1,14.4,997,0,0,0,100,100,23.3,5.9,70.3,69.8
22/04/2024 21:19,23.4,17.5,57.2,952.7,514,952.7,0,23.1,14.4,997,0,0,0,100,100,23.3,5.9,70.3,69.8
22/04/2024 21:19,23.4,17.5,57.2,952.7,514,952.8,0,23.1,14.4,997,0,0,0,99,100,23.3,5.9,70.3,69.8
22/04/2024 21:20,23.4,17.5,57.2,952.7,514,952.9,0,23.1,14.4,996,0,0,0,100,100,23.3,5.9,70.3,69.8
22/04/2024 21:20,23.4,17.5,57.2,952.7,514,952.8,0,23.1,14.4,997,0,0,0,99,100,23.3,5.9,70.3,69.8
22/04/2024 21:21,23.4,17.5,57.3,952.7,514,952.8,0,23.1,14.4,996,0,0,0,100,101,23.3,5.9,70.3,69.8
22/04/2024 21:21,23.4,17.5,57.3,952.7,514,952.7,0,23.1,14.4,997,0,0,0,99,100,23.3,5.9,70.3,69.8
22/04/2024 21:22,23.4,17.5,57.2,952.7,514,952.7,0,23.1,14.4,997,0,0,0,100,101,23.3,5.9,70.3,69.8
22/04/2024 21:22,23.4,17.5,57.3,952.7,514,952.8,0,23.1,14.4,996,0,0,0,100,101,23.3,5.9,70.3,69.8
22/04/2024 21:23,23.4,17.5,57.2,952.7,514,952.8,0,23.1,14.4,996,0,0,0,100,101,23.3,5.9,70.3,69.8
22/04/2024 21:23,23.4,17.5,57.2,952.7,514,952.8,0,23.1,14.4,996,0,0,0,100,100,23.3,5.9,70.3,69.8
22/04/2024 21:24,23.4,17.5,57.2,952.7,514,952.8,0,23.1,14.4,996,0,0,0,100,100,23.3,5.9,70.3,69.8
22/04/2024 21:24,23.4,17.5,57.2,952.7,514,952.8,0,23.1,14.4,996,0,0,0,100,100,23.3,5.9,70.3,69.8
22/04/2024 21:25,23.4,17.5,57.2,952.9,514,952.9,0,23.1,14.4,994,0,0,0,99,100,23.3,5.8,70.2,69.7
22/04/2024 21:25,23.4,17.5,57.1,952.7,514,952.8,0,23.1,14.4,996,0,0,0,100,101,23.3,5.9,70.3,69.8
22/04/2024 21:26,23.4,17.5,57.2,952.7,514,952.8,0,23.1,14.4,995,0,0,0,101,101,23.3,5.8,70.2,69.7
22/04/2024 21:26,23.4,17.5,57.2,952.7,514,952.8,0,23.1,14.4,995,0,0,0,100,101,23.3,5.8,70.2,69.7
22/04/2024 21:27,23.4,17.5,57.2,952.7,514,952.8,0,23.1,14.4,995,0,0,0,100,100,23.3,5.8,70.2,69.7
22/04/2024 21:27,23.4,17.5,57.1,952.9,514,952.9,0,23.1,14.4,994,0,0,0,99,99,23.3,5.9,70.3,69.8
22/04/2024 21:28,23.4,17.5,57.2,952.7,514,952.8,0,23.1,14.4,995,0,0,0,102,103,23.3,5.8,70.2,69.7
22/04/2024 21:28,23.4,17.5,57.2,952.7,514,952.8,0,23.1,14.4,995,0,0,0,100,101,23.3,5.8,70.2,69.7
22/04/2024 21:29,23.4,17.5,57.2,952.7,514,952.8,0,23.1,14.4,995,0,0,0,100,101,23.3,5.8,70.2,69.7
22/04/2024 21:29,23.4,17.5,57.2,952.7,514,952.8,0,23.1,14.4,995,0,0,0,102,102,23.3,5.8,70.2,69.7
22/04/2024 21:30,23.4,17.5,57.1,952.7,514,952.8,0,23.1,14.4,995,0,0,0,101,101,23.3,5.8,70.2,69.7
22/04/2024 21:30,23.4,17.5,57.2,952.9,514,952.9,0,23.1,14.4,994,0,0,0,100,101,23.3,5.8,70.2,69.7
22/04/2024 21:31,23.4,17.5,57.2,952.9,514,952.9,0,23.1,14.4,994,0,0,0,101,101,23.3,5.8,70.2,69.7
22/04/2024 21:31,23.4,17.5,57.2,952.7,514,952.8,0,23.1,14.4,995,0,0,0,100,101,23.3,5.8,70.2,69.7
22/04/2024 21:32,23.4,17.5,57.2,952.7,514,952.8,0,23.1,14.4,995,0,0,0,99,100,23.3,5.8,70.2,69.7
22/04/2024 21:32,23.4,17.5,57.2,952.7,514,952.8,0,23.1,14.4,995,0,0,0,101,101,23.3,5.8,70.2,69.7
22/04/2024 21:33,23.4,17.5,57.2,952.7,514,952.8,0,23.1,14.4,995,0,0,0,100,101,23.3,5.8,70.2,69.7
22/04/2024 21:33,23.4,17.5,57.2,952.7,514,952.8,0,23.1,14.4,995,0,0,0,100,100,23.3,5.8,70.2,69.7
22/04/2024 21:34,23.4,17.5,57.1,952.7,514,952.8,0,23.1,14.4,995,0,0,0,100,100,23.3,5.8,70.2,69.7
22/04/2024 21:34,23.4,17.5,57.1,952.7,514,952.8,0,23.1,14.4,995,0,0,0,99,100,23.3,5.8,70.2,69.7
22/04/2024 21:35,23.4,17.5,57.1,952.7,514,952.7,0,23.1,14.4,996,0,0,0,99,100,23.3,5.8,70.2,69.7
22/04/2024 21:35,23.4,17.5,57.1,952.7,514,952.9,0,23.1,14.4,994,0,0,0,100,101,23.3,5.8,70.2,69.7
22/04/2024 21:36,23.4,17.5,57.1,952.7,514,952.8,0,23.1,14.4,995,0,0,0,100,101,23.3,5.8,70.2,69.7
22/04/2024 21:36,23.4,17.5,57.1,952.7,514,952.8,0,23.1,14.4,995,0,0,0,99,100,23.3,5.8,70.2,69.7
22/04/2024 21:37,23.4,17.5,57.1,952.7,514,952.8,0,23.1,14.4,995,0,0,0,99,100,23.3,5.8,70.2,69.7
22/04/2024 21:37,23.4,17.5,57.1,952.9,514,952.9,0,23.1,14.4,994,0,0,0,100,101,23.3,5.8,70.2,69.7
22/04/2024 21:38,23.4,17.5,57.1,952.7,514,952.8,0,23.1,14.4,995,0,0,0,100,101,23.3,5.8,70.2,69.7
22/04/2024 21:38,23.4,17.5,57.1,952.9,514,952.9,0,23.1,14.4,994,0,0,0,99,100,23.3,5.8,70.2,69.7
22/04/2024 21:39,23.4,17.5,57.1,952.9,513,952.9,0,23.1,14.4,994,0,0,0,100,100,23.3,5.8,70.2,69.7
22/04/2024 21:39,23.4,17.5,57.1,953,512,953,0,23.1,14.4,993,0,0,0,100,101,23.3,5.8,70.2,69.7
22/04/2024 21:40,23.4,17.5,57.1,952.9,513,952.9,0,23.1,14.4,994,0,0,0,99,100,23.3,5.8,70.2,69.7
22/04/2024 21:40,23.4,17.5,57.1,952.9,513,952.9,0,23.1,14.4,994,0,0,0,100,100,23.3,5.8,70.2,69.7
22/04/2024 21:41,23.4,17.5,57.1,953,512,953,0,23.1,14.4,993,0,0,0,101,101,23.3,5.8,70.2,69.7
22/04/2024 21:41,23.4,17.5,57.1,952.9,513,952.9,0,23.1,14.4,994,0,0,0,100,100,23.3,5.8,70.2,69.7
22/04/2024 21:42,23.4,17.5,57.1,952.7,514,952.8,0,23.1,14.4,995,0,0,0,100,100,23.3,5.8,70.2,69.7
22/04/2024 21:42,23.4,17.5,57.1,953,513,953,0,23.1,14.4,993,0,0,0,99,100,23.3,5.8,70.2,69.7
22/04/2024 21:43,23.4,17.5,57.1,953,513,953,0,23.1,14.4,993,0,0,0,98,99,23.3,5.8,70.2,69.7
22/04/2024 21:43,23.4,17.5,57.1,952.9,514,952.9,0,23.1,14.4,994,0,0,0,98,99,23.3,5.8,70.2,69.7
22/04/2024 21:44,23.4,17.5,57.1,952.9,513,952.9,0,23.1,14.4,994,0,0,0,100,101,23.3,5.8,70.2,69.7
22/04/2024 21:44,23.4,17.5,57.1,952.9,513,952.9,0,23.1,14.4,994,0,0,0,100,100,23.3,5.8,70.2,69.7
22/04/2024 21:45,23.4,17.5,57.1,952.7,514,952.9,0,23.1,14.4,994,0,0,0,101,101,23.3,5.8,70.2,69.7
22/04/2024 21:45,23.4,17.5,57.1,952.9,513,952.9,0,23.1,14.4,994,0,0,0,100,100,23.3,5.8,70.2,69.7
22/04/2024 21:46,23.4,17.5,57.1,953,513,953,0,23.1,14.4,993,0,0,0,99,100,23.3,5.8,70.2,69.7
22/04/2024 21:46,23.4,17.5,57.1,952.9,513,952.9,0,23.1,14.4,994,0,0,0,99,100,23.3,5.8,70.2,69.7
22/04/2024 21:47,23.4,17.5,57.1,953,513,953,0,23.1,14.4,993,0,0,0,100,100,23.3,5.8,70.2,69.7
22/04/2024 21:47,23.4,17.5,57.1,952.9,513,952.9,0,23.1,14.4,994,0,0,0,99,100,23.3,5.8,70.2,69.7
22/04/2024 21:48,23.4,17.5,57.1,953,513,953,0,23.1,14.4,993,0,0,0,99,100,23.3,5.8,70.2,69.7
22/04/2024 21:48,23.4,17.5,57.1,952.9,513,952.9,0,23.1,14.4,994,0,0,0,100,100,23.3,5.8,70.2,69.7
22/04/2024 21:49,23.4,17.5,57.1,952.7,514,952.8,0,23.1,14.4,995,0,0,0,99,100,23.3,5.8,70.2,69.7
22/04/2024 21:49,23.4,17.5,57.1,952.9,513,952.9,0,23.1,14.4,994,0,0,0,100,100,23.3,5.8,70.2,69.7
22/04/2024 21:50,23.4,17.5,57.1,952.9,513,952.9,0,23.1,14.4,994,0,0,0,100,100,23.3,5.8,70.2,69.7
22/04/2024 21:50,23.4,17.5,57.1,953,513,953,0,23.1,14.4,993,0,0,0,100,100,23.3,5.8,70.2,69.7
22/04/2024 21:51,23.4,17.5,57.1,952.9,513,952.9,0,23.1,14.4,994,0,0,0,100,100,23.3,5.8,70.2,69.7
22/04/2024 21:51,23.4,17.5,57.1,953,513,953,0,23.1,14.4,993,0,0,0,100,100,23.3,5.8,70.2,69.7
22/04/2024 21:52,23.4,17.5,57.1,952.9,513,952.9,0,23.1,14.4,994,0,0,0,100,101,23.3,5.8,70.2,69.7
22/04/2024 21:52,23.4,17.5,57.1,952.9,513,952.9,0,23.1,14.4,994,0,0,0,100,100,23.3,5.8,70.2,69.7
22/04/2024 21:53,23.4,17.5,57.1,952.9,513,952.9,0,23.1,14.4,994,0,0,0,99,100,23.3,5.8,70.2,69.7
22/04/2024 21:53,23.4,17.5,57.1,953,512,953,0,23.1,14.4,993,0,0,0,101,101,23.3,5.8,70.2,69.7
22/04/2024 21:54,23.4,17.5,57.1,952.9,513,952.9,0,23.1,14.4,994,0,0,0,100,101,23.3,5.8,70.2,69.7
22/04/2024 21:54,23.4,17.5,57.1,953,513,953,0,23.1,14.4,993,0,0,0,100,101,23.3,5.8,70.2,69.7
22/04/2024 21:55,23.4,17.5,57.1,953,513,953,0,23.1,14.4,993,0,0,0,101,101,23.3,5.8,70.2,69.7
22/04/2024 21:55,23.4,17.5,57.1,953,512,953,0,23.1,14.4,993,0,0,0,100,100,23.3,5.8,70.2,69.7
22/04/2024 21:56,23.4,17.5,57.1,952.9,514,952.9,0,23.1,14.4,994,0,0,0,98,99,23.3,5.8,70.2,69.7
22/04/2024 21:56,23.4,17.5,57.1,952.9,513,952.9,0,23.1,14.4,994,0,0,0,100,101,23.3,5.8,70.2,69.7
22/04/2024 21:57,23.4,17.5,57.1,952.9,513,952.9,0,23.1,14.4,994,0,0,0,100,100,23.3,5.8,70.2,69.7
22/04/2024 21:57,23.4,17.5,57.1,952.9,514,952.9,0,23.1,14.4,994,0,0,0,99,100,23.3,5.8,70.2,69.7
22/04/2024 21:58,23.4,17.5,57.1,953,513,953,0,23.1,14.4,993,0,0,0,99,99,23.3,5.8,70.2,69.7
22/04/2024 21:58,23.4,17.5,57.1,952.9,514,952.9,0,23.1,14.4,994,0,0,0,99,99,23.3,5.8,70.2,69.7
22/04/2024 21:59,23.4,17.5,57.1,952.7,514,952.8,0,23.1,14.4,995,0,0,0,100,101,23.3,5.8,70.2,69.7
22/04/2024 21:59,23.4,17.5,57.1,952.7,514,952.8,0,23.1,14.4,995,0,0,0,101,101,23.3,5.8,70.2,69.7
22/04/2024 22:00,23.4,17.5,57.1,952.9,514,952.9,0,23.1,14.4,994,0,0,0,100,101,23.3,5.8,70.2,69.7
22/04/2024 22:00,23.4,17.5,57.1,952.7,514,952.8,0,23.1,14.4,995,0,0,0,100,100,23.3,5.8,70.2,69.7
22/04/2024 22:01,23.4,17.5,57.1,952.7,514,952.8,0,23.1,14.4,995,0,0,0,99,99,23.3,5.8,70.2,69.7
22/04/2024 22:01,23.4,17.5,57.1,952.7,514,952.8,0,23.1,14.4,995,0,0,0,100,100,23.3,5.8,70.2,69.7
22/04/2024 22:02,23.4,17.5,57.1,952.7,514,952.8,0,23.1,14.4,995,0,0,0,100,101,23.3,5.8,70.2,69.7
22/04/2024 22:02,23.4,17.5,57.1,952.7,514,952.8,0,23.1,14.4,995,0,0,0,100,100,23.3,5.8,70.2,69.7
22/04/2024 22:03,23.4,17.5,57.1,952.7,514,952.8,0,23.1,14.4,995,0,0,0,100,100,23.3,5.8,70.2,69.7
22/04/2024 22:03,23.4,17.5,57.1,952.7,514,952.8,0,23.1,14.4,995,0,0,0,100,100,23.3,5.8,70.2,69.7
22/04/2024 22:04,23.4,17.5,57.1,952.7,514,952.8,0,23.1,14.4,995,0,0,0,101,102,23.3,5.8,70.2,69.7
22/04/2024 22:04,23.4,17.5,57.1,952.7,514,952.8,0,23.1,14.4,995,0,0,0,100,100,23.3,5.8,70.2,69.7
22/04/2024 22:05,23.4,17.5,57.1,952.9,513,952.9,0,23.1,14.4,994,0,0,0,100,101,23.3,5.8,70.2,69.7
22/04/2024 22:05,23.4,17.5,57.1,952.9,514,952.9,0,23.1,14.4,994,0,0,0,100,100,23.3,5.8,70.2,69.7
22/04/2024 22:06,23.4,17.5,57.1,952.7,514,952.9,0,23.1,14.4,994,0,0,0,101,101,23.3,5.8,70.2,69.7
22/04/2024 22:06,23.4,17.5,57.1,952.7,514,952.8,0,23.1,14.4,995,0,0,0,100,100,23.3,5.8,70.2,69.7
22/04/2024 22:07,23.4,17.5,57.1,952.9,513,952.9,0,23.1,14.4,994,0,0,0,100,100,23.3,5.8,70.2,69.7
22/04/2024 22:07,23.4,17.5,57.1,952.9,514,952.9,0,23.1,14.4,994,0,0,0,101,101,23.3,5.8,70.2,69.7
22/04/2024 22:08,23.4,17.5,57.1,952.9,514,952.9,0,23.1,14.4,994,0,0,0,99,99,23.3,5.8,70.2,69.7
22/04/2024 22:08,23.4,17.5,57.1,952.9,513,952.9,0,23.1,14.4,994,0,0,0,101,101,23.3,5.8,70.2,69.7
22/04/2024 22:09,23.4,17.5,57.1,952.9,513,952.9,0,23.1,14.4,994,0,0,0,100,101,23.3,5.8,70.2,69.7
22/04/2024 22:09,23.4,17.5,57.1,952.9,514,952.9,0,23.1,14.4,994,0,0,0,101,102,23.3,5.8,70.2,69.7
22/04/2024 22:10,23.4,17.5,57.1,953,513,953,0,23.1,14.4,993,0,0,0,99,100,23.3,5.8,70.2,69.7
22/04/2024 22:10,23.4,17.5,57.1,952.9,513,952.9,0,23.1,14.4,994,0,0,0,101,101,23.3,5.8,70.2,69.7
22/04/2024 22:11,23.4,17.5,57.1,952.9,513,952.9,0,23.1,14.4,994,0,0,0,100,100,23.3,5.8,70.2,69.7
22/04/2024 22:11,23.4,17.5,57.1,952.9,514,952.9,0,23.1,14.4,994,0,0,0,98,99,23.3,5.8,70.2,69.7
22/04/2024 22:12,23.4,17.5,57.1,952.9,513,952.9,0,23.1,14.4,994,0,0,0,101,101,23.3,5.8,70.2,69.7
22/04/2024 22:12,23.4,17.5,57.1,952.9,513,952.9,0,23.1,14.4,994,0,0,0,101,102,23.3,5.8,70.2,69.7
22/04/2024 22:13,23.4,17.5,57.1,952.9,514,952.9,0,23.1,14.4,994,0,0,0,99,100,23.3,5.8,70.2,69.7
22/04/2024 22:13,23.4,17.5,57.1,952.7,514,952.8,0,23.1,14.4,995,0,0,0,101,101,23.3,5.8,70.2,69.7
22/04/2024 22:14,23.4,17.5,57.1,952.7,514,952.9,0,23.1,14.4,994,0,0,0,99,100,23.3,5.8,70.2,69.7
22/04/2024 22:14,23.4,17.5,57.1,952.7,514,952.8,0,23.1,14.4,995,0,0,0,100,101,23.3,5.8,70.2,69.7
22/04/2024 22:15,23.4,17.5,57.1,952.9,514,952.9,0,23.1,14.4,994,0,0,0,99,99,23.3,5.8,70.2,69.7
22/04/2024 22:15,23.4,17.5,57.1,952.9,513,952.9,0,23.1,14.4,994,0,0,0,100,100,23.3,5.8,70.2,69.7
22/04/2024 22:16,23.4,17.5,57.1,952.9,513,952.9,0,23.1,14.4,994,0,0,0,101,101,23.3,5.8,70.2,69.7
22/04/2024 22:16,23.4,17.5,57.1,953,513,953,0,23.1,14.4,993,0,0,0,99,100,23.3,5.8,70.2,69.7
22/04/2024 22:17,23.4,17.5,57.1,952.9,513,952.9,0,23.1,14.4,994,0,0,0,100,101,23.3,5.8,70.2,69.7
22/04/2024 22:17,23.4,17.5,57.1,952.9,514,952.9,0,23.1,14.4,994,0,0,0,99,99,23.3,5.8,70.2,69.7
22/04/2024 22:18,23.4,17.5,57.1,953,513,953,0,23.1,14.4,993,0,0,0,100,100,23.3,5.8,70.2,69.7
22/04/2024 22:18,23.4,17.5,57.1,953,513,953,0,23.1,14.4,993,0,0,0,100,100,23.3,5.8,70.2,69.7
22/04/2024 22:19,23.4,17.5,57.1,952.9,513,952.9,0,23.1,14.4,994,0,0,0,100,100,23.3,5.8,70.2,69.7
22/04/2024 22:19,23.4,17.5,57.1,952.9,514,952.9,0,23.1,14.4,994,0,0,0,100,100,23.3,5.8,70.2,69.7
22/04/2024 22:20,23.4,17.5,57.1,952.9,514,952.9,0,23.1,14.4,994,0,0,0,100,100,23.3,5.8,70.2,69.7
22/04/2024 22:20,23.4,17.5,57.1,953,513,953,0,23.1,14.4,993,0,0,0,100,101,23.3,5.8,70.2,69.7
22/04/2024 22:21,23.4,17.5,57.1,952.9,513,952.9,0,23.1,14.4,994,0,0,0,100,101,23.3,5.8,70.2,69.7
22/04/2024 22:21,23.4,17.5,57.1,953,513,953,0,23.1,14.4,993,0,0,0,100,100,23.3,5.8,70.2,69.7
22/04/2024 22:22,23.4,17.5,57.1,952.9,513,952.9,0,23.1,14.4,994,0,0,0,101,101,23.3,5.8,70.2,69.7
22/04/2024 22:22,23.4,17.5,57.1,952.9,513,952.9,0,23.1,14.4,994,0,0,0,101,101,23.3,5.8,70.2,69.7
22/04/2024 22:23,23.4,17.5,57.1,953,513,953,0,23.1,14.4,993,0,0,0,99,100,23.3,5.8,70.2,69.7
22/04/2024 22:23,23.4,17.5,57.1,953,513,953,0,23.1,14.4,993,0,0,0,99,100,23.3,5.8,70.2,69.7
22/04/2024 22:24,23.4,17.5,57.1,953,512,953,0,23.1,14.4,993,0,0,0,100,101,23.3,5.8,70.2,69.7
22/04/2024 22:24,23.4,17.5,57,953,512,953,0,23.1,14.4,993,0,0,0,100,100,23.3,5.8,70.2,69.7
22/04/2024 22:25,23.4,17.5,57.1,953,513,953,0,23.1,14.4,993,0,0,0,100,101,23.3,5.8,70.2,69.7
22/04/2024 22:25,23.4,17.5,57,953,513,953,0,23.1,14.4,993,0,0,0,100,101,23.3,5.8,70.2,69.7
22/04/2024 22:26,23.4,17.5,57,953,512,953,0,23.1,14.4,993,0,0,0,99,99,23.3,5.8,70.2,69.7
22/04/2024 22:26,23.4,17.5,57,953,512,953,0,23.1,14.4,993,0,0,0,101,101,23.3,5.8,70.2,69.7
22/04/2024 22:27,23.4,17.5,57,952.9,513,952.9,0,23.1,14.4,994,0,0,0,100,101,23.3,5.8,70.2,69.7
22/04/2024 22:27,23.4,17.5,57,953,512,953.1,0,23.1,14.4,992,0,0,0,101,102,23.3,5.8,70.2,69.7
22/04/2024 22:28,23.3,17.5,57.1,953,512,953,0,23.1,14.4,992,0,0,0,101,101,23.3,5.8,70.2,69.7
22/04/2024 22:28,23.4,17.5,57,953,513,953,0,23.1,14.4,993,0,0,0,100,100,23.3,5.8,70.2,69.7
22/04/2024 22:29,23.3,17.5,57.1,953,512,953,0,23.1,14.4,992,0,0,0,101,102,23.3,5.8,70.2,69.7
22/04/2024 22:29,23.3,17.5,57.1,953,513,953,0,23.1,14.4,992,0,0,0,100,101,23.3,5.8,70.2,69.7
22/04/2024 22:30,23.3,17.5,57.1,953,513,953,0,23.1,14.4,992,0,0,0,100,100,23.3,5.8,70.2,69.7
22/04/2024 22:30,23.3,17.5,57.1,953,512,953,0,23.1,14.4,992,0,0,0,100,101,23.3,5.8,70.2,69.7
22/04/2024 22:31,23.3,17.4,57,952.9,513,952.9,0,23.1,14.3,994,0,0,0,100,100,23.3,5.9,70.2,69.7
22/04/2024 22:31,23.3,17.5,57.1,953,512,953,0,23.1,14.3,992,0,0,0,100,101,23.3,5.8,70.2,69.7
22/04/2024 22:32,23.3,17.5,57.1,953,513,953,0,23.1,14.3,992,0,0,0,101,101,23.3,5.8,70.2,69.7
22/04/2024 22:32,23.3,17.4,57,953,513,953,0,23.1,14.3,992,0,0,0,100,101,23.3,5.9,70.2,69.7
22/04/2024 22:33,23.3,17.4,57,952.9,513,952.9,0,23.1,14.3,994,0,0,0,100,100,23.3,5.9,70.2,69.7
22/04/2024 22:33,23.3,17.4,57,952.7,514,952.8,0,23.1,14.3,994,0,0,0,100,100,23.3,5.9,70.2,69.7
22/04/2024 22:34,23.3,17.4,57,952.7,514,952.9,0,23.1,14.3,994,0,0,0,100,100,23.3,5.9,70.2,69.7
22/04/2024 22:34,23.3,17.4,57,952.9,514,952.9,0,23.1,14.3,994,0,0,0,100,101,23.3,5.9,70.2,69.7
22/04/2024 22:35,23.3,17.4,57,952.9,514,952.9,0,23.1,14.3,994,0,0,0,100,100,23.3,5.9,70.2,69.7
22/04/2024 22:35,23.3,17.4,57,952.9,513,952.9,0,23.1,14.3,994,0,0,0,99,100,23.3,5.9,70.2,69.7
22/04/2024 22:36,23.3,17.4,57,952.9,514,952.9,0,23.1,14.3,994,0,0,0,100,100,23.3,5.9,70.2,69.7
22/04/2024 22:36,23.3,17.4,57,952.9,514,952.9,0,23.1,14.3,994,0,0,0,99,100,23.3,5.9,70.2,69.7
22/04/2024 22:37,23.3,17.4,57,952.7,514,952.8,0,23.1,14.3,994,0,0,0,100,101,23.3,5.9,70.2,69.7
22/04/2024 22:37,23.3,17.4,57,952.9,514,952.9,0,23.1,14.3,994,0,0,0,99,100,23.3,5.9,70.2,69.7
22/04/2024 22:38,23.3,17.4,57,952.9,513,952.9,0,23.1,14.3,994,0,0,0,99,99,23.3,5.9,70.2,69.7
22/04/2024 22:38,23.3,17.4,57,952.9,514,952.9,0,23.1,14.3,994,0,0,0,101,101,23.3,5.9,70.2,69.7
22/04/2024 22:39,23.3,17.4,57,952.9,514,952.9,0,23.1,14.3,994,0,0,0,99,100,23.3,5.9,70.2,69.7
22/04/2024 22:39,23.3,17.4,57,952.9,513,952.9,0,23.1,14.3,994,0,0,0,101,102,23.3,5.9,70.2,69.7
22/04/2024 22:40,23.3,17.4,57,953,513,953,0,23.1,14.3,992,0,0,0,99,100,23.3,5.9,70.2,69.7
22/04/2024 22:40,23.3,17.4,57,953,512,953,0,23.1,14.3,992,0,0,0,99,99,23.3,5.9,70.2,69.7
22/04/2024 22:41,23.3,17.4,57,952.9,513,952.9,0,23.1,14.3,994,0,0,0,99,99,23.3,5.9,70.2,69.7
22/04/2024 22:41,23.3,17.4,57,952.9,514,952.9,0,23.1,14.3,994,0,0,0,100,100,23.3,5.9,70.2,69.7
22/04/2024 22:42,23.3,17.4,57.1,953,513,953,0,23.1,14.3,991,0,0,0,100,101,23.3,5.9,70.2,69.7
22/04/2024 22:42,23.3,17.4,57,953,512,953,0,23.1,14.3,992,0,0,0,100,100,23.3,5.9,70.2,69.7
22/04/2024 22:43,23.3,17.4,57.1,953,512,953,0,23.1,14.3,991,0,0,0,100,101,23.3,5.9,70.2,69.7
22/04/2024 22:43,23.3,17.4,57.1,952.9,513,952.9,0,23.1,14.3,992,0,0,0,100,100,23.3,5.9,70.2,69.7
22/04/2024 22:44,23.3,17.4,57,953,512,953,0,23.1,14.3,991,0,0,0,100,101,23.3,5.9,70.2,69.7
22/04/2024 22:44,23.3,17.4,57,953,513,953,0,23.1,14.3,991,0,0,0,101,101,23.3,5.9,70.2,69.7
22/04/2024 22:45,23.3,17.4,57,953,512,953,0,23.1,14.3,991,0,0,0,100,100,23.3,5.9,70.2,69.7
22/04/2024 22:45,23.3,17.4,57,953,512,953,0,23.1,14.3,991,0,0,0,99,99,23.3,5.9,70.2,69.7
22/04/2024 22:46,23.3,17.4,57,953,512,953.1,0,23.1,14.3,990,0,0,0,99,99,23.3,5.9,70.2,69.7
22/04/2024 22:46,23.3,17.4,57,953,512,953,0,23.1,14.3,991,0,0,0,99,100,23.3,5.9,70.2,69.7
22/04/2024 22:47,23.3,17.4,57,953,512,953,0,23.1,14.3,991,0,0,0,100,100,23.3,5.9,70.2,69.7
22/04/2024 22:47,23.3,17.4,57,953,512,953,0,23.1,14.3,991,0,0,0,100,100,23.3,5.9,70.2,69.7
22/04/2024 22:48,23.3,17.4,57,953,512,953.1,0,23.1,14.3,990,0,0,0,100,101,23.3,5.9,70.2,69.7
22/04/2024 22:48,23.3,17.4,57,953,513,953,0,23.1,14.3,991,0,0,0,100,101,23.3,5.9,70.2,69.7
22/04/2024 22:49,23.3,17.4,57,953,512,953,0,23.1,14.3,991,0,0,0,100,100,23.3,5.9,70.2,69.7
22/04/2024 22:49,23.3,17.4,57,953,512,953,0,23.1,14.3,991,0,0,0,100,100,23.3,5.9,70.2,69.7
22/04/2024 22:50,23.3,17.4,57,953.2,511,953.1,0,23.1,14.3,990,0,0,0,102,102,23.3,5.9,70.2,69.7
22/04/2024 22:50,23.3,17.4,57,953,511,953.1,0,23.1,14.3,990,0,0,0,100,100,23.3,5.9,70.2,69.7
22/04/2024 22:51,23.3,17.4,57,953,511,953.1,0,23,14.3,990,0,0,0,100,100,23.2,5.9,70.2,69.6
22/04/2024 22:51,23.3,17.4,57,953,512,953.1,0,23.1,14.3,990,0,0,0,100,101,23.3,5.9,70.2,69.7
22/04/2024 22:52,23.3,17.4,57.1,953,511,953.1,0,23,14.3,990,0,0,0,99,100,23.2,5.9,70.2,69.6
22/04/2024 22:52,23.3,17.4,57,953.2,511,953.2,0,23,14.3,988,0,0,0,100,100,23.2,5.9,70.2,69.6
22/04/2024 22:53,23.3,17.4,57,953.2,511,953.2,0,23,14.3,988,0,0,0,100,101,23.2,5.9,70.2,69.6
22/04/2024 22:53,23.3,17.4,57,953.2,511,953.1,0,23,14.3,990,0,0,0,99,99,23.2,5.9,70.2,69.6
22/04/2024 22:54,23.3,17.4,57,953.2,510,953.2,0,23,14.3,988,0,0,0,99,100,23.2,5.9,70.2,69.6
22/04/2024 22:54,23.3,17.4,57,953,511,953.1,0,23,14.3,990,0,0,0,100,101,23.2,5.9,70.2,69.6
22/04/2024 22:55,23.3,17.4,57,953,511,953.1,0,23,14.3,990,0,0,0,100,100,23.2,5.9,70.2,69.6
22/04/2024 22:55,23.3,17.4,57,953.2,510,953.2,0,23,14.3,988,0,0,0,101,101,23.2,5.9,70.2,69.6
22/04/2024 22:56,23.3,17.4,57,953.2,510,953.2,0,23,14.3,988,0,0,0,100,101,23.2,5.9,70.2,69.6
22/04/2024 22:56,23.3,17.4,57,953.2,509,953.3,0,23,14.3,987,0,0,0,100,100,23.2,5.9,70.2,69.6
22/04/2024 22:57,23.3,17.4,57,953.2,511,953.2,0,23,14.3,988,0,0,0,99,100,23.2,5.9,70.2,69.6
22/04/2024 22:57,23.3,17.4,57,953.2,510,953.2,0,23,14.3,988,0,0,0,100,100,23.2,5.9,70.2,69.6
22/04/2024 22:58,23.3,17.4,57,953.2,510,953.3,0,23,14.3,987,0,0,0,100,100,23.2,5.9,70.1,69.6
22/04/2024 22:58,23.3,17.4,57,953.2,510,953.3,0,23,14.3,987,0,0,0,100,100,23.2,5.9,70.1,69.6
22/04/2024 22:59,23.3,17.4,57,953.2,509,953.3,0,23,14.3,987,0,0,0,99,100,23.2,5.9,70.1,69.6
22/04/2024 22:59,23.3,17.4,57,953.2,510,953.3,0,23,14.3,987,0,0,0,99,100,23.2,5.9,70.1,69.6
22/04/2024 23:00,23.3,17.4,57,953.2,510,953.3,0,23,14.3,987,0,0,0,100,100,23.2,5.9,70.1,69.6
22/04/2024 23:00,23.3,17.4,57,953.2,509,953.3,0,23,14.3,987,0,0,0,100,101,23.2,5.9,70.1,69.6
22/04/2024 23:01,23.3,17.4,57,953.2,510,953.2,0,23,14.3,988,0,0,0,101,101,23.2,5.9,70.1,69.6
22/04/2024 23:01,23.3,17.4,57,953.2,510,953.2,0,23,14.3,988,0,0,0,99,99,23.2,5.9,70.1,69.6
22/04/2024 23:02,23.3,17.4,57,953.2,510,953.3,0,23,14.3,987,0,0,0,99,100,23.2,5.9,70.1,69.6
22/04/2024 23:02,23.3,17.4,57,953.2,511,953.2,0,23,14.3,988,0,0,0,100,100,23.2,5.9,70.1,69.6
22/04/2024 23:03,23.3,17.4,57,953.2,510,953.2,0,23,14.3,987,0,0,0,101,101,23.2,5.9,70.1,69.6
22/04/2024 23:03,23.3,17.4,57,953.2,510,953.2,0,23,14.3,987,0,0,0,99,100,23.2,5.9,70.1,69.6
22/04/2024 23:04,23.3,17.4,57,953.2,510,953.2,0,23,14.3,987,0,0,0,100,100,23.2,5.9,70.1,69.6
22/04/2024 23:04,23.3,17.4,57,953.2,510,953.3,0,23,14.3,987,0,0,0,100,100,23.2,5.9,70.1,69.6
22/04/2024 23:05,23.3,17.4,57,953.2,510,953.3,0,23,14.3,987,0,0,0,101,101,23.2,5.9,70.1,69.6
22/04/2024 23:05,23.3,17.4,57,953.2,510,953.3,0,23,14.3,987,0,0,0,100,101,23.2,5.9,70.1,69.6
22/04/2024 23:06,23.3,17.4,57,953.2,510,953.2,0,23,14.3,987,0,0,0,101,102,23.2,5.9,70.1,69.6
22/04/2024 23:06,23.3,17.4,57,953.2,510,953.2,0,23,14.3,987,0,0,0,100,100,23.2,5.9,70.1,69.6
22/04/2024 23:07,23.3,17.4,57,953.2,510,953.3,0,23,14.3,987,0,0,0,100,101,23.2,5.9,70.1,69.6
22/04/2024 23:07,23.3,17.4,57,953.2,510,953.2,0,23,14.3,987,0,0,0,99,100,23.2,5.9,70.1,69.6
22/04/2024 23:08,23.3,17.4,57,953.2,510,953.2,0,23,14.3,987,0,0,0,101,101,23.2,5.9,70.1,69.6
22/04/2024 23:08,23.3,17.4,57,953.2,510,953.3,0,23,14.3,987,0,0,0,101,101,23.2,5.9,70.1,69.6
22/04/2024 23:09,23.3,17.4,57,953.2,510,953.2,0,23,14.3,987,0,0,0,100,101,23.2,5.9,70.1,69.6
22/04/2024 23:09,23.3,17.4,57,953.2,510,953.3,0,23,14.3,987,0,0,0,100,101,23.2,5.9,70.1,69.6
22/04/2024 23:10,23.3,17.4,57,953.2,510,953.3,0,23,14.3,987,0,0,0,99,99,23.2,5.9,70.1,69.6
22/04/2024 23:10,23.3,17.4,56.9,953.2,510,953.2,0,23,14.2,987,0,0,0,99,100,23.2,5.9,70.1,69.6
22/04/2024 23:11,23.3,17.4,57,953.2,510,953.3,0,23,14.3,987,0,0,0,100,100,23.2,5.9,70.1,69.6
22/04/2024 23:11,23.3,17.4,56.9,953.2,510,953.2,0,23,14.2,987,0,0,0,100,100,23.2,5.9,70.1,69.6
22/04/2024 23:12,23.3,17.4,56.9,953.2,510,953.3,0,23,14.2,987,0,0,0,98,99,23.2,5.9,70.1,69.6
22/04/2024 23:12,23.2,17.4,57,953.2,510,953.2,0,23,14.2,987,0,0,0,100,101,23.2,5.8,70.1,69.6
22/04/2024 23:13,23.2,17.4,57,953.2,510,953.2,0,23,14.2,987,0,0,0,101,101,23.2,5.8,70.1,69.6
22/04/2024 23:13,23.2,17.4,57,953.2,511,953.2,0,23,14.2,987,0,0,0,101,101,23.2,5.8,70.1,69.6
22/04/2024 23:14,23.2,17.4,57,953.2,510,953.3,0,23,14.2,986,0,0,0,99,100,23.2,5.8,70.1,69.6
22/04/2024 23:14,23.2,17.4,57,953.2,510,953.2,0,23,14.2,987,0,0,0,101,101,23.2,5.8,70.1,69.6
22/04/2024 23:15,23.2,17.4,57,953.2,510,953.3,0,23,14.2,986,0,0,0,100,101,23.2,5.8,70.1,69.6
22/04/2024 23:15,23.2,17.4,57,953.2,510,953.2,0,23,14.2,987,0,0,0,100,100,23.2,5.8,70.1,69.6
22/04/2024 23:16,23.2,17.4,57,953.2,510,953.2,0,23,14.2,987,0,0,0,101,102,23.2,5.8,70.1,69.6
22/04/2024 23:16,23.2,17.4,57,953.2,509,953.3,0,23,14.2,986,0,0,0,101,101,23.2,5.8,70.1,69.6
22/04/2024 23:17,23.2,17.4,57,953.2,510,953.3,0,23,14.2,986,0,0,0,100,100,23.2,5.8,70.1,69.6
22/04/2024 23:17,23.2,17.4,57,953.4,509,953.4,0,23,14.2,984,0,0,0,99,100,23.2,5.8,70.1,69.6
22/04/2024 23:18,23.2,17.4,57,953.2,509,953.3,0,23,14.2,986,0,0,0,100,100,23.2,5.8,70.1,69.6
22/04/2024 23:18,23.2,17.4,57,953.2,509,953.3,0,23,14.2,986,0,0,0,100,100,23.2,5.8,70.1,69.6
22/04/2024 23:19,23.2,17.4,57,953.2,510,953.3,0,23,14.2,986,0,0,0,100,101,23.2,5.8,70.1,69.6
22/04/2024 23:19,23.2,17.3,57,953.2,509,953.3,0,23,14.2,986,0,0,0,100,101,23.2,5.9,70.1,69.6
22/04/2024 23:20,23.2,17.3,57,953.4,509,953.4,0,23,14.2,984,0,0,0,101,101,23.2,5.9,70.1,69.6
22/04/2024 23:20,23.2,17.3,57,953.4,508,953.4,0,23,14.2,984,0,0,0,99,100,23.2,5.9,70,69.5
22/04/2024 23:21,23.2,17.3,57,953.2,509,953.3,0,23,14.2,985,0,0,0,101,101,23.2,5.9,70,69.5
22/04/2024 23:21,23.2,17.3,57,953.4,509,953.4,0,23,14.2,984,0,0,0,99,100,23.2,5.9,70,69.5
22/04/2024 23:22,23.2,17.3,56.9,953.5,508,953.5,0,23,14.2,984,0,0,0,100,101,23.2,5.9,70.1,69.6
22/04/2024 23:22,23.2,17.3,57,953.4,508,953.4,0,23,14.2,984,0,0,0,99,100,23.2,5.9,70,69.5
22/04/2024 23:23,23.2,17.3,57,953.5,508,953.5,0,23,14.2,983,0,0,0,101,102,23.2,5.9,70,69.5
22/04/2024 23:23,23.2,17.3,56.9,953.5,507,953.5,0,23,14.2,983,0,0,0,100,100,23.2,5.9,70,69.5
22/04/2024 23:24,23.2,17.3,56.9,953.5,507,953.5,0,23,14.2,983,0,0,0,100,101,23.2,5.9,70,69.5
22/04/2024 23:24,23.2,17.3,56.9,953.4,508,953.4,0,23,14.2,984,0,0,0,101,101,23.2,5.9,70,69.5
22/04/2024 23:25,23.2,17.3,56.9,953.4,508,953.4,0,23,14.2,984,0,0,0,101,101,23.2,5.9,70,69.5
22/04/2024 23:25,23.2,17.3,56.9,953.2,509,953.3,0,23,14.2,985,0,0,0,101,101,23.2,5.9,70,69.5
22/04/2024 23:26,23.2,17.3,56.9,953.4,509,953.4,0,23,14.2,984,0,0,0,100,100,23.2,5.9,70,69.5
22/04/2024 23:26,23.2,17.3,56.9,953.4,508,953.4,0,23,14.2,984,0,0,0,99,100,23.2,5.9,70,69.5
22/04/2024 23:27,23.2,17.3,56.9,953.4,509,953.4,0,23,14.2,984,0,0,0,100,100,23.2,5.9,70,69.5
22/04/2024 23:27,23.2,17.3,57,953.4,508,953.4,0,23,14.2,983,0,0,0,100,100,23.2,5.9,70,69.5
22/04/2024 23:28,23.2,17.3,56.9,953.5,508,953.5,0,23,14.2,983,0,0,0,99,100,23.2,5.9,70,69.5
22/04/2024 23:28,23.2,17.3,56.9,953.5,508,953.5,0,23,14.2,982,0,0,0,100,100,23.2,5.9,70,69.5
22/04/2024 23:29,23.2,17.3,57,953.4,508,953.4,0,23,14.2,983,0,0,0,99,100,23.2,5.9,70,69.5
22/04/2024 23:29,23.2,17.3,57,953.4,508,953.4,0,23,14.2,983,0,0,0,100,100,23.2,5.9,70,69.5
22/04/2024 23:30,23.2,17.3,57,953.5,508,953.5,0,23,14.2,982,0,0,0,100,100,23.2,5.9,70,69.5
22/04/2024 23:30,23.2,17.3,56.9,953.5,507,953.5,0,23,14.2,982,0,0,0,101,101,23.2,5.9,70,69.5
22/04/2024 23:31,23.2,17.3,56.9,953.4,508,953.4,0,23,14.2,983,0,0,0,100,101,23.2,5.9,70,69.5
22/04/2024 23:31,23.2,17.3,56.9,953.5,508,953.5,0,23,14.2,982,0,0,0,98,99,23.2,5.9,70,69.5
22/04/2024 23:32,23.2,17.3,56.9,953.5,508,953.5,0,23,14.2,982,0,0,0,100,100,23.2,5.9,70,69.5
22/04/2024 23:32,23.2,17.3,56.9,953.5,507,953.5,0,23,14.2,982,0,0,0,101,101,23.2,5.9,70,69.5
22/04/2024 23:33,23.2,17.3,56.9,953.5,508,953.5,0,23,14.2,982,0,0,0,99,100,23.2,5.9,70,69.5
22/04/2024 23:33,23.2,17.3,56.9,953.5,508,953.5,0,23,14.2,982,0,0,0,102,102,23.2,5.9,70,69.5
22/04/2024 23:34,23.2,17.3,56.9,953.5,507,953.6,0,23,14.2,980,0,0,0,100,101,23.2,5.9,70,69.5
22/04/2024 23:34,23.2,17.3,56.9,953.5,507,953.5,0,23,14.2,982,0,0,0,99,100,23.2,5.9,70,69.5
22/04/2024 23:35,23.2,17.3,56.9,953.5,507,953.5,0,23,14.2,982,0,0,0,99,100,23.2,5.9,70,69.5
22/04/2024 23:35,23.2,17.3,56.9,953.5,508,953.5,0,23,14.2,982,0,0,0,101,101,23.2,5.9,70,69.5
22/04/2024 23:36,23.2,17.3,56.9,953.5,507,953.5,0,23,14.2,982,0,0,0,99,99,23.2,5.9,70,69.5
22/04/2024 23:36,23.2,17.3,56.9,953.4,508,953.4,0,23,14.2,983,0,0,0,100,101,23.2,5.9,70,69.5
22/04/2024 23:37,23.2,17.3,57,953.5,508,953.5,0,22.9,14.2,980,0,0,0,100,100,23.1,5.9,70,69.5
22/04/2024 23:37,23.2,17.3,57,953.5,507,953.5,0,22.9,14.2,980,0,0,0,101,102,23.1,5.9,70,69.5
22/04/2024 23:38,23.2,17.3,57,953.5,507,953.5,0,22.9,14.2,980,0,0,0,100,100,23.1,5.9,70,69.5
22/04/2024 23:38,23.2,17.3,57,953.5,508,953.5,0,22.9,14.2,980,0,0,0,99,100,23.1,5.9,70,69.5
22/04/2024 23:39,23.2,17.3,57,953.4,508,953.4,0,22.9,14.2,982,0,0,0,100,100,23.1,5.9,70,69.5
22/04/2024 23:39,23.2,17.3,57,953.4,508,953.4,0,22.9,14.2,982,0,0,0,99,99,23.1,5.9,70,69.5
22/04/2024 23:40,23.2,17.3,56.9,953.5,507,953.5,0,22.9,14.2,980,0,0,0,101,102,23.1,5.9,70,69.5
22/04/2024 23:40,23.2,17.3,57,953.5,507,953.5,0,22.9,14.2,980,0,0,0,100,100,23.1,5.9,70,69.5
22/04/2024 23:41,23.2,17.3,56.9,953.5,507,953.5,0,22.9,14.2,980,0,0,0,100,101,23.1,5.9,70,69.5
22/04/2024 23:41,23.2,17.3,56.9,953.5,507,953.6,0,22.9,14.2,980,0,0,0,100,101,23.1,5.9,70,69.5
22/04/2024 23:42,23.2,17.3,56.9,953.5,507,953.5,0,22.9,14.2,980,0,0,0,100,101,23.1,5.9,70,69.5
22/04/2024 23:42,23.2,17.3,56.9,953.5,508,953.5,0,22.9,14.2,980,0,0,0,98,99,23.1,5.9,70,69.5
22/04/2024 23:43,23.2,17.3,56.9,953.5,507,953.5,0,22.9,14.2,980,0,0,0,100,100,23.1,5.9,70,69.5
22/04/2024 23:43,23.2,17.3,56.9,953.5,508,953.5,0,22.9,14.2,980,0,0,0,99,100,23.1,5.9,70,69.5
22/04/2024 23:44,23.2,17.3,56.9,953.5,508,953.5,0,22.9,14.2,980,0,0,0,99,100,23.1,5.9,70,69.5
22/04/2024 23:44,23.2,17.3,56.9,953.5,508,953.5,0,22.9,14.2,980,0,0,0,100,100,23.1,5.9,70,69.5
22/04/2024 23:45,23.2,17.3,56.9,953.5,508,953.5,0,22.9,14.2,980,0,0,0,101,102,23.1,5.9,70,69.5
22/04/2024 23:45,23.1,17.3,57,953.5,507,953.5,0,22.9,14.2,980,0,0,0,100,101,23.1,5.8,70,69.5
22/04/2024 23:46,23.1,17.3,57,953.5,507,953.5,0,22.9,14.2,980,0,0,0,100,100,23.1,5.8,70,69.5
22/04/2024 23:46,23.1,17.3,57,953.5,507,953.5,0,22.9,14.2,980,0,0,0,101,102,23.1,5.8,70,69.5
22/04/2024 23:47,23.1,17.3,56.9,953.4,508,953.4,0,22.9,14.2,981,0,0,0,100,101,23.1,5.8,70,69.5
22/04/2024 23:47,23.1,17.3,56.9,953.5,508,953.5,0,22.9,14.2,980,0,0,0,100,101,23.1,5.8,70,69.5
22/04/2024 23:48,23.1,17.3,56.9,953.4,509,953.4,0,22.9,14.2,981,0,0,0,100,101,23.1,5.8,70,69.5
22/04/2024 23:48,23.1,17.2,56.9,953.5,508,953.5,0,22.9,14.1,980,0,0,0,100,101,23.1,6,70,69.4
22/04/2024 23:49,23.1,17.2,56.9,953.5,508,953.5,0,22.9,14.1,980,0,0,0,99,100,23.1,6,70,69.4
22/04/2024 23:49,23.1,17.3,56.9,953.4,508,953.4,0,22.9,14.2,981,0,0,0,100,100,23.1,5.8,70,69.5
22/04/2024 23:50,23.1,17.2,56.9,953.4,508,953.4,0,22.9,14.1,981,0,0,0,100,101,23.1,6,70,69.4
22/04/2024 23:50,23.1,17.2,56.9,953.4,508,953.4,0,22.9,14.1,981,0,0,0,100,101,23.1,6,70,69.4
22/04/2024 23:51,23.1,17.2,56.9,953.2,510,953.3,0,22.9,14.1,983,0,0,0,99,100,23.1,6,70,69.4
22/04/2024 23:51,23.1,17.2,56.8,953.2,510,953.2,0,22.9,14.1,984,0,0,0,100,100,23.1,6,70,69.4
22/04/2024 23:52,23.1,17.2,56.8,953.2,510,953.3,0,22.9,14.1,983,0,0,0,101,101,23.1,6,70,69.4
22/04/2024 23:52,23.1,17.2,56.8,953.2,509,953.3,0,22.9,14.1,983,0,0,0,99,99,23.1,6,70,69.4
22/04/2024 23:53,23.1,17.2,56.8,953.2,510,953.3,0,22.9,14.1,983,0,0,0,99,100,23.1,6,70,69.4
22/04/2024 23:53,23.1,17.2,56.8,953.2,510,953.3,0,22.9,14.1,983,0,0,0,101,101,23.1,6,70,69.4
22/04/2024 23:54,23.1,17.2,56.8,953.2,509,953.3,0,22.9,14.1,983,0,0,0,100,101,23.1,6,70,69.4
22/04/2024 23:54,23.1,17.2,56.9,953.2,509,953.3,0,22.9,14.1,981,0,0,0,99,100,23.1,5.9,69.9,69.4
22/04/2024 23:55,23.1,17.2,56.9,953.4,509,953.4,0,22.9,14.1,980,0,0,0,99,100,23.1,5.9,69.9,69.4
22/04/2024 23:55,23.1,17.2,56.9,953.4,508,953.4,0,22.9,14.1,980,0,0,0,98,99,23.1,5.9,69.9,69.4
22/04/2024 23:56,23.1,17.2,56.9,953.2,509,953.3,0,22.9,14.1,981,0,0,0,99,99,23.1,5.9,69.9,69.4
22/04/2024 23:56,23.1,17.2,56.9,953.2,509,953.4,0,22.9,14.1,980,0,0,0,99,100,23.1,5.9,69.9,69.4
22/04/2024 23:57,23.1,17.2,56.9,953.4,509,953.4,0,22.9,14.1,980,0,0,0,100,100,23.1,5.9,69.9,69.4
22/04/2024 23:57,23.1,17.2,56.9,953.2,509,953.3,0,22.9,14.1,981,0,0,0,100,100,23.1,5.9,69.9,69.4
22/04/2024 23:58,23.1,17.2,56.9,953.2,509,953.3,0,22.9,14.1,981,0,0,0,101,101,23.1,5.9,69.9,69.4
22/04/2024 23:58,23.1,17.2,56.8,953.2,509,953.3,0,22.9,14.1,981,0,0,0,100,101,23.1,5.9,69.9,69.4
22/04/2024 23:59,23.1,17.2,56.8,953.4,509,953.4,0,22.9,14.1,980,0,0,0,99,100,23.1,5.9,69.9,69.4
22/04/2024 23:59,23.1,17.2,56.8,953.2,509,953.3,0,22.9,14.1,981,0,0,0,100,100,23.1,5.9,69.9,69.4
30/05/2025 00:00,23.1,17.2,56.8,953.2,510,953.3,0,22.9,14.1,981,0,0,0,101,101,23.1,5.9,69.9,69.4
30/05/2025 00:00,23.1,17.2,56.8,953.2,510,953.3,0,22.9,14.1,981,0,0,0,99,100,23.1,5.9,69.9,69.4
30/05/2025 00:01,23.1,17.2,56.9,953.4,509,953.4,0,22.9,14.1,980,0,0,0,99,100,23.1,5.9,69.9,69.4
30/05/2025 00:01,23.1,17.2,56.9,953.4,509,953.4,0,22.9,14.1,980,0,0,0,99,100,23.1,5.9,69.9,69.4
30/05/2025 00:02,23.1,17.2,56.8,953.4,508,953.4,0,22.9,14.1,980,0,0,0,98,99,23.1,5.9,69.9,69.4
30/05/2025 00:02,23.1,17.2,56.8,953.5,508,953.5,0,22.9,14.1,978,0,0,0,100,101,23.1,5.9,69.9,69.4
30/05/2025 00:03,23.1,17.2,56.8,953.4,508,953.4,0,22.9,14.1,980,0,0,0,98,99,23.1,5.9,69.9,69.4
30/05/2025 00:03,23.1,17.2,56.8,953.5,508,953.5,0,22.9,14.1,978,0,0,0,100,100,23.1,5.9,69.9,69.4
30/05/2025 00:04,23.1,17.2,56.8,953.5,507,953.5,0,22.9,14.1,978,0,0,0,100,100,23.1,5.9,69.9,69.4
30/05/2025 00:04,23.1,17.2,56.8,953.4,508,953.4,0,22.9,14.1,980,0,0,0,99,99,23.1,5.9,69.9,69.4
30/05/2025 00:05,23.1,17.2,56.8,953.5,508,953.5,0,22.9,14.1,978,0,0,0,99,100,23.1,5.9,69.9,69.4
30/05/2025 00:05,23.1,17.2,56.8,953.5,508,953.5,0,22.9,14.1,978,0,0,0,99,100,23.1,5.9,69.9,69.4
30/05/2025 00:06,23.1,17.2,56.8,953.5,508,953.5,0,22.9,14.1,978,0,0,0,99,100,23.1,5.9,69.9,69.4
30/05/2025 00:06,23.1,17.2,56.8,953.5,508,953.5,0,22.9,14.1,978,0,0,0,100,100,23.1,5.9,69.9,69.4
30/05/2025 00:07,23.1,17.2,56.8,953.5,507,953.6,0,22.9,14.1,977,0,0,0,99,100,23.1,5.9,69.9,69.4
30/05/2025 00:07,23.1,17.2,56.8,953.5,507,953.5,0,22.9,14.1,978,0,0,0,101,102,23.1,5.9,69.9,69.4
30/05/2025 00:08,23.1,17.2,56.8,953.4,508,953.4,0,22.9,14.1,980,0,0,0,100,100,23.1,5.9,69.9,69.4
30/05/2025 00:08,23.1,17.2,56.8,953.5,508,953.5,0,22.9,14.1,978,0,0,0,99,100,23.1,5.9,69.9,69.4
30/05/2025 00:09,23.1,17.2,56.8,953.5,508,953.5,0,22.8,14.1,978,0,0,0,100,100,23,5.9,69.9,69.4
30/05/2025 00:09,23.1,17.2,56.8,953.5,507,953.5,0,22.8,14.1,978,0,0,0,100,101,23,5.9,69.9,69.4
30/05/2025 00:10,23.1,17.2,56.8,953.4,508,953.4,0,22.8,14.1,979,0,0,0,100,101,23,5.9,69.9,69.3
30/05/2025 00:10,23.1,17.2,56.8,953.5,508,953.5,0,22.8,14.1,978,0,0,0,99,100,23,5.9,69.9,69.4
30/05/2025 00:11,23.1,17.2,56.8,953.5,508,953.5,0,22.8,14.1,978,0,0,0,100,100,23,5.9,69.9,69.3
30/05/2025 00:11,23.1,17.2,56.8,953.5,508,953.5,0,22.8,14.1,978,0,0,0,100,101,23,5.9,69.9,69.3
30/05/2025 00:12,23.1,17.2,56.8,953.5,508,953.5,0,22.8,14.1,978,0,0,0,101,102,23,5.9,69.9,69.3
30/05/2025 00:12,23.1,17.2,56.8,953.4,508,953.4,0,22.8,14.1,979,0,0,0,101,101,23,5.9,69.9,69.3
30/05/2025 00:13,23.1,17.2,56.8,953.4,508,953.4,0,22.8,14.1,979,0,0,0,99,99,23,5.9,69.9,69.3
30/05/2025 00:13,23.1,17.2,56.8,953.5,508,953.5,0,22.8,14.1,978,0,0,0,100,100,23,5.9,69.9,69.3
30/05/2025 00:14,23.1,17.2,56.7,953.5,508,953.5,0,22.8,14.1,978,0,0,0,100,101,23,5.9,69.9,69.3
30/05/2025 00:14,23.1,17.2,56.7,953.5,508,953.5,0,22.8,14.1,978,0,0,0,99,99,23,5.9,69.9,69.3
30/05/2025 00:15,23.1,17.2,56.7,953.5,507,953.6,0,22.8,14.1,976,0,0,0,101,101,23,5.9,69.9,69.3
30/05/2025 00:15,23.1,17.2,56.8,953.4,509,953.4,0,22.8,14.1,978,0,0,0,100,100,23,5.9,69.8,69.3
30/05/2025 00:16,23.1,17.2,56.8,953.4,508,953.4,0,22.8,14.1,978,0,0,0,99,100,23,5.9,69.8,69.3
30/05/2025 00:16,23.1,17.2,56.8,953.4,508,953.4,0,22.8,14.1,978,0,0,0,99,100,23,5.9,69.8,69.3
30/05/2025 00:17,23.1,17.2,56.7,953.4,509,953.4,0,22.8,14.1,979,0,0,0,99,100,23,5.9,69.9,69.3
30/05/2025 00:17,23.1,17.2,56.8,953.4,509,953.4,0,22.8,14.1,978,0,0,0,100,100,23,5.9,69.8,69.3
30/05/2025 00:18,23.1,17.2,56.7,953.5,508,953.5,0,22.8,14,978,0,0,0,100,101,23,5.9,69.9,69.3
30/05/2025 00:18,23.1,17.2,56.8,953.5,508,953.5,0,22.8,14,976,0,0,0,99,100,23,5.9,69.8,69.3
30/05/2025 00:19,23.1,17.2,56.8,953.5,508,953.5,0,22.8,14,976,0,0,0,99,99,23,5.9,69.8,69.3
30/05/2025 00:19,23.1,17.2,56.8,953.5,507,953.6,0,22.8,14,976,0,0,0,100,101,23,5.9,69.8,69.3
30/05/2025 00:20,23.1,17.2,56.8,953.5,507,953.5,0,22.8,14,976,0,0,0,100,100,23,5.9,69.8,69.3
30/05/2025 00:20,23.1,17.2,56.8,953.5,507,953.6,0,22.8,14,976,0,0,0,99,100,23,5.9,69.8,69.3
30/05/2025 00:21,23.1,17.2,56.8,953.5,507,953.5,0,22.8,14,976,0,0,0,100,101,23,5.9,69.8,69.3
30/05/2025 00:21,23.1,17.2,56.8,953.5,506,953.6,0,22.8,14,976,0,0,0,101,101,23,5.9,69.8,69.3
30/05/2025 00:22,23.1,17.2,56.8,953.5,507,953.6,0,22.8,14,976,0,0,0,99,100,23,5.9,69.8,69.3
30/05/2025 00:22,23.1,17.2,56.8,953.5,506,953.6,0,22.8,14,976,0,0,0,99,100,23,5.9,69.8,69.3
30/05/2025 00:23,23.1,17.2,56.8,953.5,507,953.6,0,22.8,14,976,0,0,0,100,101,23,5.9,69.8,69.3
30/05/2025 00:23,23.1,17.2,56.8,953.5,507,953.6,0,22.8,14,976,0,0,0,100,100,23,5.9,69.8,69.3
30/05/2025 00:24,23.1,17.2,56.8,953.5,507,953.5,0,22.8,14,976,0,0,0,102,102,23,5.9,69.8,69.3
30/05/2025 00:24,23.1,17.2,56.8,953.5,507,953.6,0,22.8,14,976,0,0,0,101,101,23,5.9,69.8,69.3
30/05/2025 00:25,23.1,17.2,56.8,953.5,507,953.6,0,22.8,14,976,0,0,0,99,99,23,5.9,69.8,69.3
30/05/2025 00:25,23,17.1,56.9,953.5,507,953.5,0,22.8,14,976,0,0,0,98,99,23,5.9,69.8,69.3
30/05/2025 00:26,23.1,17.2,56.8,953.5,507,953.6,0,22.8,14,976,0,0,0,101,101,23,5.9,69.8,69.3
30/05/2025 00:26,23,17.1,56.8,953.5,507,953.6,0,22.8,14,975,0,0,0,100,101,23,5.9,69.8,69.3
30/05/2025 00:27,23,17.1,56.8,953.5,507,953.5,0,22.8,14,976,0,0,0,99,99,23,5.9,69.8,69.3
30/05/2025 00:27,23,17.1,56.8,953.4,508,953.4,0,22.8,14,977,0,0,0,99,100,23,5.9,69.8,69.3
30/05/2025 00:28,23,17.1,56.7,953.5,508,953.5,0,22.8,14,976,0,0,0,100,100,23,5.9,69.8,69.3
30/05/2025 00:28,23,17.1,56.7,953.5,507,953.5,0,22.8,14,976,0,0,0,100,100,23,5.9,69.8,69.3
30/05/2025 00:29,23,17.1,56.7,953.5,507,953.5,0,22.8,14,976,0,0,0,101,101,23,5.9,69.8,69.3
30/05/2025 00:29,23,17.1,56.7,953.5,507,953.6,0,22.8,14,975,0,0,0,100,101,23,5.9,69.8,69.3
30/05/2025 00:30,23,17.1,56.7,953.5,508,953.5,0,22.8,14,976,0,0,0,99,100,23,5.9,69.8,69.3
30/05/2025 00:30,23,17.1,56.7,953.5,508,953.5,0,22.8,14,976,0,0,0,100,101,23,5.9,69.8,69.3
30/05/2025 00:31,23,17.1,56.7,953.5,507,953.5,0,22.8,14,976,0,0,0,99,99,23,5.9,69.8,69.3
30/05/2025 00:31,23,17.1,56.8,953.5,508,953.5,0,22.8,14,975,0,0,0,100,100,23,5.9,69.8,69.3
30/05/2025 00:32,23,17.1,56.8,953.5,507,953.5,0,22.8,14,975,0,0,0,100,101,23,5.9,69.8,69.3
30/05/2025 00:32,23,17.1,56.8,953.5,507,953.5,0,22.8,14,975,0,0,0,99,99,23,5.9,69.8,69.3
30/05/2025 00:33,23,17.1,56.8,953.5,507,953.5,0,22.8,14,975,0,0,0,100,100,23,5.9,69.8,69.3
30/05/2025 00:33,23,17.1,56.8,953.7,506,953.7,0,22.8,14,973,0,0,0,100,100,23,5.9,69.8,69.3
30/05/2025 00:34,23,17.1,56.7,953.5,507,953.6,0,22.8,14,974,0,0,0,100,101,23,5.9,69.8,69.2
30/05/2025 00:34,23,17.1,56.7,953.5,507,953.6,0,22.8,14,974,0,0,0,100,100,23,5.9,69.8,69.2
30/05/2025 00:35,23,17.1,56.7,953.5,507,953.6,0,22.8,14,974,0,0,0,99,100,23,5.9,69.8,69.2
30/05/2025 00:35,23,17.1,56.7,953.7,506,953.7,0,22.8,14,973,0,0,0,100,100,23,5.9,69.8,69.2
30/05/2025 00:36,23,17.1,56.7,953.5,507,953.6,0,22.8,14,974,0,0,0,100,100,23,5.9,69.8,69.2
30/05/2025 00:36,23,17.1,56.7,953.5,506,953.6,0,22.8,14,974,0,0,0,100,100,23,5.9,69.8,69.2
30/05/2025 00:37,23,17.1,56.7,953.7,506,953.7,0,22.8,14,973,0,0,0,99,100,23,5.9,69.8,69.2
30/05/2025 00:37,23,17.1,56.7,953.7,506,953.7,0,22.8,14,973,0,0,0,100,100,23,5.9,69.8,69.2
30/05/2025 00:38,23,17.1,56.7,953.7,506,953.7,0,22.8,14,973,0,0,0,100,100,23,5.9,69.8,69.2
30/05/2025 00:38,23,17.1,56.7,953.5,507,953.6,0,22.8,14,974,0,0,0,100,101,23,5.9,69.8,69.2
30/05/2025 00:39,23,17.1,56.7,953.5,506,953.6,0,22.8,14,974,0,0,0,100,100,23,5.9,69.7,69.2
30/05/2025 00:39,23,17.1,56.7,953.7,506,953.6,0,22.8,14,974,0,0,0,100,100,23,5.9,69.8,69.2
30/05/2025 00:40,23,17.1,56.7,953.5,507,953.6,0,22.8,13.9,974,0,0,0,100,100,23,5.9,69.7,69.2
30/05/2025 00:40,23,17.1,56.6,953.5,507,953.6,0,22.8,13.9,974,0,0,0,100,101,23,5.9,69.8,69.2
30/05/2025 00:41,23,17.1,56.7,953.7,506,953.7,0,22.8,13.9,973,0,0,0,100,100,23,5.9,69.7,69.2
30/05/2025 00:41,23,17.1,56.6,953.5,507,953.6,0,22.8,13.9,974,0,0,0,99,100,23,5.9,69.7,69.2
30/05/2025 00:42,23,17.1,56.7,953.5,507,953.6,0,22.8,13.9,974,0,0,0,100,101,23,5.9,69.7,69.2
30/05/2025 00:42,23,17.1,56.6,953.5,508,953.5,0,22.8,13.9,974,0,0,0,101,101,23,5.9,69.7,69.2
30/05/2025 00:43,23,17.1,56.6,953.5,507,953.5,0,22.8,13.9,974,0,0,0,100,101,23,5.9,69.7,69.2
30/05/2025 00:43,23,17.1,56.6,953.5,507,953.6,0,22.8,13.9,974,0,0,0,99,100,23,5.9,69.7,69.2
30/05/2025 00:44,23,17.1,56.6,953.7,506,953.6,0,22.8,13.9,974,0,0,0,99,100,23,5.9,69.7,69.2
30/05/2025 00:44,23,17.1,56.6,953.7,506,953.7,0,22.8,13.9,973,0,0,0,99,100,23,5.9,69.7,69.2
30/05/2025 00:45,23,17.1,56.6,953.5,506,953.6,0,22.8,13.9,974,0,0,0,99,100,23,5.9,69.7,69.2
30/05/2025 00:45,23,17.1,56.6,953.5,506,953.6,0,22.8,13.9,974,0,0,0,100,100,23,5.9,69.7,69.2
30/05/2025 00:46,23,17.1,56.6,953.7,506,953.7,0,22.8,13.9,973,0,0,0,100,100,23,5.9,69.7,69.2
30/05/2025 00:46,23,17.1,56.7,953.7,506,953.7,0,22.7,13.9,972,0,0,0,99,99,22.9,5.9,69.7,69.2
30/05/2025 00:47,23,17.1,56.7,953.7,504,953.8,0,22.7,13.9,970,0,0,0,100,100,22.9,5.9,69.7,69.2
30/05/2025 00:47,23,17.1,56.6,953.5,507,953.6,0,22.8,13.9,974,0,0,0,99,99,23,5.9,69.7,69.2
30/05/2025 00:48,23,17.1,56.7,953.7,506,953.7,0,22.7,13.9,972,0,0,0,100,100,22.9,5.9,69.7,69.2
30/05/2025 00:48,23,17.1,56.7,953.7,506,953.7,0,22.7,13.9,972,0,0,0,99,100,22.9,5.9,69.7,69.2
30/05/2025 00:49,23,17.1,56.7,953.7,506,953.7,0,22.7,13.9,972,0,0,0,99,100,22.9,5.9,69.7,69.2
30/05/2025 00:49,23,17.1,56.7,953.7,506,953.7,0,22.7,13.9,972,0,0,0,99,100,22.9,5.9,69.7,69.2
30/05/2025 00:50,23,17.1,56.6,953.7,506,953.7,0,22.7,13.9,972,0,0,0,100,100,22.9,5.9,69.7,69.2
30/05/2025 00:50,23,17.1,56.6,953.7,506,953.8,0,22.7,13.9,970,0,0,0,100,100,22.9,5.9,69.7,69.2
30/05/2025 00:51,23,17.1,56.6,953.7,506,953.7,0,22.7,13.9,972,0,0,0,100,100,22.9,5.9,69.7,69.2
30/05/2025 00:51,23,17.1,56.6,953.7,506,953.8,0,22.7,13.9,970,0,0,0,101,101,22.9,5.9,69.7,69.2
30/05/2025 00:52,23,17.1,56.6,953.7,506,953.8,0,22.7,13.9,970,0,0,0,101,101,22.9,5.9,69.7,69.2
30/05/2025 00:52,23,17.1,56.6,953.7,506,953.8,0,22.7,13.9,970,0,0,0,99,100,22.9,5.9,69.7,69.2
30/05/2025 00:53,23,17.1,56.6,953.7,506,953.7,0,22.7,13.9,972,0,0,0,99,100,22.9,5.9,69.7,69.2
30/05/2025 00:53,23,17.1,56.6,953.7,504,953.8,0,22.7,13.9,970,0,0,0,100,101,22.9,5.9,69.7,69.2
30/05/2025 00:54,23,17.1,56.6,953.7,506,953.8,0,22.7,13.9,970,0,0,0,99,100,22.9,5.9,69.7,69.2
30/05/2025 00:54,23,17.1,56.7,953.7,506,953.8,0,22.7,13.9,970,0,0,0,99,100,22.9,5.9,69.7,69.2
30/05/2025 00:55,23,17.1,56.7,953.7,506,953.7,0,22.7,13.9,970,0,0,0,100,100,22.9,5.9,69.7,69.2
30/05/2025 00:55,23,17.1,56.7,953.7,506,953.7,0,22.7,13.9,970,0,0,0,99,99,22.9,5.9,69.7,69.2
30/05/2025 00:56,23,17.1,56.7,953.7,506,953.8,0,22.7,13.9,970,0,0,0,100,100,22.9,5.9,69.7,69.2
30/05/2025 00:56,23,17.1,56.7,953.7,506,953.8,0,22.7,13.9,970,0,0,0,99,100,22.9,5.9,69.7,69.2
30/05/2025 00:57,23,17.1,56.7,953.7,506,953.8,0,22.7,13.9,970,0,0,0,100,101,22.9,5.9,69.7,69.2
30/05/2025 00:57,23,17.1,56.6,953.7,504,953.8,0,22.7,13.9,970,0,0,0,98,99,22.9,5.9,69.7,69.2
30/05/2025 00:58,23,17.1,56.6,953.7,504,953.8,0,22.7,13.9,970,0,0,0,99,99,22.9,5.9,69.7,69.2
30/05/2025 00:58,23,17.1,56.6,953.7,504,953.8,0,22.7,13.9,970,0,0,0,100,101,22.9,5.9,69.7,69.2
30/05/2025 00:59,23,17.1,56.6,953.7,506,953.7,0,22.7,13.9,970,0,0,0,100,100,22.9,5.9,69.7,69.2
30/05/2025 00:59,23,17.1,56.6,953.7,506,953.8,0,22.7,13.9,970,0,0,0,98,99,22.9,5.9,69.7,69.2
30/05/2025 01:00,23,17.1,56.6,953.7,504,953.8,0,22.7,13.9,970,0,0,0,100,100,22.9,5.9,69.7,69.2
30/05/2025 01:00,22.9,17.1,56.7,953.7,504,953.8,0,22.7,13.9,969,0,0,0,101,101,22.9,5.8,69.6,69.1
30/05/2025 01:01,23,17.1,56.6,953.9,504,953.9,0,22.7,13.9,968,0,0,0,100,100,22.9,5.9,69.7,69.2
30/05/2025 01:01,23,17.1,56.6,953.7,506,953.8,0,22.7,13.9,970,0,0,0,100,101,22.9,5.9,69.7,69.2
30/05/2025 01:02,22.9,17.1,56.6,953.9,504,953.9,0,22.7,13.9,968,0,0,0,100,100,22.9,5.8,69.6,69.1
30/05/2025 01:02,22.9,17.1,56.6,953.7,504,953.8,0,22.7,13.9,969,0,0,0,100,100,22.9,5.8,69.6,69.1
30/05/2025 01:03,22.9,17.1,56.6,953.7,504,953.8,0,22.7,13.9,969,0,0,0,100,100,22.9,5.8,69.6,69.1
30/05/2025 01:03,22.9,17.1,56.6,953.9,504,953.9,0,22.7,13.9,968,0,0,0,100,101,22.9,5.8,69.6,69.1
30/05/2025 01:04,22.9,17.1,56.6,953.7,504,953.8,0,22.7,13.9,969,0,0,0,99,99,22.9,5.8,69.6,69.1
30/05/2025 01:04,22.9,17.1,56.6,953.9,504,953.9,0,22.7,13.9,968,0,0,0,100,101,22.9,5.8,69.6,69.1
30/05/2025 01:05,22.9,17.1,56.6,953.7,504,953.8,0,22.7,13.9,969,0,0,0,100,100,22.9,5.8,69.6,69.1
30/05/2025 01:05,22.9,17.1,56.6,953.9,504,953.9,0,22.7,13.9,968,0,0,0,99,100,22.9,5.8,69.6,69.1
30/05/2025 01:06,22.9,17.1,56.6,953.9,504,953.9,0,22.7,13.9,968,0,0,0,99,100,22.9,5.8,69.6,69.1
30/05/2025 01:06,22.9,17.1,56.6,953.9,504,953.9,0,22.7,13.9,968,0,0,0,100,101,22.9,5.8,69.6,69.1
30/05/2025 01:07,22.9,17.1,56.6,953.7,506,953.8,0,22.7,13.9,969,0,0,0,100,100,22.9,5.8,69.6,69.1
30/05/2025 01:07,22.9,17.1,56.7,953.7,506,953.8,0,22.7,13.9,968,0,0,0,99,100,22.9,5.8,69.6,69.1
30/05/2025 01:08,22.9,17.1,56.6,953.9,504,953.9,0,22.7,13.9,967,0,0,0,100,101,22.9,5.8,69.6,69.1
30/05/2025 01:08,22.9,17.1,56.6,953.9,504,953.9,0,22.7,13.9,968,0,0,0,100,100,22.9,5.8,69.6,69.1
30/05/2025 01:09,22.9,17.1,56.7,953.9,504,953.9,0,22.7,13.9,967,0,0,0,99,100,22.9,5.8,69.6,69.1
30/05/2025 01:09,22.9,17.1,56.7,953.9,504,953.9,0,22.7,13.9,967,0,0,0,99,100,22.9,5.8,69.6,69.1
30/05/2025 01:10,22.9,17.1,56.7,953.9,504,953.9,0,22.7,13.9,967,0,0,0,101,101,22.9,5.8,69.6,69.1
30/05/2025 01:10,22.9,17.1,56.7,953.9,504,953.9,0,22.7,13.9,967,0,0,0,100,100,22.9,5.8,69.6,69.1
30/05/2025 01:11,22.9,17.1,56.6,953.7,506,953.8,0,22.7,13.8,968,0,0,0,98,99,22.9,5.8,69.6,69.1
30/05/2025 01:11,22.9,17.1,56.6,953.7,504,953.8,0,22.7,13.8,968,0,0,0,100,101,22.9,5.8,69.6,69.1
30/05/2025 01:12,22.9,17.1,56.6,953.7,504,953.8,0,22.7,13.8,968,0,0,0,100,101,22.9,5.8,69.6,69.1
30/05/2025 01:12,22.9,17.1,56.6,953.7,504,953.9,0,22.7,13.8,967,0,0,0,100,100,22.9,5.8,69.6,69.1
30/05/2025 01:13,22.9,17.1,56.6,953.9,504,953.9,0,22.7,13.8,967,0,0,0,99,99,22.9,5.8,69.6,69.1
30/05/2025 01:13,22.9,17.1,56.6,953.9,504,953.9,0,22.7,13.8,967,0,0,0,98,99,22.9,5.8,69.6,69.1
30/05/2025 01:14,22.9,17,56.6,953.9,504,953.9,0,22.7,13.8,967,0,0,0,100,100,22.9,5.9,69.6,69.1
30/05/2025 01:14,22.9,17,56.6,953.7,504,953.8,0,22.7,13.8,968,0,0,0,100,100,22.9,5.9,69.6,69.1
30/05/2025 01:15,22.9,17,56.7,953.7,504,953.8,0,22.6,13.8,966,0,0,0,100,100,22.8,5.9,69.6,69.1
30/05/2025 01:15,22.9,17,56.7,953.7,504,953.8,0,22.6,13.8,966,0,0,0,100,101,22.8,5.9,69.6,69.1
30/05/2025 01:16,22.9,17,56.6,953.7,504,953.8,0,22.6,13.8,966,0,0,0,100,101,22.8,5.9,69.6,69.1
30/05/2025 01:16,22.9,17,56.6,953.9,504,953.9,0,22.6,13.8,966,0,0,0,100,100,22.8,5.9,69.6,69.1
30/05/2025 01:17,22.9,17,56.6,953.9,504,953.9,0,22.6,13.8,966,0,0,0,100,100,22.8,5.9,69.6,69.1
30/05/2025 01:17,22.9,17,56.6,953.9,504,953.9,0,22.6,13.8,966,0,0,0,100,101,22.8,5.9,69.6,69.1
30/05/2025 01:18,22.9,17,56.6,953.7,504,953.8,0,22.6,13.8,966,0,0,0,99,100,22.8,5.9,69.6,69.1
30/05/2025 01:18,22.9,17,56.6,953.9,504,953.9,0,22.6,13.8,966,0,0,0,99,100,22.8,5.9,69.6,69.1
30/05/2025 01:19,22.9,17,56.6,953.9,504,953.9,0,22.6,13.8,966,0,0,0,100,101,22.8,5.9,69.6,69.1
30/05/2025 01:19,22.9,17,56.6,953.9,504,953.9,0,22.6,13.8,966,0,0,0,100,100,22.8,5.9,69.6,69.1
30/05/2025 01:20,22.9,17,56.6,953.9,504,953.9,0,22.6,13.8,966,0,0,0,99,100,22.8,5.9,69.6,69.1
30/05/2025 01:20,22.9,17,56.6,954,503,954,0,22.6,13.8,965,0,0,0,99,99,22.8,5.9,69.6,69.1
30/05/2025 01:21,22.9,17,56.6,953.9,504,953.9,0,22.6,13.8,966,0,0,0,100,100,22.8,5.9,69.6,69.1
30/05/2025 01:21,22.9,17,56.5,954,503,954,0,22.6,13.8,964,0,0,0,100,100,22.8,5.9,69.5,69
30/05/2025 01:22,22.9,17,56.5,954,504,954,0,22.6,13.8,964,0,0,0,100,101,22.8,5.9,69.5,69
30/05/2025 01:22,22.9,17,56.5,953.9,504,953.9,0,22.6,13.8,965,0,0,0,100,101,22.8,5.9,69.5,69
30/05/2025 01:23,22.9,17,56.5,954,503,954,0,22.6,13.8,964,0,0,0,100,100,22.8,5.9,69.5,69
30/05/2025 01:23,22.9,17,56.5,954,504,954,0,22.6,13.8,964,0,0,0,99,100,22.8,5.9,69.5,69
30/05/2025 01:24,22.9,17,56.5,954,504,954,0,22.6,13.8,964,0,0,0,100,101,22.8,5.9,69.5,69
30/05/2025 01:24,22.9,17,56.5,953.9,504,953.9,0,22.6,13.8,965,0,0,0,101,101,22.8,5.9,69.5,69
30/05/2025 01:25,22.9,17,56.5,954,504,954,0,22.6,13.8,964,0,0,0,100,101,22.8,5.9,69.5,69
30/05/2025 01:25,22.9,17,56.6,954,503,954,0,22.6,13.8,963,0,0,0,101,102,22.8,5.8,69.5,69
30/05/2025 01:26,22.9,17,56.6,954,503,954,0,22.6,13.8,963,0,0,0,100,100,22.8,5.8,69.5,69
30/05/2025 01:26,22.9,17,56.6,954,503,954,0,22.6,13.8,963,0,0,0,99,100,22.8,5.8,69.5,69
30/05/2025 01:27,22.9,17,56.6,954,503,954,0,22.6,13.8,963,0,0,0,101,101,22.8,5.8,69.5,69
30/05/2025 01:27,22.9,17,56.5,954,504,954,0,22.6,13.8,963,0,0,0,100,100,22.8,5.8,69.5,69
30/05/2025 01:28,22.9,17,56.5,954,502,954.1,0,22.6,13.8,962,0,0,0,99,99,22.8,5.8,69.5,69
30/05/2025 01:28,22.9,17,56.5,954,503,954.1,0,22.6,13.8,962,0,0,0,100,100,22.8,5.8,69.5,69
30/05/2025 01:29,22.9,17,56.5,954,503,954.1,0,22.6,13.8,962,0,0,0,99,100,22.8,5.8,69.5,69
30/05/2025 01:29,22.8,17,56.6,954,502,954.1,0,22.6,13.8,961,0,0,0,100,100,22.8,5.8,69.5,69
30/05/2025 01:30,22.8,17,56.6,954,504,954,0,22.6,13.8,962,0,0,0,99,100,22.8,5.8,69.5,69
30/05/2025 01:30,22.8,17,56.6,953.9,504,953.9,0,22.6,13.8,963,0,0,0,98,99,22.8,5.8,69.5,69
30/05/2025 01:31,22.8,17,56.6,954,503,954.1,0,22.6,13.8,961,0,0,0,100,100,22.8,5.8,69.5,69
30/05/2025 01:31,22.8,17,56.6,954,502,954.1,0,22.6,13.8,961,0,0,0,99,100,22.8,5.8,69.5,69
30/05/2025 01:32,22.8,16.9,56.5,954,503,954.1,0,22.6,13.7,961,0,0,0,101,101,22.8,5.9,69.5,69
30/05/2025 01:32,22.8,16.9,56.6,954,503,954.1,0,22.6,13.7,960,0,0,0,99,100,22.8,5.9,69.5,69
30/05/2025 01:33,22.8,16.9,56.6,954,503,954.1,0,22.6,13.7,960,0,0,0,100,100,22.8,5.9,69.5,68.9
30/05/2025 01:33,22.8,16.9,56.6,954,504,954,0,22.6,13.7,961,0,0,0,101,101,22.8,5.9,69.5,68.9
30/05/2025 01:34,22.8,16.9,56.6,954,503,954.1,0,22.6,13.7,960,0,0,0,100,101,22.8,5.9,69.5,68.9
30/05/2025 01:34,22.8,16.9,56.6,954.2,502,954.2,0,22.6,13.7,960,0,0,0,100,100,22.8,5.9,69.5,68.9
30/05/2025 01:35,22.8,16.9,56.6,954,503,954.1,0,22.6,13.7,960,0,0,0,100,100,22.8,5.9,69.5,68.9
30/05/2025 01:35,22.8,16.9,56.5,954,503,954.1,0,22.6,13.7,960,0,0,0,101,101,22.8,5.9,69.5,68.9
30/05/2025 01:36,22.8,16.9,56.5,954,503,954.1,0,22.6,13.7,960,0,0,0,100,100,22.8,5.9,69.5,68.9
30/05/2025 01:36,22.8,16.9,56.5,954,503,954.1,0,22.6,13.7,960,0,0,0,100,101,22.8,5.9,69.5,68.9
30/05/2025 01:37,22.8,16.9,56.5,954,503,954.1,0,22.5,13.7,960,0,0,0,100,101,22.7,5.9,69.4,68.9
30/05/2025 01:37,22.8,16.9,56.5,954,503,954,0,22.5,13.7,961,0,0,0,99,100,22.7,5.9,69.4,68.9
30/05/2025 01:38,22.8,16.9,56.5,954,502,954.1,0,22.5,13.7,960,0,0,0,101,101,22.7,5.9,69.4,68.9
30/05/2025 01:38,22.8,16.9,56.5,954,503,954.1,0,22.5,13.7,960,0,0,0,100,101,22.7,5.9,69.4,68.9
30/05/2025 01:39,22.8,16.9,56.5,954.2,502,954.2,0,22.5,13.7,957,0,0,0,99,100,22.7,5.9,69.4,68.9
30/05/2025 01:39,22.8,16.9,56.5,954.2,502,954.2,0,22.5,13.7,957,0,0,0,101,102,22.7,5.9,69.4,68.9
30/05/2025 01:40,22.8,16.9,56.5,954,502,954.1,0,22.5,13.7,958,0,0,0,100,100,22.7,5.9,69.4,68.9
30/05/2025 01:40,22.8,16.9,56.5,954.2,502,954.2,0,22.5,13.7,957,0,0,0,101,101,22.7,5.9,69.4,68.9
30/05/2025 01:41,22.8,16.9,56.5,954,502,954.1,0,22.5,13.7,958,0,0,0,99,100,22.7,5.9,69.4,68.9
30/05/2025 01:41,22.8,16.9,56.5,954.2,502,954.2,0,22.5,13.7,958,0,0,0,100,100,22.7,5.9,69.4,68.9
30/05/2025 01:42,22.8,16.9,56.5,954,502,954.1,0,22.5,13.7,958,0,0,0,100,101,22.7,5.9,69.4,68.9
30/05/2025 01:42,22.8,16.9,56.5,954.2,502,954.2,0,22.5,13.7,958,0,0,0,100,100,22.7,5.9,69.4,68.9
30/05/2025 01:43,22.8,16.9,56.5,954.2,502,954.1,0,22.5,13.7,958,0,0,0,100,101,22.7,5.9,69.4,68.9
30/05/2025 01:43,22.8,16.9,56.5,954.2,502,954.1,0,22.5,13.7,958,0,0,0,99,100,22.7,5.9,69.4,68.9
30/05/2025 01:44,22.7,16.9,56.6,954,502,954.1,0,22.5,13.7,958,0,0,0,100,100,22.7,5.8,69.4,68.9
30/05/2025 01:44,22.7,16.9,56.6,954.2,502,954.2,0,22.5,13.7,957,0,0,0,99,100,22.7,5.8,69.4,68.9
30/05/2025 01:45,22.7,16.8,56.5,954.2,501,954.2,0,22.5,13.6,956,0,0,0,100,100,22.7,5.9,69.4,68.8
30/05/2025 01:45,22.7,16.9,56.5,954.2,501,954.3,0,22.5,13.6,956,0,0,0,100,101,22.7,5.8,69.4,68.8
30/05/2025 01:46,22.7,16.8,56.4,954.2,501,954.2,0,22.5,13.6,956,0,0,0,100,101,22.7,5.9,69.4,68.8
30/05/2025 01:46,22.7,16.8,56.4,954.2,502,954.2,0,22.5,13.6,956,0,0,0,101,101,22.7,5.9,69.4,68.8
30/05/2025 01:47,22.7,16.8,56.4,954,502,954.1,0,22.5,13.6,957,0,0,0,100,101,22.7,5.9,69.4,68.8
30/05/2025 01:47,22.7,16.8,56.5,954,502,954.1,0,22.5,13.6,957,0,0,0,100,100,22.7,5.9,69.3,68.8
30/05/2025 01:48,22.7,16.8,56.5,954.2,502,954.1,0,22.5,13.6,956,0,0,0,100,100,22.7,5.9,69.3,68.8
30/05/2025 01:48,22.7,16.8,56.5,954,502,954.1,0,22.5,13.6,956,0,0,0,100,101,22.7,5.9,69.3,68.8
30/05/2025 01:49,22.7,16.8,56.5,954.2,502,954.2,0,22.5,13.6,955,0,0,0,100,100,22.7,5.9,69.3,68.8
30/05/2025 01:49,22.7,16.8,56.4,954.2,502,954.2,0,22.5,13.6,955,0,0,0,99,100,22.7,5.9,69.3,68.8
30/05/2025 01:50,22.7,16.8,56.4,954,502,954.1,0,22.5,13.6,956,0,0,0,100,101,22.7,5.9,69.3,68.8
30/05/2025 01:50,22.7,16.8,56.4,954.2,502,954.2,0,22.5,13.6,955,0,0,0,101,101,22.7,5.9,69.3,68.8
30/05/2025 01:51,22.7,16.8,56.5,954,503,954.1,0,22.5,13.6,956,0,0,0,101,101,22.7,5.9,69.3,68.8
30/05/2025 01:51,22.7,16.8,56.5,954,502,954.1,0,22.5,13.6,956,0,0,0,101,101,22.7,5.9,69.3,68.8
30/05/2025 01:52,22.7,16.8,56.5,954,502,954.1,0,22.5,13.6,956,0,0,0,99,99,22.7,5.9,69.3,68.8
30/05/2025 01:52,22.7,16.8,56.5,954,503,954,0,22.5,13.6,956,0,0,0,100,100,22.7,5.9,69.3,68.8
30/05/2025 01:53,22.7,16.8,56.4,954,503,954,0,22.5,13.6,956,0,0,0,100,100,22.7,5.9,69.3,68.8
30/05/2025 01:53,22.7,16.8,56.4,954,503,954.1,0,22.5,13.6,956,0,0,0,101,101,22.7,5.9,69.3,68.8
30/05/2025 01:54,22.7,16.8,56.5,954,503,954.1,0,22.4,13.6,955,0,0,0,100,100,22.6,5.9,69.3,68.8
30/05/2025 01:54,22.7,16.8,56.5,954,503,954,0,22.4,13.6,956,0,0,0,100,100,22.6,5.9,69.3,68.8
30/05/2025 01:55,22.7,16.8,56.5,954,503,954,0,22.4,13.6,956,0,0,0,99,100,22.6,5.9,69.3,68.8
30/05/2025 01:55,22.7,16.8,56.5,953.9,504,953.9,0,22.4,13.6,957,0,0,0,101,101,22.6,5.9,69.3,68.8
30/05/2025 01:56,22.7,16.8,56.5,954,504,954,0,22.4,13.6,955,0,0,0,100,100,22.6,5.9,69.3,68.8
30/05/2025 01:56,22.7,16.8,56.5,954,504,954,0,22.4,13.6,955,0,0,0,100,100,22.6,5.9,69.3,68.8
30/05/2025 01:57,22.6,16.8,56.5,954,503,954.1,0,22.4,13.6,954,0,0,0,101,101,22.6,5.8,69.2,68.7
30/05/2025 01:57,22.6,16.8,56.5,954,503,954,0,22.4,13.6,956,0,0,0,100,100,22.6,5.8,69.2,68.7
30/05/2025 01:58,22.6,16.8,56.5,954,503,954,0,22.4,13.6,956,0,0,0,100,101,22.6,5.8,69.2,68.7
30/05/2025 01:58,22.6,16.8,56.5,954,503,954,0,22.4,13.6,956,0,0,0,100,100,22.6,5.8,69.2,68.7
30/05/2025 01:59,22.6,16.8,56.5,954,503,954.1,0,22.4,13.6,954,0,0,0,99,100,22.6,5.8,69.2,68.7
30/05/2025 01:59,22.6,16.8,56.5,954,502,954.1,0,22.4,13.6,954,0,0,0,100,100,22.6,5.8,69.2,68.7
30/05/2025 02:00,22.6,16.8,56.5,954,503,954,0,22.4,13.6,954,0,0,0,100,100,22.6,5.8,69.2,68.7
30/05/2025 02:00,22.6,16.8,56.5,954,503,954,0,22.4,13.6,955,0,0,0,99,100,22.6,5.8,69.2,68.7
30/05/2025 02:01,22.6,16.8,56.5,954,503,954,0,22.4,13.6,955,0,0,0,100,101,22.6,5.8,69.2,68.7
30/05/2025 02:01,22.6,16.7,56.5,954,502,954.1,0,22.4,13.5,952,0,0,0,98,98,22.6,5.9,69.2,68.7
30/05/2025 02:02,22.6,16.7,56.4,954,502,954.1,0,22.4,13.5,952,0,0,0,99,99,22.6,5.9,69.2,68.7
30/05/2025 02:02,22.6,16.7,56.4,954,503,954,0,22.4,13.5,954,0,0,0,100,100,22.6,5.9,69.2,68.7
30/05/2025 02:03,22.6,16.7,56.4,954,503,954.1,0,22.4,13.5,952,0,0,0,100,100,22.6,5.9,69.2,68.7
30/05/2025 02:03,22.6,16.7,56.4,954.2,502,954.2,0,22.4,13.5,952,0,0,0,100,100,22.6,5.9,69.2,68.7
30/05/2025 02:04,22.6,16.7,56.4,954.2,502,954.2,0,22.4,13.5,952,0,0,0,99,100,22.6,5.9,69.2,68.7
30/05/2025 02:04,22.6,16.7,56.5,954.2,501,954.2,0,22.4,13.5,950,0,0,0,99,100,22.6,5.9,69.2,68.7
30/05/2025 02:05,22.6,16.7,56.5,954.2,502,954.2,0,22.4,13.5,950,0,0,0,100,101,22.6,5.9,69.2,68.7
30/05/2025 02:05,22.6,16.7,56.5,954.2,501,954.2,0,22.4,13.5,950,0,0,0,100,100,22.6,5.9,69.2,68.7
30/05/2025 02:06,22.6,16.7,56.5,954.2,501,954.2,0,22.4,13.5,950,0,0,0,101,101,22.6,5.9,69.2,68.7
30/05/2025 02:06,22.6,16.7,56.5,954.2,502,954.1,0,22.4,13.5,952,0,0,0,99,100,22.6,5.9,69.2,68.7
30/05/2025 02:07,22.6,16.7,56.4,954,502,954.1,0,22.4,13.5,952,0,0,0,100,101,22.6,5.9,69.2,68.7
30/05/2025 02:07,22.6,16.7,56.5,954.2,502,954.2,0,22.3,13.5,951,0,0,0,100,100,22.5,5.9,69.2,68.6
30/05/2025 02:08,22.6,16.7,56.5,954.2,502,954.1,0,22.3,13.5,952,0,0,0,100,101,22.5,5.9,69.2,68.6
30/05/2025 02:08,22.6,16.7,56.5,954,503,954,0,22.3,13.5,952,0,0,0,99,100,22.5,5.9,69.1,68.6
30/05/2025 02:09,22.6,16.7,56.5,954,502,954.1,0,22.3,13.5,951,0,0,0,100,100,22.5,5.9,69.1,68.6
30/05/2025 02:09,22.6,16.7,56.4,954,502,954.1,0,22.3,13.5,951,0,0,0,100,100,22.5,5.9,69.1,68.6
30/05/2025 02:10,22.6,16.7,56.4,954,503,954.1,0,22.3,13.5,951,0,0,0,101,101,22.5,5.9,69.1,68.6
30/05/2025 02:10,22.6,16.7,56.4,954,503,954,0,22.3,13.5,952,0,0,0,101,101,22.5,5.9,69.1,68.6
30/05/2025 02:11,22.6,16.7,56.4,954,503,954.1,0,22.3,13.5,951,0,0,0,100,101,22.5,5.9,69.1,68.6
30/05/2025 02:11,22.6,16.7,56.4,954,503,954.1,0,22.3,13.5,950,0,0,0,99,100,22.5,5.9,69.1,68.6
30/05/2025 02:12,22.6,16.7,56.4,954,503,954,0,22.3,13.5,951,0,0,0,100,100,22.5,5.9,69.1,68.6
30/05/2025 02:12,22.6,16.7,56.4,954,502,954.1,0,22.3,13.4,950,0,0,0,101,101,22.5,5.9,69.1,68.6
30/05/2025 02:13,22.6,16.7,56.4,954.2,502,954.2,0,22.3,13.4,949,0,0,0,100,101,22.5,5.9,69.1,68.6
30/05/2025 02:13,22.6,16.7,56.4,953.9,504,953.9,0,22.3,13.4,952,0,0,0,99,100,22.5,5.9,69.1,68.6
30/05/2025 02:14,22.5,16.7,56.4,954,502,954.1,0,22.3,13.4,949,0,0,0,100,100,22.5,5.8,69.1,68.6
30/05/2025 02:14,22.5,16.7,56.4,954,504,954,0,22.3,13.4,950,0,0,0,99,99,22.5,5.8,69.1,68.6
30/05/2025 02:15,22.5,16.7,56.4,954,503,954.1,0,22.3,13.4,949,0,0,0,99,99,22.5,5.8,69.1,68.6
30/05/2025 02:15,22.5,16.7,56.4,954,504,954,0,22.3,13.4,950,0,0,0,100,101,22.5,5.8,69.1,68.6
30/05/2025 02:16,22.5,16.7,56.4,954,503,954,0,22.3,13.4,950,0,0,0,100,101,22.5,5.8,69.1,68.6
30/05/2025 02:16,22.5,16.7,56.4,954,503,954,0,22.3,13.4,950,0,0,0,100,100,22.5,5.8,69.1,68.6
30/05/2025 02:17,22.5,16.7,56.4,954,504,954,0,22.3,13.4,950,0,0,0,100,101,22.5,5.8,69.1,68.6
30/05/2025 02:17,22.5,16.7,56.5,954,504,954,0,22.3,13.4,950,0,0,0,99,100,22.5,5.8,69,68.5
30/05/2025 02:18,22.5,16.7,56.4,954,503,954.1,0,22.3,13.4,949,0,0,0,100,100,22.5,5.8,69.1,68.6
30/05/2025 02:18,22.5,16.7,56.5,954,503,954.1,0,22.3,13.4,949,0,0,0,100,100,22.5,5.8,69,68.5
30/05/2025 02:19,22.5,16.7,56.5,954,503,954,0,22.3,13.4,950,0,0,0,100,100,22.5,5.8,69,68.5
30/05/2025 02:19,22.5,16.7,56.5,954,503,954,0,22.3,13.4,950,0,0,0,101,101,22.5,5.8,69,68.5
30/05/2025 02:20,22.5,16.7,56.5,954,503,954.1,0,22.3,13.4,949,0,0,0,99,100,22.5,5.8,69,68.5
30/05/2025 02:20,22.5,16.7,56.5,954,503,954,0,22.3,13.4,950,0,0,0,99,100,22.5,5.8,69,68.5
30/05/2025 02:21,22.5,16.7,56.5,954,503,954.1,0,22.3,13.4,949,0,0,0,99,100,22.5,5.8,69,68.5
30/05/2025 02:21,22.5,16.7,56.6,954,503,954,0,22.3,13.4,950,0,0,0,100,100,22.5,5.8,69,68.5
30/05/2025 02:22,22.5,16.7,56.6,954,503,954.1,0,22.3,13.4,948,0,0,0,99,99,22.5,5.8,69,68.5
30/05/2025 02:22,22.5,16.7,56.6,954,503,954.1,0,22.3,13.4,948,0,0,0,99,100,22.5,5.8,69,68.5
30/05/2025 02:23,22.5,16.7,56.6,954,503,954.1,0,22.3,13.4,948,0,0,0,99,100,22.5,5.8,69,68.5
30/05/2025 02:23,22.5,16.7,56.5,954,502,954.1,0,22.3,13.4,948,0,0,0,100,100,22.5,5.8,69,68.5
30/05/2025 02:24,22.5,16.7,56.5,954,503,954.1,0,22.3,13.4,948,0,0,0,100,101,22.5,5.8,69,68.5
30/05/2025 02:24,22.5,16.7,56.6,954,503,954,0,22.2,13.4,948,0,0,0,100,101,22.4,5.8,69,68.5
30/05/2025 02:25,22.5,16.7,56.6,954,503,954,0,22.2,13.4,948,0,0,0,101,101,22.4,5.8,69,68.5
30/05/2025 02:25,22.5,16.7,56.6,954,503,954,0,22.2,13.4,948,0,0,0,99,100,22.4,5.8,69,68.5
30/05/2025 02:26,22.5,16.7,56.6,954,504,954,0,22.2,13.4,948,0,0,0,98,99,22.4,5.8,69,68.5
30/05/2025 02:26,22.5,16.7,56.6,954,503,954.1,0,22.2,13.4,948,0,0,0,99,100,22.4,5.8,69,68.5
30/05/2025 02:27,22.5,16.7,56.6,954,503,954,0,22.2,13.4,948,0,0,0,101,101,22.4,5.8,69,68.5
30/05/2025 02:27,22.5,16.7,56.5,954,503,954,0,22.2,13.4,948,0,0,0,100,100,22.4,5.8,69,68.5
30/05/2025 02:28,22.4,16.7,56.6,954,503,954,0,22.2,13.4,948,0,0,0,100,101,22.4,5.8,69,68.5
30/05/2025 02:28,22.4,16.7,56.6,954,503,954.1,0,22.2,13.4,947,0,0,0,100,101,22.4,5.8,69,68.5
30/05/2025 02:29,22.4,16.7,56.6,954,504,954,0,22.2,13.4,948,0,0,0,100,100,22.4,5.8,69,68.5
30/05/2025 02:29,22.4,16.7,56.5,954,503,954,0,22.2,13.4,948,0,0,0,100,101,22.4,5.8,69,68.5
30/05/2025 02:30,22.4,16.7,56.5,954,503,954,0,22.2,13.4,948,0,0,0,99,100,22.4,5.8,69,68.5
30/05/2025 02:30,22.4,16.7,56.5,954,503,954,0,22.2,13.4,948,0,0,0,100,100,22.4,5.8,69,68.5
30/05/2025 02:31,22.4,16.7,56.5,954,504,954,0,22.2,13.4,948,0,0,0,99,99,22.4,5.8,69,68.5
30/05/2025 02:31,22.4,16.6,56.5,954,503,954,0,22.2,13.4,947,0,0,0,98,99,22.4,5.8,68.9,68.4
30/05/2025 02:32,22.4,16.6,56.5,954,503,954,0,22.2,13.4,947,0,0,0,101,102,22.4,5.8,68.9,68.4
30/05/2025 02:32,22.4,16.6,56.5,954,503,954,0,22.2,13.4,947,0,0,0,99,100,22.4,5.8,68.9,68.4
30/05/2025 02:33,22.4,16.6,56.5,953.9,504,953.9,0,22.2,13.4,948,0,0,0,100,100,22.4,5.8,68.9,68.4
30/05/2025 02:33,22.4,16.6,56.5,954,504,954,0,22.2,13.4,947,0,0,0,99,100,22.4,5.8,68.9,68.4
30/05/2025 02:34,22.4,16.6,56.5,954,503,954,0,22.2,13.4,947,0,0,0,99,100,22.4,5.8,68.9,68.4
30/05/2025 02:34,22.4,16.6,56.5,954,504,954,0,22.2,13.4,947,0,0,0,100,101,22.4,5.8,68.9,68.4
30/05/2025 02:35,22.4,16.6,56.5,953.9,504,953.9,0,22.2,13.3,947,0,0,0,98,98,22.4,5.8,68.9,68.4
30/05/2025 02:35,22.4,16.6,56.5,954,504,954,0,22.2,13.3,946,0,0,0,100,100,22.4,5.8,68.9,68.4
30/05/2025 02:36,22.4,16.6,56.5,954,503,954,0,22.2,13.3,946,0,0,0,99,100,22.4,5.8,68.9,68.4
30/05/2025 02:36,22.4,16.6,56.5,954,503,954,0,22.2,13.3,946,0,0,0,100,101,22.4,5.8,68.9,68.4
30/05/2025 02:37,22.4,16.6,56.5,954,503,954.1,0,22.2,13.3,945,0,0,0,101,101,22.4,5.8,68.9,68.4
30/05/2025 02:37,22.4,16.6,56.5,954,504,954,0,22.2,13.3,946,0,0,0,100,101,22.4,5.8,68.9,68.4
30/05/2025 02:38,22.4,16.6,56.5,954,504,954,0,22.2,13.3,945,0,0,0,100,100,22.4,5.8,68.9,68.4
30/05/2025 02:38,22.4,16.6,56.5,954,504,954,0,22.1,13.3,945,0,0,0,99,100,22.3,5.8,68.9,68.4
30/05/2025 02:39,22.4,16.6,56.5,954,503,954,0,22.1,13.3,945,0,0,0,100,100,22.3,5.8,68.9,68.4
30/05/2025 02:39,22.4,16.6,56.5,954,504,954,0,22.1,13.3,945,0,0,0,98,99,22.3,5.8,68.9,68.4
30/05/2025 02:40,22.4,16.6,56.5,954,503,954,0,22.1,13.3,945,0,0,0,99,100,22.3,5.8,68.9,68.4
30/05/2025 02:40,22.4,16.6,56.5,954,504,954,0,22.1,13.3,945,0,0,0,99,100,22.3,5.8,68.9,68.4
30/05/2025 02:41,22.4,16.6,56.5,954,503,954,0,22.1,13.3,945,0,0,0,100,100,22.3,5.8,68.9,68.4
30/05/2025 02:41,22.4,16.6,56.5,954,503,954,0,22.1,13.3,945,0,0,0,100,100,22.3,5.8,68.9,68.4
30/05/2025 02:42,22.4,16.6,56.5,954,503,954,0,22.1,13.3,945,0,0,0,99,99,22.3,5.8,68.9,68.4
30/05/2025 02:42,22.4,16.6,56.5,954,502,954.1,0,22.1,13.3,943,0,0,0,101,102,22.3,5.8,68.8,68.3
30/05/2025 02:43,22.4,16.6,56.4,954,503,954,0,22.1,13.3,945,0,0,0,100,100,22.3,5.8,68.9,68.4
30/05/2025 02:43,22.4,16.6,56.5,954,502,954.1,0,22.1,13.3,943,0,0,0,98,99,22.3,5.8,68.8,68.3
30/05/2025 02:44,22.4,16.6,56.5,954,503,954,0,22.1,13.3,944,0,0,0,99,99,22.3,5.8,68.8,68.3
30/05/2025 02:44,22.4,16.6,56.5,954,504,954,0,22.1,13.3,944,0,0,0,99,100,22.3,5.8,68.8,68.3
30/05/2025 02:45,22.4,16.6,56.5,954,504,954,0,22.1,13.3,943,0,0,0,100,100,22.3,5.8,68.8,68.3
30/05/2025 02:45,22.4,16.6,56.5,954,503,954,0,22.1,13.3,943,0,0,0,100,100,22.3,5.8,68.8,68.3
30/05/2025 02:46,22.3,16.5,56.5,954,502,954.1,0,22.1,13.3,942,0,0,0,100,101,22.3,5.8,68.8,68.3
30/05/2025 02:46,22.3,16.5,56.5,954,503,954,0,22.1,13.3,944,0,0,0,100,101,22.3,5.8,68.8,68.3
30/05/2025 02:47,22.3,16.5,56.5,954,503,954,0,22.1,13.3,944,0,0,0,100,100,22.3,5.8,68.8,68.3
30/05/2025 02:47,22.3,16.5,56.5,954,504,954,0,22.1,13.3,942,0,0,0,99,99,22.3,5.8,68.8,68.3
30/05/2025 02:48,22.3,16.5,56.5,954,504,954,0,22.1,13.3,942,0,0,0,101,101,22.3,5.8,68.8,68.3
30/05/2025 02:48,22.3,16.5,56.5,954,503,954,0,22.1,13.3,942,0,0,0,102,102,22.3,5.8,68.8,68.3
30/05/2025 02:49,22.3,16.5,56.5,954,503,954.1,0,22.1,13.3,942,0,0,0,100,101,22.3,5.8,68.8,68.3
30/05/2025 02:49,22.3,16.5,56.5,954,503,954.1,0,22.1,13.3,942,0,0,0,101,101,22.3,5.8,68.8,68.3
30/05/2025 02:50,22.3,16.5,56.5,954,503,954,0,22.1,13.3,943,0,0,0,101,101,22.3,5.8,68.8,68.3
30/05/2025 02:50,22.3,16.5,56.5,954,504,954,0,22.1,13.3,943,0,0,0,101,101,22.3,5.8,68.8,68.3
30/05/2025 02:51,22.3,16.5,56.5,954,504,954,0,22.1,13.2,942,0,0,0,100,100,22.3,5.8,68.8,68.3
30/05/2025 02:51,22.3,16.5,56.5,954,504,954,0,22.1,13.2,942,0,0,0,100,101,22.3,5.8,68.8,68.3
30/05/2025 02:52,22.3,16.5,56.4,954,503,954.1,0,22.1,13.2,941,0,0,0,99,99,22.3,5.8,68.8,68.3
30/05/2025 02:52,22.3,16.5,56.4,954,503,954.1,0,22.1,13.2,941,0,0,0,100,100,22.3,5.8,68.8,68.3
30/05/2025 02:53,22.3,16.5,56.5,954,504,954,0,22,13.2,942,0,0,0,99,100,22.3,5.8,68.8,68.3
30/05/2025 02:53,22.3,16.5,56.5,954,504,954,0,22,13.2,942,0,0,0,100,100,22.3,5.8,68.8,68.3
30/05/2025 02:54,22.3,16.5,56.5,953.9,504,953.9,0,22,13.2,942,0,0,0,100,100,22.3,5.8,68.8,68.3
30/05/2025 02:54,22.3,16.5,56.5,954,504,954,0,22,13.2,941,0,0,0,100,101,22.3,5.8,68.8,68.3
30/05/2025 02:55,22.3,16.5,56.5,954,503,954.1,0,22,13.2,939,0,0,0,99,100,22.3,5.8,68.8,68.3
30/05/2025 02:55,22.3,16.5,56.5,954,504,954,0,22,13.2,941,0,0,0,101,101,22.3,5.8,68.8,68.3
30/05/2025 02:56,22.3,16.5,56.5,954,504,954,0,22,13.2,941,0,0,0,100,100,22.3,5.8,68.8,68.3
30/05/2025 02:56,22.3,16.5,56.5,954,504,954,0,22,13.2,941,0,0,0,100,100,22.2,5.8,68.7,68.2
30/05/2025 02:57,22.3,16.5,56.5,954,504,954,0,22,13.2,941,0,0,0,99,100,22.2,5.8,68.7,68.2
30/05/2025 02:57,22.3,16.5,56.5,953.9,504,953.9,0,22,13.2,941,0,0,0,100,100,22.2,5.8,68.7,68.2
30/05/2025 02:58,22.3,16.5,56.5,954,504,954,0,22,13.2,940,0,0,0,100,100,22.2,5.8,68.7,68.2
30/05/2025 02:58,22.3,16.5,56.4,953.9,504,953.9,0,22,13.2,941,0,0,0,98,99,22.2,5.8,68.7,68.2
30/05/2025 02:59,22.3,16.5,56.4,954,504,954,0,22,13.2,940,0,0,0,100,100,22.2,5.8,68.7,68.2
30/05/2025 02:59,22.3,16.5,56.4,953.9,504,953.9,0,22,13.2,941,0,0,0,100,100,22.2,5.8,68.7,68.2
30/05/2025 03:00,22.2,16.5,56.5,953.7,504,953.8,0,22,13.2,942,0,0,0,100,100,22.2,5.8,68.7,68.2
30/05/2025 03:00,22.3,16.5,56.4,953.9,504,953.9,0,22,13.2,941,0,0,0,99,100,22.2,5.8,68.7,68.2
30/05/2025 03:01,22.2,16.5,56.5,953.9,504,953.9,0,22,13.2,940,0,0,0,100,100,22.2,5.8,68.7,68.2
30/05/2025 03:01,22.2,16.5,56.5,953.9,504,953.9,0,22,13.2,940,0,0,0,100,101,22.2,5.8,68.7,68.2
30/05/2025 03:02,22.2,16.5,56.5,953.9,504,953.9,0,22,13.2,940,0,0,0,99,100,22.2,5.8,68.7,68.2
30/05/2025 03:02,22.2,16.5,56.4,953.9,504,953.9,0,22,13.2,940,0,0,0,101,102,22.2,5.8,68.7,68.2
30/05/2025 03:03,22.2,16.5,56.4,953.9,504,953.9,0,22,13.2,940,0,0,0,100,101,22.2,5.8,68.7,68.2
30/05/2025 03:03,22.2,16.5,56.4,953.9,504,953.9,0,22,13.2,940,0,0,0,100,101,22.2,5.8,68.7,68.2
30/05/2025 03:04,22.2,16.5,56.4,953.9,504,953.9,0,22,13.2,940,0,0,0,101,101,22.2,5.8,68.7,68.2
30/05/2025 03:04,22.2,16.4,56.5,953.9,504,953.9,0,22,13.2,939,0,0,0,99,100,22.2,5.8,68.7,68.2
30/05/2025 03:05,22.2,16.4,56.5,953.7,504,953.9,0,22,13.2,939,0,0,0,100,100,22.2,5.8,68.7,68.2
30/05/2025 03:05,22.2,16.4,56.5,953.9,504,953.9,0,22,13.2,939,0,0,0,101,101,22.2,5.8,68.7,68.2
30/05/2025 03:06,22.2,16.4,56.4,953.9,504,953.9,0,22,13.2,939,0,0,0,100,100,22.2,5.8,68.7,68.2
30/05/2025 03:06,22.2,16.4,56.5,953.9,504,953.9,0,22,13.2,939,0,0,0,99,99,22.2,5.8,68.7,68.2
30/05/2025 03:07,22.2,16.4,56.4,953.7,504,953.8,0,22,13.2,941,0,0,0,100,101,22.2,5.8,68.7,68.2
30/05/2025 03:07,22.2,16.4,56.4,953.7,504,953.9,0,22,13.2,939,0,0,0,100,100,22.2,5.8,68.7,68.2
30/05/2025 03:08,22.2,16.4,56.5,953.7,506,953.8,0,22,13.1,941,0,0,0,101,102,22.2,5.8,68.6,68.1
30/05/2025 03:08,22.2,16.4,56.5,953.7,506,953.8,0,22,13.1,941,0,0,0,99,99,22.2,5.8,68.6,68.1
30/05/2025 03:09,22.2,16.4,56.5,953.7,506,953.8,0,22,13.1,941,0,0,0,99,99,22.2,5.8,68.6,68.1
30/05/2025 03:09,22.2,16.4,56.5,953.7,504,953.8,0,22,13.1,939,0,0,0,101,101,22.2,5.8,68.6,68.1
30/05/2025 03:10,22.2,16.4,56.5,953.7,506,953.8,0,22,13.1,939,0,0,0,100,101,22.2,5.8,68.6,68.1
30/05/2025 03:10,22.2,16.4,56.5,953.7,504,953.8,0,22,13.1,939,0,0,0,99,100,22.2,5.8,68.6,68.1
30/05/2025 03:11,22.2,16.4,56.5,953.9,504,953.9,0,22,13.1,938,0,0,0,100,100,22.2,5.8,68.6,68.1
30/05/2025 03:11,22.2,16.4,56.5,953.7,506,953.8,0,22,13.1,939,0,0,0,98,99,22.2,5.8,68.6,68.1
30/05/2025 03:12,22.2,16.4,56.4,953.7,504,953.8,0,22,13.1,939,0,0,0,100,101,22.2,5.8,68.6,68.1
30/05/2025 03:12,22.2,16.4,56.5,953.9,504,953.9,0,21.9,13.1,937,0,0,0,100,101,22.1,5.8,68.6,68.1
30/05/2025 03:13,22.2,16.4,56.5,953.7,504,953.8,0,21.9,13.1,938,0,0,0,99,99,22.1,5.8,68.6,68.1
30/05/2025 03:13,22.2,16.4,56.5,953.9,504,953.9,0,21.9,13.1,937,0,0,0,100,101,22.1,5.8,68.6,68.1
30/05/2025 03:14,22.2,16.4,56.5,953.7,504,953.8,0,21.9,13.1,938,0,0,0,101,102,22.1,5.8,68.6,68.1
30/05/2025 03:14,22.2,16.4,56.5,953.7,506,953.8,0,21.9,13.1,938,0,0,0,99,100,22.1,5.8,68.6,68.1
30/05/2025 03:15,22.2,16.4,56.5,953.7,506,953.7,0,21.9,13.1,940,0,0,0,99,100,22.1,5.8,68.6,68.1
30/05/2025 03:15,22.2,16.4,56.4,953.7,506,953.8,0,21.9,13.1,938,0,0,0,100,100,22.1,5.8,68.6,68.1
30/05/2025 03:16,22.2,16.4,56.5,953.7,506,953.8,0,21.9,13.1,938,0,0,0,101,101,22.1,5.8,68.6,68.1
30/05/2025 03:16,22.2,16.4,56.4,953.7,504,953.8,0,21.9,13.1,938,0,0,0,100,100,22.1,5.8,68.6,68.1
30/05/2025 03:17,22.2,16.4,56.4,953.7,506,953.8,0,21.9,13.1,938,0,0,0,100,100,22.1,5.8,68.6,68.1
30/05/2025 03:17,22.2,16.4,56.4,953.7,504,953.8,0,21.9,13.1,938,0,0,0,99,100,22.1,5.8,68.6,68.1
30/05/2025 03:18,22.2,16.4,56.4,953.7,506,953.7,0,21.9,13.1,939,0,0,0,100,101,22.1,5.8,68.6,68.1
30/05/2025 03:18,22.2,16.4,56.4,953.7,506,953.7,0,21.9,13.1,939,0,0,0,99,100,22.1,5.8,68.5,68.1
30/05/2025 03:19,22.2,16.4,56.4,953.7,504,953.8,0,21.9,13.1,938,0,0,0,100,100,22.1,5.8,68.5,68.1
30/05/2025 03:19,22.1,16.3,56.4,953.7,504,953.8,0,21.9,13.1,937,0,0,0,101,102,22.1,5.8,68.5,68
30/05/2025 03:20,22.1,16.3,56.4,953.9,504,953.9,0,21.9,13.1,936,0,0,0,99,100,22.1,5.8,68.5,68
30/05/2025 03:20,22.1,16.3,56.4,953.7,506,953.8,0,21.9,13.1,937,0,0,0,99,100,22.1,5.8,68.5,68
30/05/2025 03:21,22.1,16.3,56.4,953.7,504,953.8,0,21.9,13.1,937,0,0,0,100,100,22.1,5.8,68.5,68
30/05/2025 03:21,22.1,16.3,56.4,953.7,506,953.8,0,21.9,13.1,937,0,0,0,100,101,22.1,5.8,68.5,68
30/05/2025 03:22,22.1,16.3,56.4,953.7,506,953.8,0,21.9,13.1,937,0,0,0,100,100,22.1,5.8,68.5,68
30/05/2025 03:22,22.1,16.3,56.4,953.9,504,953.9,0,21.9,13.1,936,0,0,0,100,100,22.1,5.8,68.5,68
30/05/2025 03:23,22.1,16.3,56.5,953.9,504,953.9,0,21.9,13.1,935,0,0,0,99,100,22.1,5.8,68.5,68
30/05/2025 03:23,22.1,16.3,56.5,953.7,504,953.8,0,21.9,13.1,935,0,0,0,101,101,22.1,5.8,68.5,68
30/05/2025 03:24,22.1,16.3,56.5,953.7,504,953.9,0,21.9,13.1,935,0,0,0,100,100,22.1,5.8,68.5,68
30/05/2025 03:24,22.1,16.3,56.5,953.9,504,953.9,0,21.9,13.1,935,0,0,0,101,102,22.1,5.8,68.5,68
30/05/2025 03:25,22.1,16.3,56.5,953.9,504,953.9,0,21.9,13.1,935,0,0,0,98,98,22.1,5.8,68.5,68
30/05/2025 03:25,22.1,16.3,56.5,953.9,504,953.9,0,21.9,13.1,935,0,0,0,100,101,22.1,5.8,68.5,68
30/05/2025 03:26,22.1,16.3,56.5,953.9,504,953.9,0,21.9,13.1,935,0,0,0,99,100,22.1,5.8,68.5,68
30/05/2025 03:26,22.1,16.3,56.5,954,504,954,0,21.9,13.1,934,0,0,0,100,100,22.1,5.8,68.5,68
30/05/2025 03:27,22.1,16.3,56.5,953.9,504,953.9,0,21.8,13,934,0,0,0,100,100,22,5.8,68.5,68
30/05/2025 03:27,22.1,16.3,56.5,954,504,954,0,21.8,13,933,0,0,0,100,101,22,5.8,68.5,68
30/05/2025 03:28,22.1,16.3,56.5,953.9,504,953.9,0,21.8,13,934,0,0,0,100,100,22,5.8,68.5,68
30/05/2025 03:28,22.1,16.3,56.4,954,504,954,0,21.8,13,933,0,0,0,99,99,22,5.8,68.5,68
30/05/2025 03:29,22.1,16.3,56.4,953.9,504,953.9,0,21.8,13,934,0,0,0,99,99,22,5.8,68.5,68
30/05/2025 03:29,22.1,16.3,56.4,953.9,504,953.9,0,21.8,13,934,0,0,0,98,98,22,5.8,68.5,68
30/05/2025 03:30,22.1,16.3,56.4,953.9,504,953.9,0,21.8,13,934,0,0,0,101,101,22,5.8,68.5,68
30/05/2025 03:30,22.1,16.3,56.4,953.9,504,953.9,0,21.8,13,934,0,0,0,100,100,22,5.8,68.5,68
30/05/2025 03:31,22.1,16.3,56.4,953.9,504,953.9,0,21.8,13,933,0,0,0,100,101,22,5.8,68.4,68
30/05/2025 03:31,22.1,16.3,56.4,953.7,504,953.8,0,21.8,13,935,0,0,0,99,100,22,5.8,68.4,68
30/05/2025 03:32,22.1,16.3,56.4,953.7,504,953.8,0,21.8,13,935,0,0,0,101,101,22,5.8,68.4,68
30/05/2025 03:32,22.1,16.3,56.4,953.9,504,953.9,0,21.8,13,933,0,0,0,101,101,22,5.8,68.4,68
30/05/2025 03:33,22.1,16.3,56.4,953.9,504,953.9,0,21.8,13,933,0,0,0,100,101,22,5.8,68.4,67.9
30/05/2025 03:33,22.1,16.3,56.4,954,504,954,0,21.8,13,932,0,0,0,99,99,22,5.8,68.4,67.9
30/05/2025 03:34,22,16.3,56.5,953.9,504,953.9,0,21.8,13,932,0,0,0,98,99,22,5.8,68.4,67.9
30/05/2025 03:34,22,16.3,56.5,953.9,504,953.9,0,21.8,13,932,0,0,0,99,99,22,5.8,68.4,67.9
30/05/2025 03:35,22,16.3,56.5,953.9,504,953.9,0,21.8,13,932,0,0,0,99,100,22,5.8,68.4,67.9
30/05/2025 03:35,22,16.3,56.5,953.7,504,953.8,0,21.8,13,933,0,0,0,99,100,22,5.8,68.4,67.9
30/05/2025 03:36,22,16.3,56.5,953.7,506,953.8,0,21.8,13,933,0,0,0,101,101,22,5.8,68.4,67.9
30/05/2025 03:36,22,16.3,56.4,953.7,506,953.8,0,21.8,13,933,0,0,0,99,100,22,5.8,68.4,67.9
30/05/2025 03:37,22,16.3,56.4,953.7,504,953.8,0,21.8,13,933,0,0,0,98,99,22,5.8,68.4,67.9
30/05/2025 03:37,22,16.3,56.4,953.7,506,953.8,0,21.8,13,933,0,0,0,100,101,22,5.8,68.4,67.9
30/05/2025 03:38,22,16.3,56.5,953.9,504,953.9,0,21.8,13,931,0,0,0,101,102,22,5.7,68.4,67.9
30/05/2025 03:38,22,16.3,56.5,953.7,504,953.8,0,21.8,13,932,0,0,0,100,100,22,5.7,68.4,67.9
30/05/2025 03:39,22,16.3,56.4,953.9,504,953.9,0,21.8,13,932,0,0,0,99,100,22,5.8,68.4,67.9
30/05/2025 03:39,22,16.3,56.5,953.7,504,953.8,0,21.8,13,932,0,0,0,100,100,22,5.7,68.4,67.9
30/05/2025 03:40,22,16.3,56.5,953.7,506,953.8,0,21.8,13,932,0,0,0,99,100,22,5.7,68.4,67.9
30/05/2025 03:40,22,16.3,56.4,953.7,504,953.9,0,21.8,13,931,0,0,0,100,101,22,5.7,68.4,67.9
30/05/2025 03:41,22,16.3,56.5,953.7,504,953.8,0,21.8,13,934,0,0,0,100,101,22,5.7,68.4,67.9
30/05/2025 03:41,22,16.3,56.5,953.7,506,953.8,0,21.8,13,932,0,0,0,100,101,22,5.7,68.3,67.9
30/05/2025 03:42,22,16.3,56.5,953.7,506,953.8,0,21.8,13,932,0,0,0,99,99,22,5.7,68.4,67.9
30/05/2025 03:42,22,16.3,56.5,953.7,506,953.7,0,21.8,12.9,932,0,0,0,99,100,22,5.7,68.3,67.9
30/05/2025 03:43,22,16.3,56.5,953.7,506,953.7,0,21.8,12.9,932,0,0,0,99,99,22,5.7,68.3,67.9
30/05/2025 03:43,22,16.3,56.5,953.7,504,953.8,0,21.8,12.9,931,0,0,0,100,101,22,5.7,68.3,67.9
30/05/2025 03:44,22,16.3,56.5,953.7,504,953.8,0,21.8,12.9,931,0,0,0,99,100,22,5.7,68.3,67.9
30/05/2025 03:44,22,16.3,56.5,953.7,506,953.7,0,21.8,12.9,932,0,0,0,99,99,22,5.7,68.3,67.9
30/05/2025 03:45,22,16.3,56.5,953.7,506,953.7,0,21.8,12.9,932,0,0,0,100,101,22,5.7,68.3,67.9
30/05/2025 03:45,22,16.3,56.5,953.7,504,953.8,0,21.8,12.9,931,0,0,0,99,99,22,5.7,68.3,67.9
30/05/2025 03:46,22,16.2,56.4,953.7,506,953.8,0,21.7,12.9,931,0,0,0,101,102,21.9,5.8,68.3,67.8
30/05/2025 03:46,22,16.3,56.5,953.7,504,953.9,0,21.7,12.9,931,0,0,0,101,102,21.9,5.7,68.3,67.8
30/05/2025 03:47,22,16.2,56.4,953.7,506,953.8,0,21.7,12.9,931,0,0,0,99,100,21.9,5.8,68.3,67.8
30/05/2025 03:47,22,16.2,56.4,953.7,506,953.7,0,21.7,12.9,932,0,0,0,100,101,21.9,5.8,68.3,67.8
30/05/2025 03:48,22,16.2,56.4,953.7,506,953.8,0,21.7,12.9,931,0,0,0,100,101,21.9,5.8,68.3,67.8
30/05/2025 03:48,22,16.2,56.4,953.7,506,953.8,0,21.7,12.9,931,0,0,0,100,101,21.9,5.8,68.3,67.8
30/05/2025 03:49,22,16.2,56.4,953.7,506,953.8,0,21.7,12.9,931,0,0,0,100,100,21.9,5.8,68.3,67.8
30/05/2025 03:49,22,16.2,56.4,953.7,506,953.8,0,21.7,12.9,931,0,0,0,99,100,21.9,5.8,68.3,67.8
30/05/2025 03:50,21.9,16.2,56.5,953.7,506,953.7,0,21.7,12.9,931,0,0,0,100,101,21.9,5.8,68.3,67.8
30/05/2025 03:50,21.9,16.2,56.5,953.7,506,953.8,0,21.7,12.9,930,0,0,0,100,100,21.9,5.8,68.3,67.8
30/05/2025 03:51,21.9,16.2,56.5,953.7,506,953.7,0,21.7,12.9,931,0,0,0,100,100,21.9,5.8,68.3,67.8
30/05/2025 03:51,21.9,16.2,56.5,953.7,506,953.8,0,21.7,12.9,930,0,0,0,99,99,21.9,5.8,68.3,67.8
30/05/2025 03:52,21.9,16.2,56.5,953.7,504,953.8,0,21.7,12.9,930,0,0,0,100,100,21.9,5.8,68.3,67.8
30/05/2025 03:52,21.9,16.2,56.5,953.7,504,953.8,0,21.7,12.9,930,0,0,0,101,101,21.9,5.8,68.3,67.8
30/05/2025 03:53,21.9,16.2,56.5,953.7,506,953.8,0,21.7,12.9,930,0,0,0,99,100,21.9,5.8,68.3,67.8
30/05/2025 03:53,21.9,16.2,56.5,953.7,504,953.8,0,21.7,12.9,930,0,0,0,99,99,21.9,5.7,68.2,67.8
30/05/2025 03:54,21.9,16.2,56.5,953.9,504,953.9,0,21.7,12.9,928,0,0,0,99,100,21.9,5.7,68.2,67.8
30/05/2025 03:54,21.9,16.2,56.5,953.7,506,953.8,0,21.7,12.9,930,0,0,0,99,100,21.9,5.7,68.2,67.8
30/05/2025 03:55,21.9,16.2,56.5,953.7,506,953.8,0,21.7,12.9,930,0,0,0,100,101,21.9,5.7,68.2,67.8
30/05/2025 03:55,21.9,16.2,56.5,953.7,506,953.7,0,21.7,12.9,930,0,0,0,101,101,21.9,5.7,68.2,67.8
30/05/2025 03:56,21.9,16.2,56.5,953.7,504,953.8,0,21.7,12.9,928,0,0,0,101,102,21.9,5.7,68.2,67.8
30/05/2025 03:56,21.9,16.2,56.5,953.9,504,953.9,0,21.7,12.9,928,0,0,0,99,100,21.9,5.7,68.2,67.8
30/05/2025 03:57,21.9,16.2,56.5,953.9,504,953.9,0,21.7,12.9,928,0,0,0,99,99,21.9,5.7,68.2,67.7
30/05/2025 03:57,21.9,16.2,56.4,953.9,504,953.9,0,21.7,12.9,928,0,0,0,100,100,21.9,5.7,68.2,67.8
30/05/2025 03:58,21.9,16.2,56.5,953.7,506,953.8,0,21.7,12.9,928,0,0,0,100,100,21.9,5.7,68.2,67.7
30/05/2025 03:58,21.9,16.2,56.5,953.7,504,953.9,0,21.7,12.9,928,0,0,0,101,101,21.9,5.7,68.2,67.7
30/05/2025 03:59,21.9,16.2,56.5,953.9,504,953.9,0,21.7,12.9,928,0,0,0,100,100,21.9,5.7,68.2,67.7
30/05/2025 03:59,21.9,16.2,56.5,953.9,504,953.9,0,21.7,12.9,928,0,0,0,101,101,21.9,5.7,68.2,67.7
30/05/2025 04:00,21.9,16.2,56.4,953.9,504,953.9,0,21.7,12.8,928,0,0,0,100,101,21.9,5.7,68.2,67.7
30/05/2025 04:00,21.9,16.2,56.4,953.9,504,953.9,0,21.7,12.8,928,0,0,0,99,100,21.9,5.7,68.2,67.7
30/05/2025 04:01,21.9,16.2,56.4,953.7,506,953.8,0,21.7,12.8,928,0,0,0,100,100,21.9,5.7,68.2,67.7
30/05/2025 04:01,21.9,16.2,56.5,953.7,504,953.8,0,21.6,12.8,928,0,0,0,99,100,21.8,5.7,68.2,67.7
30/05/2025 04:02,21.9,16.2,56.5,953.7,504,953.8,0,21.6,12.8,928,0,0,0,100,101,21.8,5.7,68.2,67.7
30/05/2025 04:02,21.9,16.2,56.5,953.9,504,953.9,0,21.6,12.8,928,0,0,0,99,99,21.8,5.7,68.2,67.7
30/05/2025 04:03,21.9,16.1,56.5,953.7,506,953.8,0,21.6,12.8,928,0,0,0,100,100,21.8,5.8,68.2,67.7
30/05/2025 04:03,21.9,16.1,56.5,953.7,506,953.8,0,21.6,12.8,928,0,0,0,100,101,21.8,5.8,68.2,67.7
30/05/2025 04:04,21.9,16.1,56.4,953.7,504,953.8,0,21.6,12.8,928,0,0,0,100,100,21.8,5.8,68.2,67.7
30/05/2025 04:04,21.9,16.1,56.4,953.7,504,953.8,0,21.6,12.8,928,0,0,0,100,100,21.8,5.8,68.2,67.7
30/05/2025 04:05,21.9,16.1,56.5,953.7,504,953.8,0,21.6,12.8,927,0,0,0,99,100,21.8,5.8,68.2,67.7
30/05/2025 04:05,21.9,16.1,56.5,953.7,506,953.7,0,21.6,12.8,928,0,0,0,100,101,21.8,5.8,68.2,67.7
30/05/2025 04:06,21.9,16.1,56.5,953.7,506,953.8,0,21.6,12.8,927,0,0,0,99,99,21.8,5.8,68.2,67.7
30/05/2025 04:06,21.9,16.1,56.5,953.7,504,953.8,0,21.6,12.8,927,0,0,0,99,100,21.8,5.8,68.2,67.7
30/05/2025 04:07,21.9,16.1,56.5,953.7,506,953.8,0,21.6,12.8,927,0,0,0,100,100,21.8,5.8,68.2,67.7
30/05/2025 04:07,21.9,16.1,56.5,953.7,506,953.7,0,21.6,12.8,928,0,0,0,100,100,21.8,5.8,68.2,67.7
30/05/2025 04:08,21.9,16.1,56.5,953.7,506,953.8,0,21.6,12.8,926,0,0,0,98,98,21.8,5.8,68.2,67.7
30/05/2025 04:08,21.8,16.1,56.5,953.7,506,953.8,0,21.6,12.8,927,0,0,0,100,101,21.8,5.7,68.1,67.7
30/05/2025 04:09,21.9,16.1,56.5,953.7,506,953.8,0,21.6,12.8,926,0,0,0,100,101,21.8,5.8,68.2,67.7
30/05/2025 04:09,21.8,16.1,56.5,953.7,506,953.7,0,21.6,12.8,927,0,0,0,101,101,21.8,5.7,68.1,67.7
30/05/2025 04:10,21.8,16.1,56.5,953.7,506,953.7,0,21.6,12.8,928,0,0,0,100,101,21.8,5.7,68.1,67.7
30/05/2025 04:10,21.8,16.1,56.5,953.7,504,953.8,0,21.6,12.8,926,0,0,0,100,100,21.8,5.7,68.1,67.7
30/05/2025 04:11,21.8,16.1,56.4,953.7,506,953.7,0,21.6,12.8,927,0,0,0,98,99,21.8,5.7,68.1,67.6
30/05/2025 04:11,21.8,16.1,56.4,953.7,506,953.7,0,21.6,12.8,927,0,0,0,100,101,21.8,5.7,68.1,67.6
30/05/2025 04:12,21.8,16.1,56.4,953.7,506,953.7,0,21.6,12.8,927,0,0,0,100,101,21.8,5.7,68.1,67.6
30/05/2025 04:12,21.8,16.1,56.4,953.7,506,953.7,0,21.6,12.8,927,0,0,0,100,100,21.8,5.7,68.1,67.6
30/05/2025 04:13,21.8,16.1,56.5,953.7,506,953.6,0,21.6,12.8,927,0,0,0,100,100,21.8,5.7,68.1,67.6
30/05/2025 04:13,21.8,16.1,56.5,953.7,506,953.7,0,21.6,12.8,926,0,0,0,99,99,21.8,5.7,68.1,67.6
30/05/2025 04:14,21.8,16.1,56.5,953.5,506,953.6,0,21.6,12.8,927,0,0,0,100,101,21.8,5.7,68.1,67.6
30/05/2025 04:14,21.8,16.1,56.4,953.7,506,953.7,0,21.6,12.8,926,0,0,0,99,99,21.8,5.7,68.1,67.6
30/05/2025 04:15,21.8,16.1,56.4,953.7,506,953.7,0,21.6,12.8,926,0,0,0,100,100,21.8,5.7,68.1,67.6
30/05/2025 04:15,21.8,16.1,56.4,953.7,506,953.7,0,21.6,12.8,926,0,0,0,100,100,21.8,5.7,68.1,67.6
30/05/2025 04:16,21.8,16.1,56.4,953.7,506,953.6,0,21.6,12.8,927,0,0,0,100,101,21.8,5.7,68.1,67.6
30/05/2025 04:16,21.8,16.1,56.4,953.5,506,953.6,0,21.6,12.8,927,0,0,0,101,102,21.8,5.7,68.1,67.6
30/05/2025 04:17,21.8,16.1,56.4,953.7,506,953.7,0,21.6,12.8,926,0,0,0,100,100,21.8,5.7,68.1,67.6
30/05/2025 04:17,21.8,16.1,56.5,953.7,506,953.6,0,21.5,12.8,926,0,0,0,99,100,21.7,5.7,68.1,67.6
30/05/2025 04:18,21.8,16.1,56.5,953.7,506,953.6,0,21.5,12.8,926,0,0,0,100,101,21.7,5.7,68.1,67.6
30/05/2025 04:18,21.8,16.1,56.5,953.5,507,953.6,0,21.5,12.8,926,0,0,0,100,100,21.7,5.7,68.1,67.6
30/05/2025 04:19,21.8,16.1,56.5,953.5,506,953.6,0,21.5,12.8,926,0,0,0,99,100,21.7,5.7,68.1,67.6
30/05/2025 04:19,21.8,16.1,56.4,953.5,507,953.6,0,21.5,12.8,926,0,0,0,101,101,21.7,5.7,68,67.6
30/05/2025 04:20,21.8,16.1,56.5,953.5,507,953.6,0,21.5,12.8,926,0,0,0,99,100,21.7,5.7,68,67.6
30/05/2025 04:20,21.8,16.1,56.5,953.5,506,953.6,0,21.5,12.8,926,0,0,0,99,100,21.7,5.7,68,67.6
30/05/2025 04:21,21.8,16,56.5,953.7,506,953.6,0,21.5,12.7,925,0,0,0,100,100,21.7,5.8,68,67.6
30/05/2025 04:21,21.8,16,56.5,953.7,506,953.7,0,21.5,12.7,924,0,0,0,100,101,21.7,5.8,68,67.6
30/05/2025 04:22,21.8,16,56.5,953.7,506,953.7,0,21.5,12.7,924,0,0,0,100,100,21.7,5.8,68,67.6
30/05/2025 04:22,21.8,16,56.5,953.5,506,953.6,0,21.5,12.7,925,0,0,0,99,100,21.7,5.8,68,67.6
30/05/2025 04:23,21.8,16,56.4,953.5,507,953.6,0,21.5,12.7,925,0,0,0,100,100,21.7,5.8,68,67.5
30/05/2025 04:23,21.8,16,56.4,953.5,507,953.6,0,21.5,12.7,925,0,0,0,101,101,21.7,5.8,68,67.5
30/05/2025 04:24,21.8,16,56.5,953.5,508,953.5,0,21.5,12.7,926,0,0,0,100,100,21.7,5.8,68,67.5
30/05/2025 04:24,21.8,16,56.4,953.5,507,953.6,0,21.5,12.7,925,0,0,0,100,100,21.7,5.8,68,67.5
30/05/2025 04:25,21.8,16,56.5,953.5,506,953.6,0,21.5,12.7,925,0,0,0,99,99,21.7,5.8,68,67.5
30/05/2025 04:25,21.8,16,56.5,953.7,506,953.7,0,21.5,12.7,924,0,0,0,99,100,21.7,5.8,68,67.5
30/05/2025 04:26,21.8,16,56.5,953.5,507,953.5,0,21.5,12.7,926,0,0,0,99,100,21.7,5.8,68,67.5
30/05/2025 04:26,21.8,16,56.4,953.5,507,953.6,0,21.5,12.7,925,0,0,0,99,100,21.7,5.8,68,67.5
30/05/2025 04:27,21.8,16,56.4,953.5,507,953.6,0,21.5,12.7,925,0,0,0,100,100,21.7,5.8,68,67.5
30/05/2025 04:27,21.8,16,56.4,953.5,506,953.6,0,21.5,12.7,925,0,0,0,99,99,21.7,5.8,68,67.5
30/05/2025 04:28,21.8,16,56.4,953.7,506,953.7,0,21.5,12.7,924,0,0,0,100,100,21.7,5.8,68,67.5
30/05/2025 04:28,21.8,16,56.4,953.5,507,953.6,0,21.5,12.7,925,0,0,0,101,102,21.7,5.8,68,67.5
30/05/2025 04:29,21.8,16,56.4,953.5,507,953.6,0,21.5,12.7,925,0,0,0,100,101,21.7,5.8,68,67.5
30/05/2025 04:29,21.7,16,56.5,953.5,507,953.6,0,21.5,12.7,924,0,0,0,100,100,21.7,5.7,68,67.5
30/05/2025 04:30,21.7,16,56.4,953.7,506,953.7,0,21.5,12.7,922,0,0,0,100,101,21.7,5.7,68,67.5
30/05/2025 04:30,21.7,16,56.4,953.5,506,953.6,0,21.5,12.7,924,0,0,0,100,100,21.7,5.7,68,67.5
30/05/2025 04:31,21.7,16,56.4,953.7,506,953.7,0,21.5,12.7,922,0,0,0,100,100,21.7,5.7,68,67.5
30/05/2025 04:31,21.7,16,56.4,953.5,507,953.6,0,21.5,12.7,924,0,0,0,101,101,21.7,5.7,68,67.5
30/05/2025 04:32,21.7,16,56.4,953.5,507,953.6,0,21.5,12.7,924,0,0,0,100,101,21.7,5.7,68,67.5
30/05/2025 04:32,21.7,16,56.4,953.5,507,953.6,0,21.5,12.7,924,0,0,0,99,100,21.7,5.7,68,67.5
30/05/2025 04:33,21.7,16,56.5,953.5,507,953.6,0,21.5,12.7,924,0,0,0,100,100,21.7,5.7,68,67.5
30/05/2025 04:33,21.7,16,56.5,953.5,506,953.6,0,21.5,12.7,923,0,0,0,101,101,21.7,5.7,68,67.5
30/05/2025 04:34,21.7,16,56.4,953.5,506,953.6,0,21.5,12.7,923,0,0,0,100,101,21.7,5.7,67.9,67.5
30/05/2025 04:34,21.7,16,56.4,953.5,507,953.6,0,21.5,12.7,923,0,0,0,100,100,21.7,5.7,67.9,67.5
30/05/2025 04:35,21.7,16,56.5,953.7,506,953.7,0,21.5,12.7,921,0,0,0,99,100,21.7,5.7,67.9,67.5
30/05/2025 04:35,21.7,16,56.4,953.5,507,953.6,0,21.5,12.7,923,0,0,0,99,100,21.7,5.7,67.9,67.5
30/05/2025 04:36,21.7,16,56.5,953.5,507,953.6,0,21.4,12.7,922,0,0,0,98,99,21.6,5.7,67.9,67.4
30/05/2025 04:36,21.7,16,56.5,953.7,506,953.7,0,21.4,12.7,921,0,0,0,100,101,21.6,5.7,67.9,67.4
30/05/2025 04:37,21.7,16,56.4,953.7,506,953.7,0,21.5,12.7,921,0,0,0,99,100,21.7,5.7,67.9,67.5
30/05/2025 04:37,21.7,16,56.5,953.7,506,953.6,0,21.4,12.7,922,0,0,0,100,101,21.6,5.7,67.9,67.4
30/05/2025 04:38,21.7,16,56.5,953.7,506,953.7,0,21.4,12.7,921,0,0,0,99,100,21.6,5.7,67.9,67.4
30/05/2025 04:38,21.7,16,56.4,953.7,506,953.7,0,21.4,12.6,921,0,0,0,100,100,21.6,5.7,67.9,67.4
30/05/2025 04:39,21.7,16,56.5,953.5,507,953.6,0,21.4,12.7,922,0,0,0,99,100,21.6,5.7,67.9,67.4
30/05/2025 04:39,21.7,16,56.4,953.5,506,953.6,0,21.4,12.6,922,0,0,0,101,101,21.6,5.7,67.9,67.4
30/05/2025 04:40,21.7,16,56.4,953.5,507,953.6,0,21.4,12.6,922,0,0,0,100,101,21.6,5.7,67.9,67.4
30/05/2025 04:40,21.7,16,56.5,953.7,506,953.7,0,21.4,12.6,920,0,0,0,100,100,21.6,5.7,67.9,67.4
30/05/2025 04:41,21.7,16,56.5,953.7,506,953.7,0,21.4,12.6,920,0,0,0,100,100,21.6,5.7,67.9,67.4
30/05/2025 04:41,21.7,15.9,56.4,953.5,507,953.5,0,21.4,12.6,922,0,0,0,99,100,21.6,5.8,67.9,67.4
30/05/2025 04:42,21.7,15.9,56.4,953.5,507,953.6,0,21.4,12.6,921,0,0,0,100,101,21.6,5.8,67.9,67.4
30/05/2025 04:42,21.7,15.9,56.4,953.5,506,953.6,0,21.4,12.6,921,0,0,0,99,100,21.6,5.8,67.9,67.4
30/05/2025 04:43,21.7,15.9,56.4,953.5,507,953.6,0,21.4,12.6,921,0,0,0,101,101,21.6,5.8,67.9,67.4
30/05/2025 04:43,21.7,15.9,56.4,953.5,508,953.5,0,21.4,12.6,922,0,0,0,99,99,21.6,5.8,67.9,67.4
30/05/2025 04:44,21.7,15.9,56.4,953.5,507,953.5,0,21.4,12.6,922,0,0,0,101,101,21.6,5.8,67.9,67.4
30/05/2025 04:44,21.7,15.9,56.4,953.5,507,953.5,0,21.4,12.6,922,0,0,0,99,99,21.6,5.8,67.9,67.4
30/05/2025 04:45,21.6,15.9,56.4,953.5,507,953.5,0,21.4,12.6,921,0,0,0,100,101,21.6,5.8,67.9,67.4
30/05/2025 04:45,21.7,15.9,56.4,953.5,508,953.5,0,21.4,12.6,922,0,0,0,100,100,21.6,5.8,67.9,67.4
30/05/2025 04:46,21.6,15.9,56.4,953.5,508,953.5,0,21.4,12.6,921,0,0,0,100,101,21.6,5.8,67.9,67.4
30/05/2025 04:46,21.6,15.9,56.4,953.5,508,953.5,0,21.4,12.6,921,0,0,0,99,100,21.6,5.8,67.9,67.4
30/05/2025 04:47,21.6,15.9,56.4,953.5,507,953.5,0,21.4,12.6,921,0,0,0,100,100,21.6,5.8,67.8,67.4
30/05/2025 04:47,21.6,15.9,56.4,953.5,508,953.5,0,21.4,12.6,921,0,0,0,99,100,21.6,5.8,67.8,67.4
30/05/2025 04:48,21.6,15.9,56.4,953.5,506,953.6,0,21.4,12.6,921,0,0,0,100,101,21.6,5.8,67.8,67.4
30/05/2025 04:48,21.6,15.9,56.4,953.5,507,953.5,0,21.4,12.6,921,0,0,0,98,99,21.6,5.8,67.8,67.4
30/05/2025 04:49,21.6,15.9,56.4,953.4,508,953.4,0,21.4,12.6,921,0,0,0,100,100,21.6,5.7,67.8,67.3
30/05/2025 04:49,21.6,15.9,56.4,953.5,508,953.5,0,21.4,12.6,921,0,0,0,100,101,21.6,5.7,67.8,67.3
30/05/2025 04:50,21.6,15.9,56.4,953.5,508,953.5,0,21.4,12.6,921,0,0,0,100,101,21.6,5.7,67.8,67.3
30/05/2025 04:50,21.6,15.9,56.4,953.5,508,953.5,0,21.4,12.6,921,0,0,0,98,99,21.6,5.7,67.8,67.3
30/05/2025 04:51,21.6,15.9,56.4,953.5,508,953.5,0,21.4,12.6,921,0,0,0,99,99,21.6,5.7,67.8,67.3
30/05/2025 04:51,21.6,15.9,56.4,953.5,507,953.5,0,21.4,12.6,921,0,0,0,100,100,21.6,5.7,67.8,67.3
30/05/2025 04:52,21.6,15.9,56.4,953.4,508,953.4,0,21.4,12.6,921,0,0,0,101,101,21.6,5.7,67.8,67.3
30/05/2025 04:52,21.6,15.9,56.3,953.4,509,953.4,0,21.4,12.6,921,0,0,0,100,101,21.6,5.7,67.8,67.3
30/05/2025 04:53,21.6,15.9,56.4,953.4,508,953.4,0,21.4,12.6,921,0,0,0,100,101,21.6,5.7,67.8,67.3
30/05/2025 04:53,21.6,15.9,56.4,953.4,508,953.4,0,21.4,12.6,921,0,0,0,100,101,21.6,5.7,67.8,67.3
30/05/2025 04:54,21.6,15.9,56.4,953.4,508,953.4,0,21.4,12.6,921,0,0,0,99,100,21.6,5.7,67.8,67.3
30/05/2025 04:54,21.6,15.9,56.4,953.4,508,953.4,0,21.4,12.6,921,0,0,0,101,102,21.6,5.7,67.8,67.3
30/05/2025 04:55,21.6,15.9,56.4,953.5,508,953.5,0,21.4,12.6,920,0,0,0,100,101,21.6,5.7,67.8,67.3
30/05/2025 04:55,21.6,15.9,56.4,953.2,509,953.4,0,21.4,12.6,921,0,0,0,100,101,21.6,5.7,67.8,67.3
30/05/2025 04:56,21.6,15.9,56.4,953.4,509,953.4,0,21.4,12.6,921,0,0,0,101,101,21.6,5.7,67.8,67.3
30/05/2025 04:56,21.6,15.9,56.4,953.4,509,953.4,0,21.4,12.6,921,0,0,0,99,99,21.6,5.7,67.8,67.3
30/05/2025 04:57,21.6,15.9,56.4,953.4,509,953.4,0,21.4,12.6,921,0,0,0,99,100,21.6,5.7,67.8,67.3
30/05/2025 04:57,21.6,15.9,56.5,953.4,508,953.4,0,21.4,12.6,920,0,0,0,99,100,21.5,5.7,67.8,67.3
30/05/2025 04:58,21.6,15.9,56.5,953.5,508,953.5,0,21.4,12.6,919,0,0,0,99,100,21.5,5.7,67.8,67.3
30/05/2025 04:58,21.6,15.9,56.5,953.5,507,953.5,0,21.4,12.6,919,0,0,0,101,101,21.5,5.7,67.8,67.3
30/05/2025 04:59,21.6,15.9,56.5,953.4,508,953.4,0,21.4,12.6,920,0,0,0,98,99,21.5,5.7,67.8,67.3
30/05/2025 04:59,21.6,15.9,56.5,953.4,509,953.4,0,21.4,12.6,920,0,0,0,101,101,21.5,5.7,67.8,67.3
30/05/2025 05:00,21.6,15.9,56.5,953.4,508,953.4,0,21.4,12.6,920,0,0,0,100,100,21.5,5.7,67.8,67.3
30/05/2025 05:00,21.6,15.9,56.5,953.5,508,953.5,0,21.4,12.6,919,0,0,0,101,101,21.5,5.7,67.8,67.3
30/05/2025 05:01,21.6,15.9,56.5,953.4,508,953.4,0,21.4,12.6,920,0,0,0,101,101,21.5,5.7,67.8,67.3
30/05/2025 05:01,21.6,15.9,56.5,953.4,509,953.4,0,21.4,12.6,920,0,0,0,100,100,21.5,5.7,67.8,67.3
30/05/2025 05:02,21.6,15.9,56.5,953.4,508,953.4,0,21.4,12.6,921,0,0,0,100,101,21.5,5.7,67.7,67.3
30/05/2025 05:02,21.6,15.9,56.5,953.4,509,953.4,0,21.4,12.6,921,0,0,0,99,99,21.5,5.7,67.7,67.3
30/05/2025 05:03,21.6,15.9,56.5,953.4,508,953.4,0,21.4,12.6,921,0,0,0,100,100,21.5,5.7,67.7,67.3
30/05/2025 05:03,21.6,15.9,56.5,953.4,508,953.4,0,21.4,12.6,921,0,0,0,100,100,21.5,5.7,67.7,67.3
30/05/2025 05:04,21.6,15.8,56.5,953.4,509,953.4,0,21.4,12.5,919,0,0,0,100,101,21.5,5.8,67.7,67.3
30/05/2025 05:04,21.6,15.8,56.4,953.4,508,953.4,0,21.4,12.5,919,0,0,0,100,101,21.5,5.8,67.7,67.3
30/05/2025 05:05,21.6,15.8,56.4,953.4,509,953.4,0,21.4,12.5,919,0,0,0,99,99,21.5,5.8,67.7,67.3
30/05/2025 05:05,21.5,15.8,56.4,953.4,509,953.4,0,21.4,12.5,918,0,0,0,99,99,21.5,5.7,67.7,67.2
30/05/2025 05:06,21.5,15.8,56.4,953.4,508,953.4,0,21.4,12.5,918,0,0,0,101,101,21.5,5.7,67.7,67.2
30/05/2025 05:06,21.5,15.8,56.4,953.4,508,953.4,0,21.4,12.5,918,0,0,0,99,100,21.5,5.7,67.7,67.2
30/05/2025 05:07,21.5,15.8,56.4,953.4,509,953.4,0,21.4,12.5,918,0,0,0,100,100,21.5,5.7,67.7,67.2
30/05/2025 05:07,21.5,15.8,56.4,953.5,508,953.5,0,21.4,12.5,918,0,0,0,100,101,21.5,5.7,67.7,67.2
30/05/2025 05:08,21.5,15.8,56.4,953.4,508,953.4,0,21.4,12.5,918,0,0,0,99,100,21.5,5.7,67.7,67.2
30/05/2025 05:08,21.5,15.8,56.4,953.4,508,953.4,0,21.4,12.5,918,0,0,0,100,100,21.5,5.7,67.7,67.2
30/05/2025 05:09,21.5,15.8,56.4,953.5,508,953.5,0,21.4,12.5,918,0,0,0,99,100,21.5,5.7,67.7,67.2
30/05/2025 05:09,21.5,15.8,56.3,953.5,508,953.5,0,21.4,12.5,918,0,0,0,101,102,21.5,5.7,67.7,67.2
30/05/2025 05:10,21.5,15.8,56.3,953.4,509,953.4,0,21.4,12.5,918,0,0,0,99,99,21.5,5.7,67.7,67.2
30/05/2025 05:10,21.5,15.8,56.4,953.4,509,953.4,0,21.4,12.5,918,0,0,0,100,100,21.5,5.7,67.7,67.2
30/05/2025 05:11,21.5,15.8,56.4,953.4,509,953.4,0,21.4,12.5,918,0,0,0,101,101,21.5,5.7,67.7,67.2
30/05/2025 05:11,21.5,15.8,56.4,953.4,509,953.4,0,21.4,12.5,918,0,0,0,99,99,21.5,5.7,67.7,67.2
30/05/2025 05:12,21.5,15.8,56.4,953.4,508,953.4,0,21.4,12.5,918,0,0,0,99,100,21.5,5.7,67.7,67.2
30/05/2025 05:12,21.5,15.8,56.4,953.4,508,953.4,0,21.4,12.5,918,0,0,0,99,100,21.5,5.7,67.7,67.2
30/05/2025 05:13,21.5,15.8,56.4,953.4,508,953.4,0,21.4,12.5,918,0,0,0,100,101,21.5,5.7,67.7,67.2
30/05/2025 05:13,21.5,15.8,56.4,953.4,509,953.4,0,21.4,12.5,918,0,0,0,99,99,21.5,5.7,67.7,67.2
30/05/2025 05:14,21.5,15.8,56.4,953.5,508,953.5,0,21.4,12.5,916,0,0,0,100,101,21.5,5.7,67.7,67.2
30/05/2025 05:14,21.5,15.8,56.4,953.4,509,953.4,0,21.4,12.5,917,0,0,0,99,100,21.5,5.7,67.7,67.2
30/05/2025 05:15,21.5,15.8,56.4,953.4,508,953.4,0,21.4,12.5,917,0,0,0,100,100,21.5,5.7,67.7,67.2
30/05/2025 05:15,21.5,15.8,56.4,953.4,508,953.4,0,21.4,12.5,917,0,0,0,100,101,21.5,5.7,67.7,67.2
30/05/2025 05:16,21.5,15.8,56.4,953.4,508,953.4,0,21.4,12.5,917,0,0,0,100,101,21.5,5.7,67.7,67.2
30/05/2025 05:16,21.5,15.8,56.4,953.5,508,953.5,0,21.4,12.5,916,0,0,0,99,100,21.5,5.7,67.7,67.2
30/05/2025 05:17,21.5,15.8,56.4,953.4,509,953.4,0,21.4,12.5,917,0,0,0,101,101,21.5,5.7,67.7,67.2
30/05/2025 05:17,21.5,15.8,56.3,953.2,509,953.3,0,21.4,12.4,918,0,0,0,101,102,21.5,5.7,67.7,67.2
30/05/2025 05:18,21.5,15.8,56.4,953.4,509,953.4,0,21.2,12.4,916,0,0,0,99,99,21.4,5.7,67.6,67.2
30/05/2025 05:18,21.5,15.7,56.4,953.2,509,953.3,0,21.2,12.4,917,0,0,0,99,100,21.4,5.8,67.6,67.2
30/05/2025 05:19,21.5,15.8,56.4,953.4,509,953.4,0,21.2,12.4,916,0,0,0,100,100,21.4,5.7,67.6,67.2
30/05/2025 05:19,21.5,15.7,56.4,953.2,510,953.3,0,21.2,12.4,917,0,0,0,99,99,21.4,5.8,67.6,67.2
30/05/2025 05:20,21.5,15.7,56.4,953.2,509,953.3,0,21.2,12.4,917,0,0,0,101,101,21.4,5.8,67.6,67.2
30/05/2025 05:20,21.5,15.7,56.4,953.2,510,953.3,0,21.2,12.4,917,0,0,0,99,99,21.4,5.8,67.6,67.2
30/05/2025 05:21,21.5,15.7,56.4,953.2,510,953.3,0,21.2,12.4,917,0,0,0,99,100,21.4,5.8,67.6,67.2
30/05/2025 05:21,21.5,15.7,56.4,953.2,509,953.3,0,21.2,12.4,917,0,0,0,101,102,21.4,5.8,67.6,67.2
30/05/2025 05:22,21.4,15.7,56.5,953.2,510,953.2,0,21.2,12.4,918,0,0,0,100,101,21.4,5.8,67.6,67.1
30/05/2025 05:22,21.4,15.7,56.5,953.2,510,953.2,0,21.2,12.4,918,0,0,0,99,99,21.4,5.8,67.6,67.1
30/05/2025 05:23,21.4,15.7,56.4,953.2,509,953.3,0,21.2,12.4,916,0,0,0,99,100,21.4,5.8,67.6,67.1
30/05/2025 05:23,21.4,15.7,56.4,953.2,510,953.2,0,21.2,12.4,918,0,0,0,100,100,21.4,5.8,67.6,67.1
30/05/2025 05:24,21.4,15.7,56.4,953.2,510,953.2,0,21.2,12.4,918,0,0,0,100,100,21.4,5.8,67.6,67.1
30/05/2025 05:24,21.4,15.7,56.4,953.2,510,953.2,0,21.2,12.4,918,0,0,0,100,100,21.4,5.8,67.6,67.1
30/05/2025 05:25,21.4,15.7,56.4,953.2,510,953.3,0,21.2,12.4,916,0,0,0,99,100,21.4,5.8,67.6,67.1
30/05/2025 05:25,21.4,15.7,56.4,953.2,510,953.2,0,21.2,12.4,918,0,0,0,100,100,21.4,5.8,67.6,67.1
30/05/2025 05:26,21.4,15.7,56.5,953.2,510,953.2,0,21.2,12.4,916,0,0,0,99,100,21.4,5.7,67.6,67.1
30/05/2025 05:26,21.4,15.7,56.5,953.2,511,953.2,0,21.2,12.4,916,0,0,0,100,101,21.4,5.7,67.6,67.1
30/05/2025 05:27,21.4,15.7,56.4,953.2,510,953.3,0,21.2,12.4,915,0,0,0,100,100,21.4,5.7,67.6,67.1
30/05/2025 05:27,21.4,15.7,56.4,953.2,510,953.3,0,21.2,12.4,915,0,0,0,100,101,21.4,5.7,67.6,67.1
30/05/2025 05:28,21.4,15.7,56.4,953.2,511,953.2,0,21.2,12.4,916,0,0,0,100,100,21.4,5.7,67.6,67.1
30/05/2025 05:28,21.4,15.7,56.4,953.2,510,953.2,0,21.2,12.4,916,0,0,0,101,101,21.4,5.7,67.6,67.1
30/05/2025 05:29,21.4,15.7,56.4,953.2,510,953.3,0,21.2,12.4,915,0,0,0,99,100,21.4,5.7,67.6,67.1
30/05/2025 05:29,21.4,15.7,56.4,953.2,510,953.2,0,21.2,12.4,916,0,0,0,100,101,21.4,5.7,67.6,67.1
30/05/2025 05:30,21.4,15.7,56.4,953.2,510,953.2,0,21.2,12.4,916,0,0,0,99,99,21.4,5.7,67.6,67.1
30/05/2025 05:30,21.4,15.7,56.4,953.2,510,953.3,0,21.2,12.4,915,0,0,0,101,101,21.4,5.7,67.6,67.1
30/05/2025 05:31,21.4,15.7,56.4,953.2,511,953.2,0,21.2,12.4,916,0,0,0,98,99,21.4,5.7,67.5,67.1
30/05/2025 05:31,21.4,15.7,56.4,953.2,510,953.3,0,21.2,12.4,915,0,0,0,100,100,21.4,5.7,67.5,67.1
30/05/2025 05:32,21.4,15.7,56.4,953.2,510,953.2,0,21.2,12.4,916,0,0,0,99,99,21.4,5.7,67.5,67.1
30/05/2025 05:32,21.4,15.7,56.4,953.2,509,953.3,0,21.2,12.4,915,0,0,0,99,100,21.4,5.7,67.5,67.1
30/05/2025 05:33,21.4,15.7,56.4,953.2,510,953.2,0,21.2,12.4,916,0,0,0,99,99,21.4,5.7,67.5,67.1
30/05/2025 05:33,21.4,15.7,56.4,953.2,510,953.2,0,21.2,12.4,916,0,0,0,100,101,21.4,5.7,67.5,67.1
30/05/2025 05:34,21.4,15.7,56.4,953.2,510,953.3,0,21.2,12.4,915,0,0,0,100,100,21.4,5.7,67.5,67.1
30/05/2025 05:34,21.4,15.7,56.4,953.2,510,953.2,0,21.2,12.4,916,0,0,0,100,100,21.4,5.7,67.5,67.1
30/05/2025 05:35,21.4,15.7,56.4,953.2,510,953.2,0,21.1,12.4,915,0,0,0,100,101,21.3,5.7,67.5,67
30/05/2025 05:35,21.4,15.7,56.4,953.2,511,953.2,0,21.1,12.4,915,0,0,0,100,101,21.3,5.7,67.5,67
30/05/2025 05:36,21.4,15.7,56.4,953.2,509,953.3,0,21.1,12.4,914,0,0,0,101,102,21.3,5.7,67.5,67
30/05/2025 05:36,21.4,15.7,56.4,953.2,511,953.2,0,21.1,12.4,915,0,0,0,100,100,21.3,5.7,67.5,67
30/05/2025 05:37,21.4,15.7,56.4,953.2,511,953.2,0,21.1,12.3,915,0,0,0,100,100,21.3,5.7,67.5,67
30/05/2025 05:37,21.4,15.7,56.4,953,511,953.1,0,21.1,12.3,916,0,0,0,100,101,21.3,5.7,67.5,67
30/05/2025 05:38,21.4,15.7,56.4,953.2,510,953.2,0,21.1,12.3,915,0,0,0,101,101,21.3,5.7,67.5,67
30/05/2025 05:38,21.4,15.7,56.5,953,512,953.1,0,21.1,12.3,915,0,0,0,99,100,21.3,5.7,67.5,67
30/05/2025 05:39,21.4,15.7,56.4,953,511,953.1,0,21.1,12.3,915,0,0,0,100,101,21.3,5.7,67.5,67
30/05/2025 05:39,21.4,15.7,56.4,953,511,953.1,0,21.1,12.3,915,0,0,0,100,100,21.3,5.7,67.5,67
30/05/2025 05:40,21.4,15.7,56.4,953.2,511,953.2,0,21.1,12.3,914,0,0,0,100,100,21.3,5.7,67.5,67
30/05/2025 05:40,21.4,15.7,56.4,953.2,511,953.2,0,21.1,12.3,914,0,0,0,99,100,21.3,5.7,67.5,67
30/05/2025 05:41,21.4,15.7,56.4,953,511,953.1,0,21.1,12.3,915,0,0,0,100,100,21.3,5.7,67.5,67
30/05/2025 05:41,21.4,15.7,56.4,953,511,953.1,0,21.1,12.3,915,0,0,0,100,101,21.3,5.7,67.5,67
30/05/2025 05:42,21.4,15.7,56.4,953,512,953.1,0,21.1,12.3,915,0,0,0,101,101,21.3,5.7,67.5,67
30/05/2025 05:42,21.4,15.7,56.4,953.2,511,953.2,0,21.1,12.3,914,0,0,0,98,99,21.3,5.7,67.5,67
30/05/2025 05:43,21.4,15.7,56.4,953.2,511,953.2,0,21.1,12.3,913,0,0,0,100,100,21.3,5.7,67.4,67
30/05/2025 05:43,21.4,15.7,56.4,953,511,953.1,0,21.1,12.3,915,0,0,0,101,102,21.3,5.7,67.4,67
30/05/2025 05:44,21.4,15.7,56.4,953.2,511,953.2,0,21.1,12.3,913,0,0,0,99,100,21.3,5.7,67.4,67
30/05/2025 05:44,21.4,15.7,56.4,953,511,953.1,0,21.1,12.3,915,0,0,0,99,99,21.3,5.7,67.4,67
30/05/2025 05:45,21.4,15.7,56.4,953,511,953.1,0,21.1,12.3,915,0,0,0,99,99,21.3,5.7,67.5,67
30/05/2025 05:45,21.4,15.7,56.4,953,512,953.1,0,21.1,12.3,915,0,0,0,99,100,21.3,5.7,67.4,67
30/05/2025 05:46,21.4,15.7,56.4,953.2,511,953.2,0,21.1,12.3,913,0,0,0,99,99,21.3,5.7,67.4,67
30/05/2025 05:46,21.4,15.7,56.4,953.2,511,953.2,0,21.1,12.3,913,0,0,0,99,100,21.3,5.7,67.4,67
30/05/2025 05:47,21.4,15.7,56.4,953.2,510,953.2,0,21.1,12.3,913,0,0,0,100,101,21.3,5.7,67.4,67
30/05/2025 05:47,21.3,15.6,56.4,953.2,510,953.2,0,21.1,12.3,912,0,0,0,100,100,21.3,5.7,67.4,67
30/05/2025 05:48,21.4,15.7,56.3,953.2,511,953.2,0,21.1,12.3,913,0,0,0,99,100,21.3,5.7,67.4,67
30/05/2025 05:48,21.3,15.6,56.3,953.2,511,953.2,0,21.1,12.3,912,0,0,0,99,100,21.3,5.7,67.4,66.9
30/05/2025 05:49,21.3,15.6,56.3,953,512,953.1,0,21.1,12.3,914,0,0,0,100,100,21.3,5.7,67.4,66.9
30/05/2025 05:49,21.3,15.6,56.3,953.2,511,953.2,0,21.1,12.3,912,0,0,0,99,100,21.3,5.7,67.4,66.9
30/05/2025 05:50,21.3,15.6,56.4,953.2,511,953.2,0,21.1,12.3,912,0,0,0,99,99,21.3,5.7,67.4,67
30/05/2025 05:50,21.3,15.6,56.3,953,512,953.1,0,21.1,12.3,914,0,0,0,99,99,21.3,5.7,67.4,66.9
30/05/2025 05:51,21.3,15.6,56.3,953.2,511,953.2,0,21.1,12.3,912,0,0,0,100,100,21.3,5.7,67.4,66.9
30/05/2025 05:51,21.3,15.6,56.3,953.2,511,953.2,0,21.1,12.3,912,0,0,0,100,101,21.3,5.7,67.4,66.9
30/05/2025 05:52,21.3,15.6,56.3,953,511,953.1,0,21.1,12.3,914,0,0,0,100,100,21.3,5.7,67.4,66.9
30/05/2025 05:52,21.3,15.6,56.3,953.2,511,953.1,0,21.1,12.3,914,0,0,0,100,100,21.3,5.7,67.4,66.9
30/05/2025 05:53,21.3,15.6,56.4,953,511,953.1,0,20.9,12.3,912,0,0,0,100,100,21.3,5.7,67.4,66.9
30/05/2025 05:53,21.3,15.6,56.4,953,511,953.1,0,20.9,12.3,912,0,0,0,100,101,21.3,5.7,67.4,66.9
30/05/2025 05:54,21.3,15.6,56.4,953,511,953.1,0,20.9,12.3,912,0,0,0,100,101,21.3,5.7,67.4,66.9
30/05/2025 05:54,21.3,15.6,56.4,953,511,953.1,0,20.9,12.3,912,0,0,0,99,100,21.3,5.7,67.4,66.9
30/05/2025 05:55,21.3,15.6,56.4,953,511,953.1,0,20.9,12.3,912,0,0,0,99,100,21.3,5.7,67.4,66.9
30/05/2025 05:55,21.3,15.6,56.4,953.2,511,953.2,0,20.9,12.3,911,0,0,0,101,101,21.3,5.7,67.4,66.9
30/05/2025 05:56,21.3,15.6,56.4,953.2,511,953.2,0,20.9,12.3,911,0,0,0,100,100,21.3,5.7,67.4,66.9
30/05/2025 05:56,21.3,15.6,56.4,953.2,511,953.2,0,20.9,12.3,911,0,0,0,100,100,21.3,5.7,67.4,66.9
30/05/2025 05:57,21.3,15.6,56.4,953,511,953.1,0,20.9,12.2,911,0,0,0,100,100,21.2,5.7,67.3,66.9
30/05/2025 05:57,21.3,15.6,56.4,953.2,511,953.2,0,20.9,12.3,911,0,0,0,99,100,21.2,5.7,67.3,66.9
30/05/2025 05:58,21.3,15.6,56.4,953.2,510,953.2,0,20.9,12.2,911,0,0,0,100,100,21.2,5.7,67.3,66.9
30/05/2025 05:58,21.3,15.6,56.4,953.2,510,953.2,0,20.9,12.2,911,0,0,0,99,100,21.2,5.7,67.3,66.9
30/05/2025 05:59,21.3,15.6,56.4,953.2,511,953.2,0,20.9,12.2,911,0,0,0,101,101,21.2,5.7,67.3,66.9
30/05/2025 05:59,21.3,15.6,56.4,953.2,511,953.2,0,20.9,12.2,911,0,0,0,98,99,21.2,5.7,67.3,66.9
30/05/2025 06:00,21.3,15.6,56.4,953.2,510,953.2,0,20.9,12.2,911,0,0,0,102,103,21.2,5.7,67.3,66.9
30/05/2025 06:00,21.3,15.6,56.4,953,511,953.1,0,20.9,12.2,911,0,0,0,99,99,21.2,5.7,67.3,66.9
30/05/2025 06:01,21.2,15.6,56.4,953,511,953.1,0,20.9,12.2,911,0,0,0,99,100,21.2,5.7,67.3,66.9
30/05/2025 06:01,21.2,15.6,56.4,953,511,953.1,0,20.9,12.2,911,0,0,0,100,101,21.2,5.7,67.3,66.9
30/05/2025 06:02,21.2,15.6,56.4,953,511,953.1,0,20.9,12.2,911,0,0,0,100,100,21.2,5.7,67.3,66.9
30/05/2025 06:02,21.2,15.6,56.4,953.2,511,953.1,0,20.9,12.2,911,0,0,0,101,101,21.2,5.7,67.3,66.8
30/05/2025 06:03,21.2,15.6,56.4,953,511,953.1,0,20.9,12.2,911,0,0,0,99,99,21.2,5.7,67.3,66.8
30/05/2025 06:03,21.2,15.6,56.3,953,512,953.1,0,20.9,12.2,911,0,0,0,98,99,21.2,5.7,67.3,66.8
30/05/2025 06:04,21.2,15.6,56.4,953,512,953.1,0,20.9,12.2,911,0,0,0,99,100,21.2,5.7,67.3,66.8
30/05/2025 06:04,21.2,15.6,56.3,953,512,953.1,0,20.9,12.2,911,0,0,0,100,100,21.2,5.7,67.3,66.8
30/05/2025 06:05,21.2,15.6,56.3,953,512,953,0,20.9,12.2,912,0,0,0,100,100,21.2,5.7,67.3,66.8
30/05/2025 06:05,21.2,15.5,56.4,953.2,511,953.1,0,20.9,12.2,910,0,0,0,100,100,21.2,5.7,67.3,66.8
30/05/2025 06:06,21.2,15.5,56.4,953,512,953,0,20.9,12.2,911,0,0,0,98,99,21.2,5.7,67.3,66.8
30/05/2025 06:06,21.2,15.5,56.4,953,511,953.1,0,20.9,12.2,910,0,0,0,100,100,21.2,5.7,67.3,66.8
30/05/2025 06:07,21.2,15.5,56.4,953,512,953.1,0,20.9,12.2,910,0,0,0,100,101,21.2,5.7,67.3,66.8
30/05/2025 06:07,21.2,15.5,56.4,953,512,953.1,0,20.9,12.2,910,0,0,0,99,99,21.2,5.7,67.3,66.8
30/05/2025 06:08,21.2,15.5,56.4,953.2,511,953.1,0,20.9,12.2,910,0,0,0,99,100,21.2,5.7,67.3,66.8
30/05/2025 06:08,21.2,15.5,56.4,953,512,953.1,0,20.9,12.2,910,0,0,0,101,101,21.2,5.7,67.3,66.8
30/05/2025 06:09,21.2,15.5,56.4,953.2,511,953.1,0,20.9,12.2,910,0,0,0,100,101,21.2,5.7,67.3,66.8
30/05/2025 06:09,21.2,15.5,56.4,953,512,953,0,20.9,12.2,911,0,0,0,98,99,21.2,5.7,67.3,66.8
30/05/2025 06:10,21.2,15.5,56.4,953.2,511,953.2,0,20.9,12.2,909,0,0,0,100,100,21.2,5.7,67.3,66.8
30/05/2025 06:10,21.2,15.5,56.4,953,511,953.1,0,20.9,12.2,910,0,0,0,100,100,21.2,5.7,67.3,66.8
30/05/2025 06:11,21.2,15.5,56.4,953,512,953.1,0,20.9,12.2,909,0,0,0,99,100,21.2,5.7,67.3,66.8
30/05/2025 06:11,21.2,15.5,56.4,953,512,953.1,0,20.9,12.2,909,0,0,0,99,100,21.2,5.7,67.3,66.8
30/05/2025 06:12,21.2,15.5,56.3,953,512,953,0,20.9,12.2,911,0,0,0,100,100,21.2,5.7,67.3,66.8
30/05/2025 06:12,21.2,15.5,56.3,953.2,511,953.2,0,20.9,12.2,908,0,0,0,100,101,21.2,5.7,67.3,66.8
30/05/2025 06:13,21.2,15.5,56.3,953,512,953.1,0,20.9,12.2,909,0,0,0,98,99,21.2,5.7,67.3,66.8
30/05/2025 06:13,21.2,15.5,56.3,953,512,953,0,20.9,12.2,911,0,0,0,100,100,21.2,5.7,67.3,66.8
30/05/2025 06:14,21.2,15.5,56.3,953,513,953,0,20.9,12.2,911,0,0,0,100,101,21.2,5.7,67.3,66.8
30/05/2025 06:14,21.2,15.5,56.3,953,512,953.1,0,20.9,12.2,909,0,0,0,100,100,21.2,5.7,67.3,66.8
30/05/2025 06:15,21.2,15.5,56.3,952.9,513,952.9,0,20.9,12.2,911,0,0,0,99,100,21.2,5.7,67.3,66.8
30/05/2025 06:15,21.2,15.5,56.4,953,512,953,0,20.8,12.2,910,0,0,0,100,101,21.1,5.7,67.2,66.8
30/05/2025 06:16,21.2,15.5,56.3,952.9,513,952.9,0,20.8,12.2,911,0,0,0,100,100,21.1,5.7,67.2,66.8
30/05/2025 06:16,21.2,15.5,56.3,953,513,953,0,20.8,12.2,910,0,0,0,99,99,21.1,5.7,67.2,66.8
30/05/2025 06:17,21.2,15.5,56.3,952.9,513,952.9,0,20.8,12.1,911,0,0,0,99,100,21.1,5.7,67.2,66.8
30/05/2025 06:17,21.2,15.5,56.3,952.7,514,952.9,0,20.8,12.1,911,0,0,0,100,101,21.1,5.7,67.2,66.8
30/05/2025 06:18,21.2,15.5,56.3,952.9,513,952.9,0,20.8,12.1,911,0,0,0,100,101,21.1,5.7,67.2,66.8
30/05/2025 06:18,21.2,15.5,56.3,952.9,514,952.9,0,20.8,12.1,911,0,0,0,99,99,21.1,5.7,67.2,66.8
30/05/2025 06:19,21.2,15.5,56.3,952.9,513,952.9,0,20.8,12.1,911,0,0,0,100,100,21.1,5.7,67.2,66.8
30/05/2025 06:19,21.2,15.5,56.3,952.9,513,952.9,0,20.8,12.1,911,0,0,0,98,99,21.1,5.7,67.2,66.8
30/05/2025 06:20,21.2,15.5,56.3,952.9,514,952.9,0,20.8,12.1,910,0,0,0,101,101,21.1,5.7,67.2,66.7
30/05/2025 06:20,21.2,15.5,56.3,952.9,513,952.9,0,20.8,12.1,910,0,0,0,100,101,21.1,5.7,67.2,66.7
30/05/2025 06:21,21.2,15.5,56.3,953,513,953,0,20.8,12.1,908,0,0,0,99,100,21.1,5.7,67.2,66.7
30/05/2025 06:21,21.2,15.5,56.3,953,512,953,0,20.8,12.1,908,0,0,0,99,100,21.1,5.7,67.2,66.7
30/05/2025 06:22,21.2,15.5,56.3,953,512,953,0,20.8,12.1,908,0,0,0,101,101,21.1,5.7,67.2,66.7
30/05/2025 06:22,21.2,15.5,56.3,953,512,953,0,20.8,12.1,908,0,0,0,99,100,21.1,5.7,67.2,66.7
30/05/2025 06:23,21.2,15.5,56.3,953,512,953,0,20.8,12.1,908,0,0,0,100,100,21.1,5.7,67.2,66.7
30/05/2025 06:23,21.2,15.5,56.3,953,512,953,0,20.8,12.1,908,0,0,0,100,101,21.1,5.7,67.2,66.7
30/05/2025 06:24,21.1,15.5,56.4,953,512,953.1,0,20.8,12.1,907,0,0,0,100,100,21.1,5.6,67.2,66.7
30/05/2025 06:24,21.2,15.5,56.3,953,512,953.1,0,20.8,12.1,908,0,0,0,99,99,21.1,5.7,67.2,66.7
30/05/2025 06:25,21.1,15.5,56.4,953,512,953.1,0,20.8,12.1,907,0,0,0,100,100,21.1,5.6,67.2,66.7
30/05/2025 06:25,21.1,15.5,56.4,953,512,953.1,0,20.8,12.1,907,0,0,0,101,101,21.1,5.6,67.2,66.7
30/05/2025 06:26,21.1,15.5,56.4,952.9,513,952.9,0,20.8,12.1,909,0,0,0,100,101,21.1,5.6,67.2,66.7
30/05/2025 06:26,21.1,15.5,56.4,953,512,953.1,0,20.8,12.1,907,0,0,0,99,100,21.1,5.6,67.2,66.7
30/05/2025 06:27,21.1,15.5,56.4,952.9,513,952.9,0,20.8,12.1,909,0,0,0,99,99,21.1,5.6,67.2,66.7
30/05/2025 06:27,21.1,15.5,56.4,953,512,953,0,20.8,12.1,908,0,0,0,100,100,21.1,5.6,67.2,66.7
30/05/2025 06:28,21.1,15.5,56.4,953,512,953.1,0,20.8,12.1,907,0,0,0,100,100,21.1,5.6,67.2,66.7
30/05/2025 06:28,21.1,15.5,56.4,952.9,513,952.9,0,20.8,12.1,909,0,0,0,99,99,21.1,5.6,67.2,66.7
30/05/2025 06:29,21.1,15.4,56.4,952.7,514,952.8,0,20.8,12.1,909,0,0,0,99,100,21.1,5.7,67.2,66.7
30/05/2025 06:29,21.1,15.5,56.3,952.9,513,952.9,0,20.8,12.1,909,0,0,0,99,99,21.1,5.6,67.2,66.7
30/05/2025 06:30,21.1,15.4,56.4,952.9,514,952.9,0,20.8,12.1,908,0,0,0,100,101,21.1,5.7,67.1,66.7
30/05/2025 06:30,21.1,15.4,56.4,952.9,514,952.9,0,20.8,12.1,908,0,0,0,100,100,21.1,5.7,67.1,66.7
30/05/2025 06:31,21.1,15.4,56.4,952.7,514,952.8,0,20.8,12.1,909,0,0,0,100,100,21.1,5.7,67.1,66.7
30/05/2025 06:31,21.1,15.4,56.3,952.9,514,952.9,0,20.8,12.1,908,0,0,0,101,101,21.1,5.7,67.1,66.7
30/05/2025 06:32,21.1,15.4,56.3,953,513,953,0,20.8,12.1,908,0,0,0,100,100,21.1,5.7,67.1,66.7
30/05/2025 06:32,21.1,15.4,56.3,952.9,514,952.9,0,20.8,12.1,908,0,0,0,100,100,21.1,5.7,67.1,66.7
30/05/2025 06:33,21.1,15.4,56.4,952.9,513,952.9,0,20.8,12.1,908,0,0,0,100,100,21.1,5.7,67.1,66.7
30/05/2025 06:33,21.1,15.4,56.4,953,513,953,0,20.8,12.1,906,0,0,0,100,101,21.1,5.7,67.1,66.7
30/05/2025 06:34,21.1,15.4,56.4,952.9,514,952.9,0,20.8,12.1,908,0,0,0,99,99,21.1,5.7,67.1,66.7
30/05/2025 06:34,21.1,15.4,56.4,952.9,513,952.9,0,20.8,12.1,908,0,0,0,100,100,21.1,5.7,67.1,66.7
30/05/2025 06:35,21.1,15.4,56.4,952.9,514,952.9,0,20.8,12.1,908,0,0,0,99,100,21.1,5.7,67.1,66.7
30/05/2025 06:35,21.1,15.4,56.3,953,513,953,0,20.8,12.1,906,0,0,0,101,101,21.1,5.7,67.1,66.7
30/05/2025 06:36,21.1,15.4,56.4,952.9,514,952.9,0,20.8,12.1,908,0,0,0,99,99,21.1,5.7,67.1,66.7
30/05/2025 06:36,21.1,15.4,56.3,952.9,513,952.9,0,20.8,12.1,908,0,0,0,100,100,21.1,5.7,67.1,66.7
30/05/2025 06:37,21.1,15.4,56.3,953,513,953,0,20.8,12.1,906,0,0,0,100,101,21.1,5.7,67.1,66.7
30/05/2025 06:37,21.1,15.4,56.3,952.7,514,952.8,0,20.8,12.1,908,0,0,0,100,100,21.1,5.7,67.1,66.7
30/05/2025 06:38,21.1,15.4,56.3,952.9,513,952.9,0,20.8,12.1,908,0,0,0,100,101,21.1,5.7,67.1,66.7
30/05/2025 06:38,21.1,15.4,56.3,952.9,513,952.9,0,20.8,12.1,908,0,0,0,100,101,21.1,5.7,67.1,66.7
30/05/2025 06:39,21.1,15.4,56.3,952.9,514,952.9,0,20.8,12.1,908,0,0,0,100,100,21.1,5.7,67.1,66.6
30/05/2025 06:39,21.1,15.4,56.4,953,513,953,0,20.6,12.1,905,0,0,0,100,100,21,5.7,67.1,66.6
30/05/2025 06:40,21.1,15.4,56.4,952.7,514,952.8,0,20.6,12.1,908,0,0,0,99,99,21,5.7,67.1,66.6
30/05/2025 06:40,21.1,15.4,56.4,952.7,514,952.8,0,20.6,12.1,908,0,0,0,101,101,21,5.7,67.1,66.6
30/05/2025 06:41,21.1,15.4,56.4,952.7,514,952.8,0,20.6,12.1,908,0,0,0,99,99,21,5.7,67.1,66.6
30/05/2025 06:41,21.1,15.4,56.4,952.7,514,952.8,0,20.6,12.1,908,0,0,0,100,100,21,5.7,67.1,66.6
30/05/2025 06:42,21.1,15.4,56.4,952.9,514,952.9,0,20.6,12.1,906,0,0,0,99,99,21,5.7,67.1,66.6
30/05/2025 06:42,21.1,15.4,56.4,952.7,514,952.8,0,20.6,12.1,908,0,0,0,99,99,21,5.7,67.1,66.6
30/05/2025 06:43,21.1,15.4,56.3,952.9,513,952.9,0,20.6,12,906,0,0,0,99,99,21,5.7,67.1,66.6
30/05/2025 06:43,21.1,15.4,56.3,952.7,514,952.8,0,20.6,12,908,0,0,0,100,101,21,5.7,67.1,66.6
30/05/2025 06:44,21.1,15.4,56.4,952.7,514,952.8,0,20.6,12.1,907,0,0,0,100,100,21,5.7,67,66.6
30/05/2025 06:44,21.1,15.4,56.4,952.7,514,952.8,0,20.6,12.1,907,0,0,0,98,99,21,5.7,67,66.6
30/05/2025 06:45,21.1,15.4,56.4,952.9,514,952.9,0,20.6,12.1,906,0,0,0,99,99,21,5.7,67,66.6
30/05/2025 06:45,21.1,15.4,56.3,952.7,514,952.9,0,20.6,12,906,0,0,0,98,99,21,5.7,67,66.6
30/05/2025 06:46,21.1,15.4,56.3,952.7,514,952.8,0,20.6,12,907,0,0,0,99,100,21,5.7,67,66.6
30/05/2025 06:46,21.1,15.4,56.3,952.7,514,952.8,0,20.6,12,907,0,0,0,99,99,21,5.7,67,66.6
30/05/2025 06:47,21.1,15.4,56.3,952.9,513,952.9,0,20.6,12,906,0,0,0,100,100,21,5.7,67,66.6
30/05/2025 06:47,21.1,15.4,56.3,952.9,514,952.9,0,20.6,12,906,0,0,0,100,101,21,5.7,67,66.6
30/05/2025 06:48,21.1,15.4,56.3,952.9,514,952.9,0,20.6,12,906,0,0,0,99,100,21,5.7,67,66.6
30/05/2025 06:48,21.1,15.4,56.3,953,513,953,0,20.6,12,905,0,0,0,101,102,21,5.7,67,66.6
30/05/2025 06:49,21,15.3,56.4,952.9,514,952.9,0,20.6,12,905,0,0,0,100,100,21,5.7,67,66.6
30/05/2025 06:49,21,15.3,56.4,952.9,513,952.9,0,20.6,12,905,0,0,0,99,100,21,5.7,67,66.6
30/05/2025 06:50,21,15.3,56.3,952.9,514,952.9,0,20.6,12,905,0,0,0,100,100,21,5.7,67,66.6
30/05/2025 06:50,21,15.3,56.4,952.9,513,952.9,0,20.6,12,905,0,0,0,98,99,21,5.7,67,66.6
30/05/2025 06:51,21,15.3,56.3,952.9,513,952.9,0,20.6,12,905,0,0,0,100,101,21,5.7,67,66.6
30/05/2025 06:51,21,15.3,56.3,952.9,514,952.9,0,20.6,12,905,0,0,0,99,100,21,5.7,67,66.6
30/05/2025 06:52,21,15.3,56.3,952.9,514,952.9,0,20.6,12,905,0,0,0,100,101,21,5.7,67,66.6
30/05/2025 06:52,21,15.3,56.3,952.9,514,952.9,0,20.6,12,905,0,0,0,99,99,21,5.7,67,66.6
30/05/2025 06:53,21,15.3,56.3,952.9,513,952.9,0,20.6,12,905,0,0,0,100,101,21,5.7,67,66.6
30/05/2025 06:53,21,15.3,56.4,953,512,953,0,20.6,12,903,0,0,0,99,100,21,5.7,67,66.5
30/05/2025 06:54,21,15.3,56.4,953,513,953,0,20.6,12,903,0,0,0,99,100,21,5.7,67,66.5
30/05/2025 06:54,21,15.3,56.4,952.9,513,952.9,0,20.6,12,904,0,0,0,100,100,21,5.7,67,66.5
30/05/2025 06:55,21,15.3,56.4,952.9,514,952.9,0,20.6,12,904,0,0,0,99,99,21,5.7,67,66.5
30/05/2025 06:55,21,15.3,56.3,953,513,953,0,20.6,12,903,0,0,0,100,100,21,5.7,67,66.5
30/05/2025 06:56,21,15.3,56.3,952.9,513,952.9,0,20.6,12,904,0,0,0,99,100,21,5.7,67,66.5
30/05/2025 06:56,21,15.3,56.3,952.7,514,952.9,0,20.6,12,904,0,0,0,99,99,21,5.7,67,66.5
30/05/2025 06:57,21,15.3,56.3,952.9,514,952.9,0,20.6,12,904,0,0,0,100,101,21,5.7,67,66.5
30/05/2025 06:57,21,15.3,56.3,952.9,513,952.9,0,20.6,12,904,0,0,0,99,99,21,5.7,67,66.5
30/05/2025 06:58,21,15.3,56.3,952.7,514,952.8,0,20.6,12,905,0,0,0,100,100,21,5.7,67,66.5
30/05/2025 06:58,21,15.3,56.4,952.9,513,952.9,0,20.5,12,903,0,0,0,99,99,20.9,5.7,67,66.5
30/05/2025 06:59,21,15.3,56.4,952.9,514,952.9,0,20.5,12,903,0,0,0,100,100,20.9,5.7,67,66.5
30/05/2025 06:59,21,15.3,56.4,952.9,513,952.9,0,20.5,12,903,0,0,0,99,99,20.9,5.7,67,66.5
30/05/2025 07:00,21,15.3,56.4,952.9,514,952.9,0,20.5,12,903,0,0,0,99,100,20.9,5.7,67,66.5
30/05/2025 07:00,21,15.3,56.4,952.9,514,952.9,0,20.5,12,903,0,0,0,99,100,20.9,5.7,67,66.5
30/05/2025 07:01,21,15.3,56.4,952.9,514,952.9,0,20.5,12,903,0,0,0,100,100,20.9,5.7,67,66.5
30/05/2025 07:01,21,15.3,56.3,952.7,514,952.8,0,20.5,12,904,0,0,0,99,100,20.9,5.7,67,66.5
30/05/2025 07:02,21,15.3,56.3,952.7,514,952.8,0,20.5,12,904,0,0,0,101,101,20.9,5.7,67,66.5
30/05/2025 07:02,21,15.3,56.4,952.9,514,952.9,0,20.5,12,902,0,0,0,100,101,20.9,5.7,66.9,66.5
30/05/2025 07:03,21,15.3,56.4,952.9,514,952.9,0,20.5,12,902,0,0,0,100,100,20.9,5.7,66.9,66.5
30/05/2025 07:03,21,15.3,56.4,952.7,514,952.8,0,20.5,12,903,0,0,0,99,99,20.9,5.7,66.9,66.5
30/05/2025 07:04,21,15.3,56.4,952.7,514,952.8,0,20.5,12,903,0,0,0,100,100,20.9,5.7,66.9,66.5
30/05/2025 07:04,21,15.3,56.3,952.9,514,952.9,0,20.5,11.9,902,0,0,0,100,100,20.9,5.7,66.9,66.5
30/05/2025 07:05,21,15.3,56.3,952.7,514,952.8,0,20.5,11.9,903,0,0,0,99,100,20.9,5.7,66.9,66.5
30/05/2025 07:05,21,15.3,56.3,952.7,514,952.8,0,20.5,11.9,903,0,0,0,99,100,20.9,5.7,66.9,66.5
30/05/2025 07:06,21,15.3,56.3,952.9,514,952.9,0,20.5,11.9,902,0,0,0,100,100,20.9,5.7,66.9,66.5
30/05/2025 07:06,21,15.3,56.3,952.9,514,952.9,0,20.5,11.9,902,0,0,0,100,101,20.9,5.7,66.9,66.5
30/05/2025 07:07,21,15.3,56.3,952.7,514,952.9,0,20.5,11.9,902,0,0,0,99,99,20.9,5.7,66.9,66.5
30/05/2025 07:07,21,15.3,56.3,952.7,514,952.9,0,20.5,11.9,902,0,0,0,98,99,20.9,5.7,66.9,66.5
30/05/2025 07:08,20.9,15.3,56.4,952.7,514,952.8,0,20.5,11.9,902,0,0,0,98,99,20.9,5.7,66.9,66.4
30/05/2025 07:08,21,15.3,56.2,952.7,514,952.8,0,20.5,11.9,903,0,0,0,99,100,20.9,5.7,66.9,66.5
30/05/2025 07:09,20.9,15.3,56.3,952.9,514,952.9,0,20.5,11.9,901,0,0,0,101,101,20.9,5.7,66.9,66.4
30/05/2025 07:09,20.9,15.3,56.3,952.7,514,952.8,0,20.5,11.9,902,0,0,0,100,101,20.9,5.7,66.9,66.4
30/05/2025 07:10,20.9,15.3,56.3,952.7,514,952.8,0,20.5,11.9,902,0,0,0,99,99,20.9,5.7,66.9,66.4
30/05/2025 07:10,20.9,15.3,56.3,952.7,514,952.8,0,20.5,11.9,902,0,0,0,100,101,20.9,5.7,66.9,66.4
30/05/2025 07:11,20.9,15.3,56.3,952.7,514,952.8,0,20.5,11.9,902,0,0,0,99,100,20.9,5.7,66.9,66.4
30/05/2025 07:11,20.9,15.3,56.3,952.7,514,952.8,0,20.5,11.9,902,0,0,0,99,100,20.9,5.7,66.9,66.4
30/05/2025 07:12,20.9,15.3,56.3,952.7,514,952.8,0,20.5,11.9,902,0,0,0,98,99,20.9,5.7,66.9,66.4
30/05/2025 07:12,20.9,15.3,56.3,952.7,514,952.8,0,20.5,11.9,902,0,0,0,99,99,20.9,5.7,66.9,66.4
30/05/2025 07:13,20.9,15.2,56.3,952.7,514,952.8,0,20.5,11.9,901,0,0,0,100,101,20.9,5.7,66.9,66.4
30/05/2025 07:13,20.9,15.2,56.3,952.7,514,952.8,0,20.5,11.9,901,0,0,0,99,100,20.9,5.7,66.9,66.4
30/05/2025 07:14,20.9,15.2,56.3,952.7,514,952.8,0,20.5,11.9,901,0,0,0,100,100,20.9,5.7,66.9,66.4
30/05/2025 07:14,20.9,15.2,56.3,952.7,514,952.8,0,20.5,11.9,901,0,0,0,99,100,20.9,5.7,66.9,66.4
30/05/2025 07:15,20.9,15.2,56.3,952.7,514,952.8,0,20.5,11.9,901,0,0,0,100,101,20.9,5.7,66.9,66.4
30/05/2025 07:15,20.9,15.2,56.3,952.7,514,952.8,0,20.5,11.9,901,0,0,0,100,100,20.9,5.7,66.9,66.4
30/05/2025 07:16,20.9,15.2,56.3,952.7,514,952.8,0,20.5,11.9,901,0,0,0,99,100,20.9,5.7,66.9,66.4
30/05/2025 07:16,20.9,15.2,56.3,952.7,514,952.8,0,20.5,11.9,901,0,0,0,99,99,20.9,5.7,66.9,66.4
30/05/2025 07:17,20.9,15.2,56.3,952.7,514,952.8,0,20.5,11.9,901,0,0,0,100,100,20.9,5.7,66.9,66.4
30/05/2025 07:17,20.9,15.2,56.3,952.7,514,952.7,0,20.5,11.9,903,0,0,0,100,100,20.9,5.7,66.9,66.4
30/05/2025 07:18,20.9,15.2,56.3,952.7,514,952.7,0,20.5,11.9,901,0,0,0,100,100,20.9,5.7,66.8,66.4
30/05/2025 07:18,20.9,15.2,56.3,952.7,514,952.7,0,20.5,11.9,901,0,0,0,98,99,20.9,5.7,66.8,66.4
30/05/2025 07:19,20.9,15.2,56.3,952.7,514,952.8,0,20.5,11.9,901,0,0,0,99,99,20.9,5.7,66.8,66.4
30/05/2025 07:19,20.9,15.2,56.3,952.7,514,952.7,0,20.5,11.9,901,0,0,0,100,100,20.9,5.7,66.8,66.4
30/05/2025 07:20,20.9,15.2,56.3,952.7,514,952.8,0,20.5,11.9,901,0,0,0,99,100,20.9,5.7,66.8,66.4
30/05/2025 07:20,20.9,15.2,56.3,952.7,514,952.8,0,20.5,11.9,901,0,0,0,101,101,20.9,5.7,66.8,66.4
30/05/2025 07:21,20.9,15.2,56.3,952.7,514,952.7,0,20.5,11.9,901,0,0,0,99,99,20.9,5.7,66.8,66.4
30/05/2025 07:21,20.9,15.2,56.2,952.7,514,952.7,0,20.5,11.9,901,0,0,0,99,100,20.9,5.7,66.8,66.4
30/05/2025 07:22,20.9,15.2,56.2,952.7,514,952.7,0,20.5,11.9,901,0,0,0,100,101,20.9,5.7,66.8,66.4
30/05/2025 07:22,20.9,15.2,56.2,952.7,514,952.7,0,20.5,11.9,901,0,0,0,100,101,20.9,5.7,66.8,66.4
30/05/2025 07:23,20.9,15.2,56.3,952.7,515,952.7,0,20.4,11.9,901,0,0,0,100,100,20.8,5.7,66.8,66.4
30/05/2025 07:23,20.9,15.2,56.3,952.7,514,952.7,0,20.4,11.9,901,0,0,0,100,100,20.8,5.7,66.8,66.4
30/05/2025 07:24,20.9,15.2,56.3,952.7,515,952.7,0,20.4,11.9,901,0,0,0,99,99,20.8,5.7,66.8,66.4
30/05/2025 07:24,20.9,15.2,56.3,952.5,515,952.6,0,20.4,11.9,902,0,0,0,100,100,20.8,5.7,66.8,66.4
30/05/2025 07:25,20.9,15.2,56.3,952.5,515,952.6,0,20.4,11.9,902,0,0,0,99,100,20.8,5.7,66.8,66.4
30/05/2025 07:25,20.9,15.2,56.3,952.7,514,952.7,0,20.4,11.9,901,0,0,0,99,99,20.8,5.7,66.8,66.4
30/05/2025 07:26,20.9,15.2,56.3,952.7,515,952.6,0,20.4,11.9,902,0,0,0,99,100,20.8,5.7,66.8,66.4
30/05/2025 07:26,20.9,15.2,56.3,952.7,514,952.7,0,20.3,11.9,901,0,0,0,100,100,20.8,5.7,66.8,66.3
30/05/2025 07:27,20.9,15.2,56.4,952.7,514,952.7,0,20.4,11.9,900,0,0,0,99,100,20.8,5.7,66.8,66.3
30/05/2025 07:27,20.9,15.2,56.3,952.5,515,952.6,0,20.4,11.9,902,0,0,0,100,101,20.8,5.7,66.8,66.4
30/05/2025 07:28,20.9,15.2,56.4,952.7,515,952.6,0,20.4,11.9,901,0,0,0,101,102,20.8,5.7,66.8,66.3
30/05/2025 07:28,20.9,15.2,56.4,952.7,515,952.7,0,20.4,11.9,900,0,0,0,100,101,20.8,5.7,66.8,66.3
30/05/2025 07:29,20.9,15.2,56.4,952.7,515,952.7,0,20.4,11.9,900,0,0,0,98,99,20.8,5.7,66.8,66.3
30/05/2025 07:29,20.9,15.2,56.4,952.7,515,952.7,0,20.4,11.8,900,0,0,0,100,101,20.8,5.7,66.8,66.3
30/05/2025 07:30,20.9,15.2,56.4,952.7,515,952.7,0,20.4,11.8,900,0,0,0,100,100,20.8,5.7,66.8,66.3
30/05/2025 07:30,20.9,15.2,56.4,952.5,516,952.6,0,20.4,11.8,901,0,0,0,98,99,20.8,5.7,66.8,66.3
30/05/2025 07:31,20.9,15.2,56.3,952.5,516,952.6,0,20.4,11.8,901,0,0,0,99,100,20.8,5.7,66.8,66.3
30/05/2025 07:31,20.9,15.2,56.3,952.5,516,952.6,0,20.4,11.8,901,0,0,0,100,100,20.8,5.7,66.8,66.3
30/05/2025 07:32,20.9,15.2,56.3,952.7,515,952.7,0,20.4,11.8,900,0,0,0,100,100,20.8,5.7,66.8,66.3
30/05/2025 07:32,20.8,15.1,56.4,952.5,516,952.6,0,20.4,11.8,901,0,0,0,99,100,20.8,5.7,66.8,66.3
30/05/2025 07:33,20.8,15.1,56.3,952.5,515,952.6,0,20.4,11.8,901,0,0,0,99,99,20.8,5.7,66.8,66.3
30/05/2025 07:33,20.8,15.1,56.3,952.5,515,952.6,0,20.4,11.8,901,0,0,0,100,101,20.8,5.7,66.8,66.3
30/05/2025 07:34,20.8,15.1,56.3,952.5,515,952.6,0,20.3,11.8,901,0,0,0,100,100,20.8,5.7,66.7,66.3
30/05/2025 07:34,20.8,15.1,56.3,952.5,515,952.6,0,20.3,11.8,901,0,0,0,100,101,20.8,5.7,66.7,66.3
30/05/2025 07:35,20.8,15.1,56.3,952.7,515,952.7,0,20.3,11.8,899,0,0,0,100,101,20.8,5.7,66.7,66.3
30/05/2025 07:35,20.8,15.1,56.3,952.5,516,952.5,0,20.3,11.8,901,0,0,0,99,99,20.8,5.7,66.7,66.3
30/05/2025 07:36,20.8,15.1,56.3,952.5,516,952.6,0,20.3,11.8,901,0,0,0,99,99,20.8,5.7,66.7,66.3
30/05/2025 07:36,20.8,15.1,56.3,952.5,515,952.6,0,20.3,11.8,901,0,0,0,99,99,20.8,5.7,66.7,66.3
30/05/2025 07:37,20.8,15.1,56.4,952.7,515,952.7,0,20.4,11.8,898,0,0,0,100,100,20.8,5.7,66.7,66.3
30/05/2025 07:37,20.8,15.1,56.3,952.5,516,952.6,0,20.4,11.8,900,0,0,0,99,99,20.8,5.7,66.7,66.3
30/05/2025 07:38,20.8,15.1,56.3,952.5,516,952.6,0,20.4,11.8,900,0,0,0,99,100,20.8,5.7,66.7,66.3
30/05/2025 07:38,20.8,15.1,56.3,952.5,515,952.6,0,20.4,11.8,900,0,0,0,101,101,20.8,5.7,66.7,66.3
30/05/2025 07:39,20.8,15.1,56.3,952.5,515,952.6,0,20.4,11.8,900,0,0,0,100,100,20.8,5.7,66.7,66.3
30/05/2025 07:39,20.8,15.1,56.3,952.5,516,952.5,0,20.3,11.8,901,0,0,0,99,99,20.8,5.7,66.7,66.3
30/05/2025 07:40,20.8,15.1,56.3,952.7,515,952.7,0,20.3,11.8,898,0,0,0,100,100,20.8,5.7,66.7,66.3
30/05/2025 07:40,20.8,15.1,56.3,952.5,516,952.6,0,20.3,11.8,900,0,0,0,99,99,20.8,5.7,66.7,66.3
30/05/2025 07:41,20.8,15.1,56.2,952.5,516,952.6,0,20.3,11.8,900,0,0,0,99,100,20.8,5.7,66.7,66.3
30/05/2025 07:41,20.8,15.1,56.2,952.5,515,952.6,0,20.3,11.8,900,0,0,0,100,100,20.8,5.7,66.7,66.3
30/05/2025 07:42,20.8,15.1,56.2,952.7,515,952.7,0,20.3,11.8,898,0,0,0,100,101,20.8,5.7,66.7,66.3
30/05/2025 07:42,20.8,15.1,56.3,952.7,515,952.6,0,20.2,11.8,899,0,0,0,100,100,20.8,5.7,66.7,66.2
30/05/2025 07:43,20.8,15.1,56.3,952.7,515,952.7,0,20.2,11.8,898,0,0,0,100,100,20.8,5.7,66.7,66.2
30/05/2025 07:43,20.8,15.1,56.3,952.7,515,952.7,0,20.2,11.8,898,0,0,0,100,100,20.8,5.7,66.7,66.2
30/05/2025 07:44,20.8,15.1,56.3,952.5,515,952.6,0,20.2,11.8,899,0,0,0,99,100,20.8,5.7,66.7,66.2
30/05/2025 07:44,20.8,15.1,56.3,952.7,515,952.6,0,20.2,11.8,899,0,0,0,101,101,20.8,5.7,66.7,66.2
30/05/2025 07:45,20.8,15.1,56.3,952.7,515,952.6,0,20.2,11.8,899,0,0,0,100,101,20.8,5.7,66.7,66.2
30/05/2025 07:45,20.8,15.1,56.3,952.5,515,952.6,0,20.2,11.8,899,0,0,0,99,100,20.8,5.7,66.7,66.2
30/05/2025 07:46,20.8,15.1,56.3,952.7,515,952.7,0,20.2,11.8,898,0,0,0,98,99,20.8,5.7,66.7,66.2
30/05/2025 07:46,20.8,15.1,56.2,952.5,515,952.6,0,20.2,11.8,899,0,0,0,100,101,20.8,5.7,66.7,66.2
30/05/2025 07:47,20.8,15.1,56.2,952.5,516,952.6,0,20.2,11.8,899,0,0,0,100,101,20.8,5.7,66.7,66.2
30/05/2025 07:47,20.8,15.1,56.4,952.7,515,952.7,0,20.2,11.8,897,0,0,0,100,100,20.7,5.7,66.7,66.2
30/05/2025 07:48,20.8,15.1,56.3,952.5,515,952.6,0,20.2,11.8,898,0,0,0,99,100,20.7,5.7,66.7,66.2
30/05/2025 07:48,20.8,15.1,56.3,952.7,515,952.6,0,20.2,11.8,898,0,0,0,99,100,20.7,5.7,66.7,66.2
30/05/2025 07:49,20.8,15.1,56.3,952.5,516,952.6,0,20.2,11.8,898,0,0,0,100,101,20.7,5.7,66.7,66.2
30/05/2025 07:49,20.8,15.1,56.3,952.5,515,952.6,0,20.2,11.8,898,0,0,0,100,101,20.7,5.7,66.7,66.2
30/05/2025 07:50,20.8,15.1,56.3,952.7,515,952.7,0,20.2,11.8,897,0,0,0,99,100,20.7,5.7,66.7,66.2
30/05/2025 07:50,20.8,15.1,56.3,952.5,516,952.5,0,20.2,11.8,898,0,0,0,99,99,20.7,5.7,66.7,66.2
30/05/2025 07:51,20.8,15.1,56.3,952.7,515,952.7,0,20.2,11.8,897,0,0,0,100,100,20.7,5.7,66.7,66.2
30/05/2025 07:51,20.8,15.1,56.3,952.7,515,952.7,0,20.2,11.8,897,0,0,0,99,100,20.7,5.7,66.7,66.2
30/05/2025 07:52,20.8,15.1,56.3,952.7,515,952.7,0,20.2,11.8,896,0,0,0,100,100,20.7,5.6,66.6,66.2
30/05/2025 07:52,20.8,15.1,56.3,952.5,515,952.6,0,20.2,11.8,897,0,0,0,100,100,20.7,5.6,66.6,66.2
30/05/2025 07:53,20.8,15.1,56.3,952.7,515,952.7,0,20.2,11.7,896,0,0,0,100,100,20.7,5.6,66.6,66.2
30/05/2025 07:53,20.8,15.1,56.3,952.7,515,952.7,0,20.2,11.7,896,0,0,0,98,99,20.7,5.6,66.6,66.2
30/05/2025 07:54,20.8,15.1,56.3,952.7,514,952.7,0,20.2,11.7,896,0,0,0,100,101,20.7,5.6,66.6,66.2
30/05/2025 07:54,20.8,15.1,56.3,952.7,515,952.7,0,20.2,11.7,896,0,0,0,100,101,20.7,5.6,66.6,66.2
30/05/2025 07:55,20.8,15.1,56.3,952.7,515,952.7,0,20.2,11.7,896,0,0,0,100,100,20.7,5.6,66.6,66.2
30/05/2025 07:55,20.8,15.1,56.3,952.7,514,952.8,0,20.2,11.7,894,0,0,0,100,100,20.7,5.6,66.6,66.2
30/05/2025 07:56,20.8,15.1,56.2,952.7,515,952.6,0,20.2,11.7,897,0,0,0,99,100,20.7,5.6,66.6,66.2
30/05/2025 07:56,20.8,15.1,56.2,952.7,515,952.7,0,20.2,11.7,896,0,0,0,99,100,20.7,5.6,66.6,66.2
30/05/2025 07:57,20.7,15.1,56.3,952.7,515,952.7,0,20.2,11.7,895,0,0,0,99,100,20.7,5.6,66.6,66.2
30/05/2025 07:57,20.7,15.1,56.3,952.7,514,952.7,0,20.2,11.7,895,0,0,0,100,101,20.7,5.6,66.6,66.2
30/05/2025 07:58,20.7,15.1,56.3,952.7,515,952.7,0,20.2,11.7,895,0,0,0,99,100,20.7,5.6,66.6,66.2
30/05/2025 07:58,20.7,15.1,56.3,952.7,514,952.7,0,20.2,11.7,895,0,0,0,99,100,20.7,5.6,66.6,66.2
30/05/2025 07:59,20.7,15.1,56.3,952.7,515,952.7,0,20.2,11.7,895,0,0,0,99,100,20.7,5.6,66.6,66.2
30/05/2025 07:59,20.7,15.1,56.2,952.7,515,952.7,0,20.2,11.7,895,0,0,0,99,99,20.7,5.6,66.6,66.1
30/05/2025 08:00,20.7,15.1,56.2,952.7,515,952.7,0,20.2,11.7,895,0,0,0,99,99,20.7,5.6,66.6,66.1
30/05/2025 08:00,20.7,15.1,56.2,952.7,515,952.7,0,20.2,11.7,895,0,0,0,100,101,20.7,5.6,66.6,66.1
30/05/2025 08:01,20.7,15.1,56.2,952.7,514,952.7,0,20.2,11.7,895,0,0,0,99,100,20.7,5.6,66.6,66.1
30/05/2025 08:01,20.7,15.1,56.2,952.5,515,952.6,0,20.2,11.7,896,0,0,0,99,100,20.7,5.6,66.6,66.1
30/05/2025 08:02,20.7,15.1,56.3,952.7,515,952.6,0,20.2,11.7,895,0,0,0,100,101,20.7,5.6,66.6,66.1
30/05/2025 08:02,20.7,15.1,56.3,952.7,515,952.7,0,20.2,11.7,894,0,0,0,100,101,20.7,5.6,66.6,66.1
30/05/2025 08:03,20.7,15.1,56.3,952.7,515,952.6,0,20.2,11.7,895,0,0,0,98,99,20.7,5.6,66.6,66.1
30/05/2025 08:03,20.7,15.1,56.3,952.5,515,952.6,0,20.2,11.7,895,0,0,0,100,101,20.7,5.6,66.6,66.1
30/05/2025 08:04,20.7,15.1,56.3,952.7,514,952.7,0,20.2,11.7,894,0,0,0,100,100,20.7,5.6,66.6,66.1
30/05/2025 08:04,20.7,15.1,56.3,952.5,516,952.6,0,20.2,11.7,895,0,0,0,100,101,20.7,5.6,66.6,66.1
30/05/2025 08:05,20.7,15.1,56.3,952.5,516,952.6,0,20.2,11.7,895,0,0,0,101,101,20.7,5.6,66.6,66.1
30/05/2025 08:05,20.7,15.1,56.3,952.5,515,952.6,0,20.2,11.7,895,0,0,0,100,100,20.7,5.6,66.6,66.1
30/05/2025 08:06,20.7,15.1,56.3,952.7,515,952.6,0,20.2,11.7,895,0,0,0,100,100,20.7,5.6,66.6,66.1
30/05/2025 08:06,20.7,15.1,56.3,952.7,514,952.7,0,20.2,11.7,894,0,0,0,100,100,20.7,5.6,66.6,66.1
30/05/2025 08:07,20.7,15.1,56.3,952.7,515,952.7,0,20.2,11.7,894,0,0,0,99,99,20.7,5.6,66.6,66.1
30/05/2025 08:07,20.7,15.1,56.4,952.7,515,952.7,0,20.1,11.7,894,0,0,0,98,99,20.6,5.6,66.5,66.1
30/05/2025 08:08,20.7,15.1,56.3,952.5,516,952.6,0,20.2,11.7,895,0,0,0,99,100,20.7,5.6,66.6,66.1
30/05/2025 08:08,20.7,15.1,56.3,952.7,514,952.7,0,20.1,11.7,894,0,0,0,99,99,20.6,5.6,66.5,66.1
30/05/2025 08:09,20.7,15.1,56.3,952.5,515,952.6,0,20.1,11.7,894,0,0,0,100,100,20.6,5.6,66.5,66.1
30/05/2025 08:09,20.7,15.1,56.3,952.5,515,952.6,0,20.1,11.7,894,0,0,0,99,100,20.6,5.6,66.5,66.1
30/05/2025 08:10,20.7,15.1,56.3,952.7,515,952.7,0,20.1,11.7,894,0,0,0,99,99,20.6,5.6,66.5,66.1
30/05/2025 08:10,20.7,15.1,56.3,952.5,516,952.6,0,20.1,11.7,894,0,0,0,100,101,20.6,5.6,66.5,66.1
30/05/2025 08:11,20.7,15.1,56.3,952.5,515,952.6,0,20.1,11.7,894,0,0,0,100,100,20.6,5.6,66.5,66.1
30/05/2025 08:11,20.7,15.1,56.3,952.5,516,952.6,0,20.1,11.7,894,0,0,0,100,100,20.6,5.6,66.5,66.1
30/05/2025 08:12,20.7,15.1,56.2,952.5,515,952.6,0,20.1,11.7,894,0,0,0,100,101,20.6,5.6,66.5,66.1
30/05/2025 08:12,20.7,15.1,56.2,952.5,515,952.6,0,20.1,11.7,894,0,0,0,100,100,20.6,5.6,66.5,66.1
30/05/2025 08:13,20.7,15.1,56.3,952.7,515,952.6,0,20.1,11.7,894,0,0,0,98,99,20.6,5.6,66.5,66.1
30/05/2025 08:13,20.7,15.1,56.3,952.5,516,952.5,0,20.1,11.7,894,0,0,0,100,101,20.6,5.6,66.5,66.1
30/05/2025 08:14,20.7,15.1,56.3,952.5,516,952.5,0,20.1,11.7,894,0,0,0,99,99,20.6,5.6,66.5,66.1
30/05/2025 08:14,20.7,15.1,56.3,952.5,516,952.5,0,20.1,11.7,894,0,0,0,99,100,20.6,5.6,66.5,66.1
30/05/2025 08:15,20.7,15.1,56.3,952.5,516,952.6,0,20.1,11.7,894,0,0,0,100,100,20.6,5.6,66.5,66.1
30/05/2025 08:15,20.7,15.1,56.3,952.5,515,952.6,0,20.1,11.7,894,0,0,0,98,99,20.6,5.6,66.5,66.1
30/05/2025 08:16,20.7,15.1,56.3,952.5,516,952.5,0,20.1,11.7,894,0,0,0,100,101,20.6,5.6,66.5,66.1
30/05/2025 08:16,20.7,15.1,56.2,952.5,516,952.6,0,20.1,11.7,894,0,0,0,100,101,20.6,5.6,66.5,66
30/05/2025 08:17,20.7,15.1,56.2,952.5,516,952.6,0,20.1,11.7,894,0,0,0,98,99,20.6,5.6,66.5,66
30/05/2025 08:17,20.7,15.1,56.2,952.7,515,952.6,0,20.1,11.7,894,0,0,0,99,99,20.6,5.6,66.5,66
30/05/2025 08:18,20.6,15.1,56.3,952.5,515,952.6,0,20.1,11.7,893,0,0,0,99,100,20.6,5.5,66.5,66
30/05/2025 08:18,20.7,15.1,56.2,952.7,515,952.7,0,20.1,11.7,893,0,0,0,100,101,20.6,5.6,66.5,66
30/05/2025 08:19,20.6,15,56.3,952.5,515,952.6,0,20.1,11.6,893,0,0,0,100,101,20.6,5.6,66.5,66
30/05/2025 08:19,20.6,15,56.3,952.5,515,952.6,0,20.1,11.6,893,0,0,0,100,100,20.6,5.6,66.5,66
30/05/2025 08:20,20.6,15,56.3,952.5,515,952.6,0,20.1,11.6,893,0,0,0,99,99,20.6,5.6,66.5,66
30/05/2025 08:20,20.6,15,56.3,952.5,515,952.6,0,20.1,11.6,893,0,0,0,100,100,20.6,5.6,66.5,66
30/05/2025 08:21,20.6,15,56.3,952.5,516,952.6,0,20.1,11.6,893,0,0,0,100,101,20.6,5.6,66.5,66
30/05/2025 08:21,20.6,15,56.3,952.7,515,952.6,0,20.1,11.6,893,0,0,0,99,100,20.6,5.6,66.5,66
30/05/2025 08:22,20.6,15,56.3,952.7,515,952.6,0,20.1,11.6,893,0,0,0,99,99,20.6,5.6,66.5,66
30/05/2025 08:22,20.6,15,56.3,952.5,516,952.6,0,20.1,11.6,893,0,0,0,101,101,20.6,5.6,66.5,66
30/05/2025 08:23,20.6,15,56.3,952.5,516,952.6,0,20.1,11.6,893,0,0,0,100,101,20.6,5.6,66.5,66
30/05/2025 08:23,20.6,15,56.4,952.5,515,952.6,0,20.1,11.6,891,0,0,0,99,100,20.6,5.6,66.4,66
30/05/2025 08:24,20.6,15,56.2,952.7,515,952.6,0,20.1,11.6,893,0,0,0,100,100,20.6,5.6,66.5,66
30/05/2025 08:24,20.6,15,56.3,952.5,517,952.5,0,20.1,11.6,893,0,0,0,100,100,20.6,5.6,66.4,66
30/05/2025 08:25,20.6,15,56.3,952.5,515,952.6,0,20.1,11.6,891,0,0,0,99,100,20.6,5.6,66.4,66
30/05/2025 08:25,20.6,15,56.3,952.7,515,952.6,0,20.1,11.6,891,0,0,0,98,99,20.6,5.6,66.4,66
30/05/2025 08:26,20.6,15,56.3,952.5,515,952.6,0,20.1,11.6,891,0,0,0,99,100,20.6,5.6,66.4,66
30/05/2025 08:26,20.6,15,56.3,952.5,515,952.6,0,20.1,11.6,891,0,0,0,100,101,20.6,5.6,66.4,66
30/05/2025 08:27,20.6,15,56.3,952.5,515,952.6,0,20.1,11.6,891,0,0,0,100,101,20.6,5.6,66.4,66
30/05/2025 08:27,20.6,15,56.3,952.5,515,952.6,0,20.1,11.6,891,0,0,0,100,100,20.6,5.6,66.4,66
30/05/2025 08:28,20.6,15,56.3,952.7,515,952.6,0,19.9,11.6,891,0,0,0,99,99,20.5,5.6,66.4,66
30/05/2025 08:28,20.6,15,56.3,952.7,515,952.6,0,20.1,11.6,891,0,0,0,100,100,20.6,5.6,66.4,66
30/05/2025 08:29,20.6,15,56.3,952.5,515,952.6,0,19.9,11.6,891,0,0,0,100,100,20.5,5.6,66.4,66
30/05/2025 08:29,20.6,15,56.3,952.5,515,952.6,0,19.9,11.6,891,0,0,0,101,101,20.5,5.6,66.4,66
30/05/2025 08:30,20.6,15,56.3,952.5,516,952.6,0,19.9,11.6,891,0,0,0,100,100,20.5,5.6,66.4,66
30/05/2025 08:30,20.6,15,56.3,952.7,515,952.6,0,19.9,11.6,891,0,0,0,99,100,20.5,5.6,66.4,66
30/05/2025 08:31,20.6,15,56.3,952.5,515,952.6,0,19.9,11.6,891,0,0,0,99,100,20.5,5.6,66.4,66
30/05/2025 08:31,20.6,15,56.3,952.5,515,952.6,0,19.9,11.6,891,0,0,0,100,100,20.5,5.6,66.4,66
30/05/2025 08:32,20.6,15,56.3,952.5,516,952.6,0,19.9,11.6,891,0,0,0,100,101,20.5,5.6,66.4,66
30/05/2025 08:32,20.6,15,56.2,952.5,515,952.6,0,19.9,11.6,891,0,0,0,100,100,20.5,5.6,66.4,66
30/05/2025 08:33,20.6,15,56.2,952.5,515,952.6,0,19.9,11.6,891,0,0,0,100,100,20.5,5.6,66.4,66
30/05/2025 08:33,20.6,15,56.2,952.7,515,952.7,0,19.9,11.6,890,0,0,0,100,101,20.5,5.6,66.4,66
30/05/2025 08:34,20.6,15,56.3,952.5,516,952.6,0,19.9,11.6,890,0,0,0,101,101,20.5,5.6,66.4,65.9
30/05/2025 08:34,20.6,15,56.3,952.7,514,952.7,0,19.9,11.6,889,0,0,0,99,99,20.5,5.6,66.4,65.9
30/05/2025 08:35,20.6,15,56.3,952.5,516,952.6,0,19.9,11.6,890,0,0,0,98,98,20.5,5.6,66.4,65.9
30/05/2025 08:35,20.6,15,56.3,952.5,515,952.6,0,19.9,11.6,890,0,0,0,99,100,20.5,5.6,66.4,65.9
30/05/2025 08:36,20.6,15,56.3,952.7,515,952.7,0,19.9,11.6,889,0,0,0,100,101,20.5,5.6,66.4,65.9
30/05/2025 08:36,20.6,15,56.3,952.7,515,952.7,0,19.9,11.6,889,0,0,0,99,99,20.5,5.6,66.4,65.9
30/05/2025 08:37,20.6,15,56.3,952.7,515,952.6,0,19.9,11.6,890,0,0,0,99,99,20.5,5.6,66.4,65.9
30/05/2025 08:37,20.6,15,56.3,952.7,515,952.7,0,19.9,11.6,889,0,0,0,100,100,20.5,5.6,66.4,65.9
30/05/2025 08:38,20.6,15,56.3,952.7,515,952.7,0,19.9,11.6,889,0,0,0,100,100,20.5,5.6,66.4,65.9
30/05/2025 08:38,20.6,15,56.2,952.7,515,952.7,0,19.9,11.6,889,0,0,0,99,99,20.5,5.6,66.4,65.9
30/05/2025 08:39,20.6,15,56.2,952.7,515,952.6,0,19.9,11.6,890,0,0,0,100,100,20.5,5.6,66.4,65.9
30/05/2025 08:39,20.6,15,56.2,952.7,515,952.7,0,19.9,11.6,889,0,0,0,100,101,20.5,5.6,66.4,65.9
30/05/2025 08:40,20.5,15,56.3,952.7,515,952.7,0,19.9,11.6,888,0,0,0,100,100,20.5,5.5,66.3,65.9
30/05/2025 08:40,20.5,15,56.3,952.7,515,952.7,0,19.9,11.6,888,0,0,0,101,101,20.5,5.5,66.3,65.9
30/05/2025 08:41,20.5,15,56.3,952.7,515,952.7,0,19.9,11.6,888,0,0,0,99,99,20.5,5.5,66.3,65.9
30/05/2025 08:41,20.5,15,56.3,952.7,514,952.7,0,19.9,11.6,888,0,0,0,100,101,20.5,5.5,66.3,65.9
30/05/2025 08:42,20.5,15,56.3,952.7,514,952.7,0,19.9,11.6,888,0,0,0,100,100,20.5,5.5,66.3,65.9
30/05/2025 08:42,20.5,15,56.3,952.7,514,952.8,0,19.9,11.6,887,0,0,0,99,100,20.5,5.5,66.3,65.9
30/05/2025 08:43,20.5,15,56.3,952.7,515,952.6,0,19.9,11.6,889,0,0,0,99,99,20.5,5.5,66.3,65.9
30/05/2025 08:43,20.5,14.9,56.3,952.7,515,952.7,0,19.9,11.5,888,0,0,0,100,100,20.5,5.6,66.3,65.9
30/05/2025 08:44,20.5,14.9,56.3,952.7,515,952.7,0,19.9,11.5,888,0,0,0,99,99,20.5,5.6,66.3,65.9
30/05/2025 08:44,20.5,14.9,56.3,952.7,515,952.7,0,19.9,11.5,888,0,0,0,99,100,20.5,5.6,66.3,65.9
30/05/2025 08:45,20.5,14.9,56.3,952.5,515,952.6,0,19.9,11.5,889,0,0,0,99,100,20.5,5.6,66.3,65.9
30/05/2025 08:45,20.5,14.9,56.3,952.5,516,952.6,0,19.9,11.5,888,0,0,0,99,100,20.5,5.6,66.3,65.9
30/05/2025 08:46,20.5,14.9,56.3,952.7,515,952.7,0,19.9,11.5,888,0,0,0,100,100,20.5,5.6,66.3,65.9
30/05/2025 08:46,20.5,14.9,56.3,952.5,515,952.6,0,19.9,11.5,888,0,0,0,99,100,20.5,5.6,66.3,65.9
30/05/2025 08:47,20.5,14.9,56.3,952.7,515,952.7,0,19.9,11.5,888,0,0,0,101,101,20.5,5.6,66.3,65.9
30/05/2025 08:47,20.5,14.9,56.3,952.7,515,952.6,0,19.9,11.5,888,0,0,0,100,100,20.5,5.6,66.3,65.9
30/05/2025 08:48,20.5,14.9,56.3,952.7,515,952.7,0,19.9,11.5,888,0,0,0,99,100,20.5,5.6,66.3,65.9
30/05/2025 08:48,20.5,14.9,56.3,952.7,515,952.7,0,19.9,11.5,888,0,0,0,99,99,20.5,5.6,66.3,65.9
30/05/2025 08:49,20.5,14.9,56.3,952.7,514,952.7,0,19.9,11.5,888,0,0,0,100,100,20.5,5.6,66.3,65.9
30/05/2025 08:49,20.5,14.9,56.3,952.7,514,952.8,0,19.9,11.5,886,0,0,0,100,100,20.5,5.6,66.3,65.9
30/05/2025 08:50,20.5,14.9,56.3,952.7,514,952.7,0,19.9,11.5,887,0,0,0,101,101,20.5,5.6,66.3,65.8
30/05/2025 08:50,20.5,14.9,56.3,952.7,515,952.7,0,19.9,11.5,888,0,0,0,99,100,20.5,5.6,66.3,65.9
30/05/2025 08:51,20.5,14.9,56.3,952.7,515,952.7,0,19.9,11.5,887,0,0,0,99,100,20.5,5.6,66.3,65.8
30/05/2025 08:51,20.5,14.9,56.3,952.7,514,952.7,0,19.9,11.5,887,0,0,0,99,99,20.5,5.6,66.3,65.8
30/05/2025 08:52,20.5,14.9,56.3,952.5,515,952.6,0,19.9,11.5,888,0,0,0,100,100,20.5,5.6,66.3,65.8
30/05/2025 08:52,20.5,14.9,56.3,952.5,515,952.6,0,19.9,11.5,888,0,0,0,99,100,20.5,5.6,66.3,65.8
30/05/2025 08:53,20.5,14.9,56.3,952.5,515,952.6,0,19.9,11.5,888,0,0,0,101,102,20.5,5.6,66.3,65.8
30/05/2025 08:53,20.5,14.9,56.3,952.7,515,952.7,0,19.9,11.5,887,0,0,0,99,100,20.5,5.6,66.3,65.8
30/05/2025 08:54,20.5,14.9,56.2,952.7,514,952.8,0,19.9,11.5,885,0,0,0,99,100,20.5,5.6,66.3,65.8
30/05/2025 08:54,20.5,14.9,56.2,952.7,515,952.6,0,19.9,11.5,888,0,0,0,100,100,20.5,5.6,66.3,65.8
30/05/2025 08:55,20.5,14.9,56.2,952.7,515,952.7,0,19.9,11.5,887,0,0,0,99,100,20.5,5.6,66.3,65.8
30/05/2025 08:55,20.5,14.9,56.2,952.7,515,952.7,0,19.9,11.5,887,0,0,0,99,99,20.5,5.6,66.3,65.8
30/05/2025 08:56,20.5,14.9,56.2,952.7,514,952.7,0,19.9,11.5,887,0,0,0,98,98,20.5,5.6,66.3,65.8
30/05/2025 08:56,20.5,14.9,56.3,952.7,514,952.7,0,19.8,11.5,886,0,0,0,100,100,20.4,5.6,66.2,65.8
30/05/2025 08:57,20.5,14.9,56.3,952.7,514,952.8,0,19.8,11.5,884,0,0,0,98,99,20.4,5.6,66.2,65.8
30/05/2025 08:57,20.5,14.9,56.3,952.7,515,952.7,0,19.8,11.5,886,0,0,0,99,100,20.4,5.6,66.2,65.8
30/05/2025 08:58,20.5,14.9,56.2,952.7,514,952.8,0,19.8,11.5,884,0,0,0,98,99,20.4,5.6,66.2,65.8
30/05/2025 08:58,20.5,14.9,56.2,952.7,514,952.8,0,19.8,11.5,884,0,0,0,100,100,20.4,5.6,66.2,65.8
30/05/2025 08:59,20.5,14.9,56.2,952.7,514,952.8,0,19.8,11.5,884,0,0,0,100,101,20.4,5.6,66.2,65.8
30/05/2025 08:59,20.5,14.9,56.2,952.7,514,952.8,0,19.8,11.5,884,0,0,0,100,101,20.4,5.6,66.2,65.8
30/05/2025 09:00,20.5,14.9,56.2,952.7,514,952.8,0,19.8,11.5,884,0,0,0,99,99,20.4,5.6,66.2,65.8
30/05/2025 09:00,20.5,14.9,56.2,952.7,514,952.8,0,19.8,11.5,884,0,0,0,99,99,20.4,5.6,66.2,65.8
30/05/2025 09:01,20.5,14.9,56.3,952.9,514,952.9,0,19.8,11.5,883,0,0,0,100,100,20.4,5.6,66.2,65.8
30/05/2025 09:01,20.5,14.9,56.2,952.7,514,952.8,0,19.8,11.5,884,0,0,0,100,100,20.4,5.6,66.2,65.8
30/05/2025 09:02,20.5,14.9,56.3,952.7,514,952.8,0,19.8,11.5,884,0,0,0,101,102,20.4,5.6,66.2,65.8
30/05/2025 09:02,20.5,14.9,56.3,952.9,514,952.9,0,19.8,11.5,883,0,0,0,99,99,20.4,5.6,66.2,65.8
30/05/2025 09:03,20.5,14.9,56.3,952.9,514,952.9,0,19.8,11.5,883,0,0,0,101,101,20.4,5.6,66.2,65.8
30/05/2025 09:03,20.5,14.9,56.3,952.9,514,952.9,0,19.8,11.5,883,0,0,0,100,100,20.4,5.6,66.2,65.8
30/05/2025 09:04,20.5,14.9,56.3,952.9,513,952.9,0,19.8,11.5,883,0,0,0,99,100,20.4,5.6,66.2,65.8
30/05/2025 09:04,20.5,14.9,56.3,952.9,513,952.9,0,19.8,11.5,883,0,0,0,99,100,20.4,5.6,66.2,65.8
30/05/2025 09:05,20.5,14.9,56.3,952.9,513,952.9,0,19.8,11.4,883,0,0,0,99,100,20.4,5.6,66.2,65.8
30/05/2025 09:05,20.5,14.9,56.3,952.7,514,952.8,0,19.8,11.4,884,0,0,0,99,100,20.4,5.6,66.2,65.8
30/05/2025 09:06,20.5,14.9,56.3,952.9,513,952.9,0,19.8,11.4,883,0,0,0,100,100,20.4,5.6,66.2,65.8
30/05/2025 09:06,20.5,14.9,56.3,952.9,514,952.9,0,19.8,11.4,883,0,0,0,100,100,20.4,5.6,66.2,65.8
30/05/2025 09:07,20.5,14.9,56.3,953,513,953,0,19.8,11.4,881,0,0,0,100,101,20.4,5.6,66.2,65.8
30/05/2025 09:07,20.4,14.9,56.3,952.9,513,952.9,0,19.8,11.4,882,0,0,0,100,101,20.4,5.5,66.2,65.8
30/05/2025 09:08,20.4,14.9,56.3,953,512,953,0,19.8,11.4,880,0,0,0,100,100,20.4,5.5,66.2,65.8
30/05/2025 09:08,20.4,14.9,56.3,953,513,953,0,19.8,11.4,880,0,0,0,99,100,20.4,5.5,66.2,65.8
30/05/2025 09:09,20.4,14.9,56.3,952.9,513,952.9,0,19.8,11.4,882,0,0,0,100,101,20.4,5.5,66.2,65.8
30/05/2025 09:09,20.4,14.9,56.3,952.9,514,952.9,0,19.8,11.4,882,0,0,0,99,100,20.4,5.5,66.2,65.8
30/05/2025 09:10,20.4,14.9,56.3,953,513,953,0,19.8,11.4,880,0,0,0,98,99,20.4,5.5,66.2,65.8
30/05/2025 09:10,20.4,14.9,56.3,953,513,953,0,19.8,11.4,880,0,0,0,100,100,20.4,5.5,66.2,65.8
30/05/2025 09:11,20.4,14.9,56.3,953,513,953,0,19.8,11.4,880,0,0,0,100,101,20.4,5.5,66.2,65.8
30/05/2025 09:11,20.4,14.9,56.2,953,513,953,0,19.8,11.4,880,0,0,0,100,101,20.4,5.5,66.2,65.8
30/05/2025 09:12,20.4,14.9,56.2,953,513,953,0,19.8,11.4,880,0,0,0,100,100,20.4,5.5,66.2,65.8
30/05/2025 09:12,20.4,14.9,56.2,952.9,514,952.9,0,19.8,11.4,882,0,0,0,99,100,20.4,5.5,66.2,65.8
30/05/2025 09:13,20.4,14.9,56.2,952.9,513,952.9,0,19.8,11.4,882,0,0,0,99,100,20.4,5.5,66.2,65.8
30/05/2025 09:13,20.4,14.9,56.3,952.9,514,952.9,0,19.8,11.4,880,0,0,0,101,101,20.4,5.5,66.2,65.7
30/05/2025 09:14,20.4,14.9,56.3,953,513,953,0,19.8,11.4,880,0,0,0,101,101,20.4,5.5,66.2,65.7
30/05/2025 09:14,20.4,14.9,56.3,952.9,513,952.9,0,19.8,11.4,880,0,0,0,100,101,20.4,5.5,66.2,65.7
30/05/2025 09:15,20.4,14.9,56.3,952.9,513,952.9,0,19.8,11.4,880,0,0,0,99,100,20.4,5.5,66.2,65.7
30/05/2025 09:15,20.4,14.9,56.3,952.7,514,952.8,0,19.8,11.4,882,0,0,0,99,99,20.4,5.5,66.2,65.7
30/05/2025 09:16,20.4,14.9,56.3,952.7,514,952.8,0,19.8,11.4,882,0,0,0,99,100,20.4,5.5,66.2,65.7
30/05/2025 09:16,20.4,14.9,56.3,952.7,514,952.8,0,19.8,11.4,882,0,0,0,99,99,20.4,5.5,66.2,65.7
30/05/2025 09:17,20.4,14.9,56.3,952.7,514,952.8,0,19.8,11.4,882,0,0,0,100,101,20.4,5.5,66.2,65.7
30/05/2025 09:17,20.4,14.9,56.3,952.7,514,952.7,0,19.8,11.4,883,0,0,0,99,99,20.4,5.5,66.2,65.7
30/05/2025 09:18,20.4,14.9,56.2,952.7,514,952.8,0,19.8,11.4,882,0,0,0,99,100,20.4,5.5,66.2,65.7
30/05/2025 09:18,20.4,14.9,56.2,952.7,514,952.8,0,19.8,11.4,882,0,0,0,100,101,20.4,5.5,66.2,65.7
30/05/2025 09:19,20.4,14.9,56.2,952.7,514,952.8,0,19.8,11.4,882,0,0,0,101,102,20.4,5.5,66.2,65.7
30/05/2025 09:19,20.4,14.9,56.3,952.7,515,952.7,0,19.7,11.4,882,0,0,0,99,100,20.3,5.5,66.1,65.7
30/05/2025 09:20,20.4,14.9,56.3,952.7,514,952.8,0,19.7,11.4,881,0,0,0,99,100,20.3,5.5,66.1,65.7
30/05/2025 09:20,20.4,14.9,56.3,952.7,514,952.7,0,19.7,11.4,882,0,0,0,100,101,20.3,5.5,66.1,65.7
30/05/2025 09:21,20.4,14.9,56.3,952.7,514,952.8,0,19.7,11.4,881,0,0,0,99,100,20.3,5.5,66.1,65.7
30/05/2025 09:21,20.4,14.9,56.3,952.7,514,952.8,0,19.6,11.4,881,0,0,0,101,101,20.3,5.5,66.1,65.7
30/05/2025 09:22,20.4,14.9,56.3,952.7,515,952.7,0,19.6,11.4,882,0,0,0,100,100,20.3,5.5,66.1,65.7
30/05/2025 09:22,20.4,14.9,56.3,952.7,514,952.7,0,19.6,11.4,882,0,0,0,99,99,20.3,5.5,66.1,65.7
30/05/2025 09:23,20.4,14.9,56.3,952.7,514,952.7,0,19.7,11.4,881,0,0,0,101,101,20.3,5.5,66.1,65.7
30/05/2025 09:23,20.4,14.9,56.2,952.7,515,952.7,0,19.6,11.4,882,0,0,0,100,100,20.3,5.5,66.1,65.7
30/05/2025 09:24,20.4,14.9,56.3,952.7,514,952.8,0,19.7,11.4,880,0,0,0,100,100,20.3,5.5,66.1,65.7
30/05/2025 09:24,20.4,14.9,56.3,952.7,514,952.7,0,19.7,11.4,881,0,0,0,99,100,20.3,5.5,66.1,65.7
30/05/2025 09:25,20.4,14.9,56.3,952.7,514,952.8,0,19.7,11.4,880,0,0,0,99,99,20.3,5.5,66.1,65.7
30/05/2025 09:25,20.4,14.9,56.3,952.7,514,952.7,0,19.7,11.4,881,0,0,0,100,100,20.3,5.5,66.1,65.7
30/05/2025 09:26,20.4,14.9,56.3,952.7,514,952.8,0,19.6,11.4,880,0,0,0,102,102,20.3,5.5,66.1,65.7
30/05/2025 09:26,20.4,14.9,56.3,952.9,514,952.9,0,19.7,11.4,879,0,0,0,98,99,20.3,5.5,66.1,65.7
30/05/2025 09:27,20.4,14.9,56.3,952.7,514,952.8,0,19.6,11.4,880,0,0,0,100,101,20.3,5.5,66.1,65.7
30/05/2025 09:27,20.4,14.9,56.3,952.7,514,952.7,0,19.6,11.4,881,0,0,0,101,102,20.3,5.5,66.1,65.7
30/05/2025 09:28,20.4,14.9,56.3,952.7,514,952.8,0,19.6,11.4,880,0,0,0,100,101,20.3,5.5,66.1,65.7
30/05/2025 09:28,20.4,14.9,56.2,952.7,514,952.8,0,19.6,11.4,880,0,0,0,100,100,20.3,5.5,66.1,65.7
30/05/2025 09:29,20.4,14.9,56.2,952.7,514,952.8,0,19.6,11.4,880,0,0,0,99,99,20.3,5.5,66.1,65.7
30/05/2025 09:29,20.4,14.9,56.2,952.7,514,952.8,0,19.6,11.4,880,0,0,0,100,101,20.3,5.5,66.1,65.7
30/05/2025 09:30,20.4,14.9,56.2,952.7,514,952.8,0,19.6,11.4,880,0,0,0,98,98,20.3,5.5,66.1,65.7
30/05/2025 09:30,20.3,14.8,56.3,952.7,514,952.8,0,19.6,11.4,879,0,0,0,100,100,20.3,5.5,66.1,65.6
30/05/2025 09:31,20.3,14.8,56.2,952.7,514,952.8,0,19.6,11.3,879,0,0,0,102,102,20.3,5.5,66.1,65.6
30/05/2025 09:31,20.3,14.8,56.2,952.7,514,952.8,0,19.6,11.3,879,0,0,0,100,100,20.3,5.5,66.1,65.6
30/05/2025 09:32,20.3,14.8,56.2,952.7,514,952.7,0,19.6,11.3,880,0,0,0,99,100,20.3,5.5,66.1,65.6
30/05/2025 09:32,20.3,14.8,56.2,952.7,514,952.9,0,19.6,11.3,878,0,0,0,99,99,20.3,5.5,66.1,65.6
30/05/2025 09:33,20.3,14.8,56.2,952.7,514,952.8,0,19.6,11.3,879,0,0,0,98,99,20.3,5.5,66.1,65.6
30/05/2025 09:33,20.3,14.8,56.2,952.7,514,952.7,0,19.6,11.3,880,0,0,0,99,100,20.3,5.5,66.1,65.6
30/05/2025 09:34,20.3,14.8,56.2,952.7,514,952.8,0,19.6,11.3,879,0,0,0,99,99,20.3,5.5,66.1,65.6
30/05/2025 09:34,20.3,14.8,56.2,952.7,514,952.8,0,19.6,11.3,879,0,0,0,99,100,20.3,5.5,66.1,65.6
30/05/2025 09:35,20.3,14.8,56.2,952.7,514,952.8,0,19.6,11.3,879,0,0,0,101,101,20.3,5.5,66.1,65.6
30/05/2025 09:35,20.3,14.8,56.3,952.7,514,952.8,0,19.7,11.3,879,0,0,0,100,100,20.3,5.5,66,65.6
30/05/2025 09:36,20.3,14.8,56.3,952.7,514,952.8,0,19.6,11.3,879,0,0,0,100,100,20.3,5.5,66,65.6
30/05/2025 09:36,20.3,14.8,56.3,952.7,514,952.8,0,19.6,11.3,879,0,0,0,99,99,20.3,5.5,66,65.6
30/05/2025 09:37,20.3,14.8,56.3,952.7,514,952.8,0,19.6,11.3,879,0,0,0,100,101,20.3,5.5,66,65.6
30/05/2025 09:37,20.3,14.8,56.3,952.7,514,952.8,0,19.6,11.3,879,0,0,0,99,99,20.3,5.5,66,65.6
30/05/2025 09:38,20.3,14.8,56.3,952.7,514,952.8,0,19.6,11.3,879,0,0,0,98,99,20.3,5.5,66,65.6
30/05/2025 09:38,20.3,14.8,56.2,952.7,514,952.8,0,19.6,11.3,879,0,0,0,100,101,20.3,5.5,66,65.6
30/05/2025 09:39,20.3,14.8,56.2,952.7,514,952.8,0,19.6,11.3,879,0,0,0,100,100,20.3,5.5,66,65.6
30/05/2025 09:39,20.3,14.8,56.2,952.7,514,952.8,0,19.6,11.3,879,0,0,0,99,99,20.3,5.5,66,65.6
30/05/2025 09:40,20.3,14.8,56.2,952.9,514,952.9,0,19.6,11.3,878,0,0,0,98,99,20.3,5.5,66,65.6
30/05/2025 09:40,20.3,14.8,56.2,952.9,514,952.9,0,19.6,11.3,878,0,0,0,101,101,20.3,5.5,66,65.6
30/05/2025 09:41,20.3,14.8,56.2,952.7,514,952.8,0,19.6,11.3,879,0,0,0,98,98,20.3,5.5,66,65.6
30/05/2025 09:41,20.3,14.8,56.2,953,513,953,0,19.6,11.3,877,0,0,0,99,100,20.3,5.5,66,65.6
30/05/2025 09:42,20.3,14.8,56.2,952.9,514,952.9,0,19.6,11.3,878,0,0,0,99,99,20.3,5.5,66,65.6
30/05/2025 09:42,20.3,14.8,56.2,953,513,953,0,19.6,11.3,877,0,0,0,100,100,20.3,5.5,66,65.6
30/05/2025 09:43,20.3,14.8,56.2,952.9,513,952.9,0,19.6,11.3,878,0,0,0,99,100,20.3,5.5,66,65.6
30/05/2025 09:43,20.3,14.8,56.2,952.9,514,952.9,0,19.6,11.3,878,0,0,0,100,100,20.3,5.5,66,65.6
30/05/2025 09:44,20.3,14.8,56.2,952.9,513,952.9,0,19.6,11.3,878,0,0,0,100,101,20.3,5.5,66,65.6
30/05/2025 09:44,20.3,14.8,56.3,952.9,513,952.9,0,19.5,11.3,876,0,0,0,100,101,20.3,5.5,66,65.6
30/05/2025 09:45,20.3,14.8,56.3,952.9,513,952.9,0,19.5,11.3,876,0,0,0,99,100,20.3,5.5,66,65.6
30/05/2025 09:45,20.3,14.8,56.2,953,512,953,0,19.6,11.3,877,0,0,0,100,100,20.3,5.5,66,65.6
30/05/2025 09:46,20.3,14.8,56.2,953,513,953,0,19.6,11.3,877,0,0,0,100,100,20.3,5.5,66,65.6
30/05/2025 09:46,20.3,14.8,56.2,953,512,953,0,19.6,11.3,877,0,0,0,99,99,20.3,5.5,66,65.6
30/05/2025 09:47,20.3,14.8,56.3,953,512,953,0,19.5,11.3,875,0,0,0,100,101,20.3,5.5,66,65.6
30/05/2025 09:47,20.3,14.8,56.3,953,513,953,0,19.5,11.3,875,0,0,0,100,101,20.3,5.5,66,65.6
30/05/2025 09:48,20.3,14.8,56.3,953,512,953,0,19.5,11.3,875,0,0,0,100,101,20.3,5.5,66,65.6
30/05/2025 09:48,20.3,14.8,56.3,953,512,953.1,0,19.5,11.3,874,0,0,0,100,101,20.3,5.5,66,65.6
30/05/2025 09:49,20.3,14.8,56.3,953.2,511,953.2,0,19.5,11.3,873,0,0,0,100,100,20.3,5.5,66,65.6
30/05/2025 09:49,20.3,14.8,56.3,953.2,511,953.2,0,19.5,11.3,873,0,0,0,100,100,20.3,5.5,66,65.6
30/05/2025 09:50,20.3,14.8,56.3,953,511,953.1,0,19.5,11.3,874,0,0,0,101,101,20.3,5.5,66,65.6
30/05/2025 09:50,20.3,14.8,56.2,953.2,510,953.2,0,19.5,11.3,873,0,0,0,99,100,20.3,5.5,66,65.6
30/05/2025 09:51,20.3,14.8,56.2,953.2,511,953.1,0,19.5,11.3,874,0,0,0,100,100,20.3,5.5,66,65.6
30/05/2025 09:51,20.3,14.8,56.2,953.2,511,953.2,0,19.5,11.3,873,0,0,0,99,100,20.3,5.5,66,65.6
30/05/2025 09:52,20.3,14.8,56.2,953.2,510,953.2,0,19.5,11.3,873,0,0,0,100,101,20.3,5.5,66,65.6
30/05/2025 09:52,20.3,14.8,56.2,953.2,511,953.2,0,19.5,11.3,873,0,0,0,100,100,20.3,5.5,66,65.6
30/05/2025 09:53,20.3,14.8,56.2,953.2,510,953.3,0,19.5,11.3,872,0,0,0,100,101,20.3,5.5,66,65.6
30/05/2025 09:53,20.3,14.8,56.2,953.2,510,953.2,0,19.5,11.3,873,0,0,0,99,100,20.3,5.5,66,65.6
30/05/2025 09:54,20.3,14.8,56.2,953.2,510,953.2,0,19.5,11.3,873,0,0,0,100,100,20.3,5.5,66,65.6
30/05/2025 09:54,20.3,14.8,56.2,953.2,510,953.3,0,19.5,11.3,872,0,0,0,100,100,20.3,5.5,66,65.6
30/05/2025 09:55,20.3,14.8,56.2,953.2,510,953.3,0,19.5,11.3,872,0,0,0,99,100,20.3,5.5,66,65.6
30/05/2025 09:55,20.3,14.8,56.2,953.2,510,953.2,0,19.5,11.3,873,0,0,0,102,102,20.3,5.5,66,65.6
30/05/2025 09:56,20.3,14.8,56.2,953.2,509,953.3,0,19.5,11.3,872,0,0,0,99,100,20.3,5.5,66,65.6
30/05/2025 09:56,20.3,14.8,56.2,953.2,510,953.2,0,19.5,11.3,873,0,0,0,100,100,20.3,5.5,66,65.6
30/05/2025 09:57,20.3,14.8,56.2,953.2,510,953.2,0,19.5,11.3,873,0,0,0,101,102,20.3,5.5,66,65.6
30/05/2025 09:57,20.3,14.8,56.2,953.2,509,953.3,0,19.5,11.3,872,0,0,0,99,99,20.3,5.5,66,65.6
30/05/2025 09:58,20.3,14.8,56.2,953.2,510,953.3,0,19.5,11.3,872,0,0,0,100,101,20.3,5.5,66,65.6
30/05/2025 09:58,20.3,14.8,56.2,953.2,510,953.3,0,19.5,11.3,872,0,0,0,100,101,20.3,5.5,66,65.6
30/05/2025 09:59,20.3,14.8,56.3,953.2,509,953.3,0,19.5,11.3,872,0,0,0,99,100,20.3,5.5,66,65.6
30/05/2025 09:59,20.3,14.8,56.2,953.4,509,953.4,0,19.5,11.3,870,0,0,0,101,101,20.3,5.5,66,65.6
30/05/2025 10:00,20.3,14.8,56.2,953.2,510,953.3,0,19.5,11.3,872,0,0,0,101,101,20.3,5.5,66,65.6
30/05/2025 10:00,20.3,14.8,56.3,953.4,508,953.4,0,19.5,11.3,870,0,0,0,99,100,20.3,5.5,66,65.6
30/05/2025 10:01,20.3,14.8,56.2,953.2,509,953.4,0,19.5,11.3,870,0,0,0,100,100,20.3,5.5,66,65.6
30/05/2025 10:01,20.3,14.8,56.2,953.2,509,953.3,0,19.5,11.3,872,0,0,0,101,101,20.3,5.5,66,65.6
30/05/2025 10:02,20.3,14.8,56.3,953.4,508,953.4,0,19.5,11.3,870,0,0,0,100,100,20.3,5.5,66,65.6
30/05/2025 10:02,20.3,14.8,56.2,953.2,509,953.3,0,19.5,11.3,872,0,0,0,99,100,20.3,5.5,66,65.6
30/05/2025 10:03,20.3,14.8,56.2,953.4,509,953.4,0,19.5,11.3,870,0,0,0,100,100,20.3,5.5,66,65.6
30/05/2025 10:03,20.3,14.8,56.2,953.2,509,953.3,0,19.5,11.3,872,0,0,0,100,100,20.3,5.5,66,65.6
30/05/2025 10:04,20.3,14.8,56.2,953.2,510,953.3,0,19.5,11.3,872,0,0,0,101,102,20.3,5.5,66,65.6
30/05/2025 10:04,20.3,14.8,56.2,953.2,509,953.3,0,19.5,11.3,872,0,0,0,99,100,20.3,5.5,66,65.6
30/05/2025 10:05,20.3,14.8,56.2,953.2,510,953.3,0,19.5,11.3,872,0,0,0,98,99,20.3,5.5,66,65.6
30/05/2025 10:05,20.3,14.8,56.2,953.4,509,953.4,0,19.5,11.3,870,0,0,0,100,100,20.3,5.5,66,65.6
30/05/2025 10:06,20.3,14.8,56.2,953.4,509,953.4,0,19.5,11.3,870,0,0,0,100,100,20.3,5.5,66,65.6
30/05/2025 10:06,20.3,14.8,56.2,953.4,509,953.4,0,19.5,11.3,870,0,0,0,99,99,20.3,5.5,66,65.6
30/05/2025 10:07,20.3,14.8,56.2,953.4,509,953.4,0,19.5,11.3,870,0,0,0,101,101,20.3,5.5,66,65.6
30/05/2025 10:07,20.3,14.8,56.2,953.2,509,953.3,0,19.5,11.3,872,0,0,0,99,99,20.3,5.5,66,65.6
30/05/2025 10:08,20.3,14.8,56.2,953.4,508,953.4,0,19.5,11.3,870,0,0,0,99,100,20.3,5.5,66,65.6
30/05/2025 10:08,20.3,14.8,56.2,953.5,508,953.5,0,19.5,11.3,870,0,0,0,100,101,20.3,5.5,66,65.6
30/05/2025 10:09,20.3,14.8,56.2,953.4,508,953.4,0,19.5,11.3,870,0,0,0,100,101,20.3,5.5,66,65.6
30/05/2025 10:09,20.3,14.8,56.2,953.4,508,953.4,0,19.5,11.3,870,0,0,0,99,99,20.3,5.5,66,65.6
30/05/2025 10:10,20.3,14.8,56.2,953.5,508,953.5,0,19.5,11.3,870,0,0,0,100,100,20.3,5.5,66,65.6
30/05/2025 10:10,20.3,14.8,56.2,953.5,507,953.5,0,19.5,11.3,870,0,0,0,100,100,20.3,5.5,66,65.6
30/05/2025 10:11,20.3,14.8,56.2,953.4,508,953.4,0,19.5,11.3,870,0,0,0,99,99,20.3,5.5,66,65.6
30/05/2025 10:11,20.3,14.8,56.2,953.4,508,953.4,0,19.5,11.3,870,0,0,0,99,99,20.3,5.5,66,65.6
30/05/2025 10:12,20.3,14.8,56.2,953.5,507,953.5,0,19.5,11.3,870,0,0,0,100,101,20.3,5.5,66,65.6
30/05/2025 10:12,20.3,14.8,56.2,953.5,508,953.5,0,19.5,11.3,870,0,0,0,100,100,20.3,5.5,66,65.6
30/05/2025 10:13,20.3,14.8,56.2,953.4,508,953.4,0,19.5,11.3,870,0,0,0,100,100,20.3,5.5,66,65.6
30/05/2025 10:13,20.3,14.8,56.2,953.5,508,953.5,0,19.5,11.3,870,0,0,0,100,101,20.3,5.5,66,65.6
30/05/2025 10:14,20.3,14.8,56.2,953.4,509,953.4,0,19.5,11.3,870,0,0,0,99,100,20.3,5.5,66,65.6
30/05/2025 10:14,20.3,14.8,56.2,953.5,507,953.5,0,19.5,11.3,870,0,0,0,99,100,20.3,5.5,66,65.6
30/05/2025 10:15,20.3,14.8,56.2,953.5,507,953.6,0,19.5,11.3,869,0,0,0,99,99,20.3,5.5,66,65.6
30/05/2025 10:15,20.3,14.8,56.2,953.5,508,953.5,0,19.5,11.3,870,0,0,0,99,100,20.3,5.5,66,65.6
30/05/2025 10:16,20.3,14.8,56.2,953.4,508,953.4,0,19.5,11.3,870,0,0,0,101,101,20.3,5.5,66,65.6
30/05/2025 10:16,20.3,14.8,56.2,953.5,507,953.5,0,19.5,11.3,870,0,0,0,101,101,20.3,5.5,66,65.6
30/05/2025 10:17,20.3,14.8,56.2,953.5,507,953.5,0,19.5,11.3,870,0,0,0,100,101,20.3,5.5,66,65.6
30/05/2025 10:17,20.3,14.8,56.2,953.5,507,953.6,0,19.5,11.3,869,0,0,0,100,100,20.3,5.5,66,65.6
30/05/2025 10:18,20.3,14.8,56.2,953.5,507,953.5,0,19.5,11.3,870,0,0,0,100,100,20.3,5.5,66,65.6
30/05/2025 10:18,20.3,14.8,56.2,953.5,507,953.6,0,19.5,11.3,869,0,0,0,99,100,20.3,5.5,66,65.6
30/05/2025 10:19,20.3,14.8,56.2,953.5,506,953.6,0,19.5,11.3,869,0,0,0,99,100,20.3,5.5,66,65.6
30/05/2025 10:19,20.3,14.8,56.2,953.5,507,953.6,0,19.5,11.3,869,0,0,0,99,100,20.3,5.5,66,65.6
30/05/2025 10:20,20.3,14.8,56.1,953.5,506,953.6,0,19.5,11.3,869,0,0,0,99,100,20.3,5.5,66,65.5
30/05/2025 10:20,20.3,14.8,56.2,953.5,507,953.6,0,19.5,11.3,869,0,0,0,100,100,20.3,5.5,66,65.6
30/05/2025 10:21,20.3,14.8,56.2,953.5,507,953.6,0,19.5,11.3,869,0,0,0,98,99,20.3,5.5,66,65.6
30/05/2025 10:21,20.3,14.8,56.2,953.5,506,953.6,0,19.5,11.3,869,0,0,0,99,99,20.3,5.5,66,65.6
30/05/2025 10:22,20.3,14.8,56.2,953.5,507,953.5,0,19.5,11.3,870,0,0,0,99,100,20.3,5.5,66,65.6
30/05/2025 10:22,20.3,14.8,56.1,953.5,507,953.5,0,19.5,11.3,870,0,0,0,99,99,20.3,5.5,66,65.5
30/05/2025 10:23,20.3,14.8,56.1,953.5,506,953.6,0,19.5,11.3,869,0,0,0,101,101,20.3,5.5,66,65.5
30/05/2025 10:23,20.3,14.8,56.2,953.5,507,953.5,0,19.5,11.3,870,0,0,0,98,99,20.3,5.5,66,65.6
30/05/2025 10:24,20.3,14.8,56.1,953.5,507,953.6,0,19.5,11.3,869,0,0,0,99,100,20.3,5.5,66,65.5
30/05/2025 10:24,20.3,14.8,56.2,953.5,507,953.6,0,19.5,11.3,868,0,0,0,101,101,20.2,5.5,66,65.5
30/05/2025 10:25,20.3,14.8,56.1,953.5,507,953.5,0,19.5,11.3,870,0,0,0,99,100,20.3,5.5,66,65.5
30/05/2025 10:25,20.3,14.8,56.1,953.5,507,953.6,0,19.5,11.3,869,0,0,0,98,99,20.3,5.5,66,65.5
30/05/2025 10:26,20.3,14.8,56.2,953.5,507,953.6,0,19.5,11.3,869,0,0,0,99,100,20.3,5.5,66,65.6
30/05/2025 10:26,20.3,14.8,56.2,953.5,507,953.6,0,19.5,11.3,868,0,0,0,100,101,20.2,5.5,66,65.5
30/05/2025 10:27,20.3,14.8,56.2,953.5,506,953.6,0,19.5,11.3,869,0,0,0,100,101,20.3,5.5,66,65.6
30/05/2025 10:27,20.3,14.8,56.1,953.5,507,953.5,0,19.5,11.3,870,0,0,0,100,101,20.3,5.5,66,65.5
30/05/2025 10:28,20.3,14.8,56.2,953.5,507,953.6,0,19.5,11.3,869,0,0,0,100,101,20.3,5.5,66,65.6
30/05/2025 10:28,20.3,14.8,56.1,953.5,506,953.6,0,19.5,11.3,869,0,0,0,100,100,20.3,5.5,66,65.5
30/05/2025 10:29,20.3,14.8,56.2,953.5,508,953.5,0,19.5,11.3,870,0,0,0,101,101,20.3,5.5,66,65.6
30/05/2025 10:29,20.3,14.8,56.2,953.5,507,953.6,0,19.5,11.3,869,0,0,0,101,101,20.3,5.5,66,65.6
30/05/2025 10:30,20.3,14.8,56.2,953.5,507,953.6,0,19.5,11.3,869,0,0,0,100,101,20.3,5.5,66,65.6
30/05/2025 10:30,20.3,14.8,56.2,953.5,507,953.6,0,19.5,11.3,869,0,0,0,99,100,20.3,5.5,66,65.6
30/05/2025 10:31,20.3,14.8,56.2,953.5,506,953.6,0,19.5,11.3,869,0,0,0,100,100,20.3,5.5,66,65.6
30/05/2025 10:31,20.3,14.8,56.2,953.5,506,953.6,0,19.5,11.3,869,0,0,0,99,99,20.3,5.5,66,65.6
30/05/2025 10:32,20.3,14.8,56.2,953.7,506,953.7,0,19.5,11.3,867,0,0,0,101,101,20.3,5.5,66,65.6
30/05/2025 10:32,20.3,14.8,56.2,953.5,506,953.6,0,19.5,11.3,869,0,0,0,98,99,20.3,5.5,66,65.6
30/05/2025 10:33,20.3,14.8,56.2,953.5,507,953.6,0,19.5,11.3,869,0,0,0,100,101,20.3,5.5,66,65.6
30/05/2025 10:33,20.3,14.8,56.2,953.5,507,953.6,0,19.5,11.3,869,0,0,0,101,102,20.3,5.5,66,65.6
30/05/2025 10:34,20.3,14.8,56.2,953.5,507,953.5,0,19.5,11.3,870,0,0,0,99,99,20.3,5.5,66,65.6
30/05/2025 10:34,20.3,14.8,56.2,953.5,507,953.6,0,19.5,11.3,869,0,0,0,100,100,20.3,5.5,66,65.6
30/05/2025 10:35,20.3,14.8,56.2,953.5,507,953.6,0,19.5,11.3,869,0,0,0,99,99,20.3,5.5,66,65.6
30/05/2025 10:35,20.3,14.8,56.2,953.5,508,953.5,0,19.5,11.3,870,0,0,0,100,100,20.3,5.5,66,65.6
30/05/2025 10:36,20.3,14.8,56.2,953.5,507,953.6,0,19.5,11.3,869,0,0,0,99,100,20.3,5.5,66,65.6
30/05/2025 10:36,20.3,14.8,56.2,953.5,507,953.5,0,19.5,11.3,870,0,0,0,85,86,20.3,5.5,66,65.6
30/05/2025 10:37,20.3,14.8,56.2,953.5,506,953.6,0,19.5,11.3,869,0,0,0,85,85,20.3,5.5,66,65.6
30/05/2025 10:37,20.3,14.8,56.2,953.7,506,953.6,0,19.5,11.3,869,0,0,0,85,85,20.3,5.5,66,65.6
30/05/2025 10:38,20.3,14.8,56.2,953.5,507,953.6,0,19.5,11.3,869,0,0,0,84,84,20.3,5.5,66,65.6
30/05/2025 10:38,20.3,14.8,56.2,953.5,506,953.6,0,19.5,11.3,869,0,0,0,84,85,20.3,5.5,66,65.6
30/05/2025 10:39,20.3,14.8,56.2,953.5,506,953.6,0,19.5,11.3,869,0,0,0,84,85,20.3,5.5,66,65.6
30/05/2025 10:39,20.3,14.8,56.2,953.5,507,953.6,0,19.5,11.3,869,0,0,0,84,85,20.3,5.5,66,65.6
30/05/2025 10:40,20.3,14.8,56.2,953.5,507,953.5,0,19.5,11.3,870,0,0,0,84,85,20.3,5.5,66,65.6
30/05/2025 10:40,20.3,14.8,56.1,953.5,506,953.6,0,19.6,11.3,870,0,0,0,84,85,20.3,5.5,66,65.6
30/05/2025 10:41,20.3,14.8,56.2,953.7,506,953.7,0,19.5,11.3,867,0,0,0,82,83,20.3,5.5,66,65.6
30/05/2025 10:41,20.3,14.8,56.1,953.5,506,953.6,0,19.6,11.3,870,0,0,0,85,85,20.3,5.5,66,65.6
30/05/2025 10:42,20.3,14.8,56.1,953.5,506,953.6,0,19.6,11.3,870,0,0,0,85,85,20.3,5.5,66,65.6
30/05/2025 10:42,20.3,14.8,56.2,953.5,507,953.6,0,19.6,11.3,870,0,0,0,84,84,20.3,5.5,66,65.6
30/05/2025 10:43,20.3,14.8,56.1,953.5,507,953.6,0,19.6,11.3,870,0,0,0,84,85,20.3,5.5,66,65.6
30/05/2025 10:43,20.3,14.8,56.2,953.7,506,953.7,0,19.6,11.3,869,0,0,0,85,85,20.3,5.5,66,65.6
30/05/2025 10:44,20.3,14.8,56.2,953.5,507,953.6,0,19.6,11.3,870,0,0,0,84,85,20.3,5.5,66,65.6
30/05/2025 10:44,20.3,14.8,56.2,953.5,506,953.6,0,19.6,11.3,870,0,0,0,84,84,20.3,5.5,66,65.6
30/05/2025 10:45,20.3,14.8,56.2,953.5,507,953.5,0,19.6,11.3,871,0,0,0,84,85,20.3,5.5,66,65.6
30/05/2025 10:45,20.3,14.8,56.2,953.7,506,953.7,0,19.6,11.3,869,0,0,0,84,84,20.3,5.5,66,65.6
30/05/2025 10:46,20.3,14.8,56.2,953.5,506,953.6,0,19.6,11.3,870,0,0,0,84,84,20.3,5.5,66,65.6
30/05/2025 10:46,20.3,14.8,56.3,953.5,507,953.6,0,19.6,11.3,870,0,0,0,85,85,20.3,5.5,66,65.6
30/05/2025 10:47,20.3,14.8,56.3,953.7,506,953.7,0,19.6,11.3,869,0,0,0,84,85,20.3,5.5,66,65.6
30/05/2025 10:47,20.3,14.8,56.3,953.7,506,953.7,0,19.6,11.3,869,0,0,0,84,85,20.3,5.5,66,65.6
30/05/2025 10:48,20.3,14.8,56.3,953.5,507,953.6,0,19.6,11.3,870,0,0,0,85,85,20.3,5.5,66,65.6
30/05/2025 10:48,20.3,14.8,56.3,953.7,506,953.7,0,19.6,11.3,870,0,0,0,84,85,20.3,5.5,66.1,65.6
30/05/2025 10:49,20.3,14.8,56.3,953.7,506,953.7,0,19.6,11.3,870,0,0,0,84,84,20.3,5.5,66.1,65.6
30/05/2025 10:49,20.3,14.8,56.3,953.7,506,953.7,0,19.6,11.3,870,0,0,0,85,85,20.3,5.5,66.1,65.6
30/05/2025 10:50,20.3,14.8,56.3,953.5,506,953.6,0,19.6,11.3,870,0,0,0,84,85,20.3,5.5,66.1,65.6
30/05/2025 10:50,20.3,14.8,56.3,953.7,506,953.7,0,19.6,11.3,870,0,0,0,84,85,20.3,5.5,66.1,65.6
30/05/2025 10:51,20.3,14.8,56.3,953.7,506,953.7,0,19.7,11.4,870,0,0,0,84,84,20.3,5.5,66.1,65.6
30/05/2025 10:51,20.3,14.8,56.3,953.5,506,953.6,0,19.6,11.3,870,0,0,0,84,85,20.3,5.5,66.1,65.6
30/05/2025 10:52,20.3,14.8,56.3,953.7,506,953.8,0,19.7,11.4,868,0,0,0,85,85,20.3,5.5,66.1,65.6
30/05/2025 10:52,20.4,14.9,56.2,953.7,506,953.7,0,19.6,11.3,870,0,0,0,84,84,20.3,5.5,66.1,65.7
30/05/2025 10:53,20.4,14.9,56.2,953.7,506,953.7,0,19.6,11.4,870,0,0,0,84,85,20.3,5.5,66.1,65.7
30/05/2025 10:53,20.4,14.9,56.3,953.7,506,953.7,0,19.6,11.4,870,0,0,0,84,85,20.3,5.5,66.1,65.7
30/05/2025 10:54,20.4,14.9,56.3,953.7,506,953.7,0,19.7,11.4,870,0,0,0,84,85,20.3,5.5,66.1,65.7
30/05/2025 10:54,20.4,14.9,56.3,953.7,506,953.8,0,19.7,11.4,869,0,0,0,84,84,20.3,5.5,66.1,65.7
30/05/2025 10:55,20.4,14.9,56.4,953.7,506,953.7,0,19.7,11.4,870,0,0,0,85,86,20.3,5.5,66.1,65.7
30/05/2025 10:55,20.4,14.9,56.4,953.7,506,953.7,0,19.7,11.4,870,0,0,0,84,84,20.3,5.5,66.1,65.7
30/05/2025 10:56,20.4,14.9,56.4,953.7,506,953.7,0,19.7,11.4,870,0,0,0,84,85,20.3,5.5,66.1,65.7
30/05/2025 10:56,20.4,14.9,56.3,953.7,506,953.7,0,19.7,11.4,871,0,0,0,85,85,20.3,5.5,66.1,65.7
30/05/2025 10:57,20.4,14.9,56.3,953.7,506,953.7,0,19.7,11.4,871,0,0,0,84,84,20.3,5.5,66.1,65.7
30/05/2025 10:57,20.4,14.9,56.4,953.7,506,953.7,0,19.7,11.4,871,0,0,0,84,85,20.3,5.5,66.1,65.7
30/05/2025 10:58,20.4,14.9,56.4,953.7,504,953.8,0,19.7,11.4,870,0,0,0,84,84,20.3,5.5,66.1,65.7
30/05/2025 10:58,20.4,14.9,56.4,953.7,506,953.7,0,19.7,11.4,871,0,0,0,84,84,20.3,5.5,66.1,65.7
30/05/2025 10:59,20.4,14.9,56.3,953.7,506,953.8,0,19.8,11.4,871,0,0,0,84,85,20.4,5.5,66.2,65.7
30/05/2025 10:59,20.4,14.9,56.3,953.7,506,953.8,0,19.8,11.4,871,0,0,0,84,85,20.4,5.5,66.2,65.7
30/05/2025 11:00,20.4,14.9,56.3,953.7,506,953.8,0,19.8,11.4,871,0,0,0,84,84,20.4,5.5,66.2,65.7
30/05/2025 11:00,20.4,14.9,56.3,953.7,506,953.7,0,19.8,11.4,872,0,0,0,84,84,20.4,5.5,66.2,65.7
30/05/2025 11:01,20.4,14.9,56.3,953.7,506,953.7,0,19.8,11.4,872,0,0,0,83,84,20.4,5.5,66.2,65.7
30/05/2025 11:01,20.4,14.9,56.3,953.7,506,953.7,0,19.8,11.4,872,0,0,0,84,85,20.4,5.5,66.2,65.7
30/05/2025 11:02,20.4,14.9,56.4,953.5,506,953.6,0,19.8,11.4,874,0,0,0,84,84,20.4,5.5,66.2,65.7
30/05/2025 11:02,20.4,14.9,56.3,953.7,506,953.8,0,19.8,11.4,872,0,0,0,83,84,20.4,5.5,66.2,65.8
30/05/2025 11:03,20.4,14.9,56.3,953.7,506,953.8,0,19.8,11.4,872,0,0,0,84,84,20.4,5.5,66.2,65.8
30/05/2025 11:03,20.4,14.9,56.3,953.7,506,953.7,0,19.8,11.4,873,0,0,0,84,84,20.4,5.5,66.2,65.8
30/05/2025 11:04,20.4,14.9,56.3,953.7,506,953.7,0,19.8,11.4,873,0,0,0,84,84,20.4,5.5,66.2,65.8
30/05/2025 11:04,20.4,14.9,56.3,953.7,506,953.7,0,19.8,11.4,873,0,0,0,84,85,20.4,5.5,66.2,65.8
30/05/2025 11:05,20.5,14.9,56.3,953.7,506,953.7,0,19.8,11.5,874,0,0,0,84,85,20.4,5.6,66.2,65.8
30/05/2025 11:05,20.5,14.9,56.3,953.7,506,953.7,0,19.8,11.5,874,0,0,0,84,85,20.4,5.6,66.2,65.8
30/05/2025 11:06,20.5,14.9,56.4,953.7,506,953.7,0,19.8,11.5,874,0,0,0,83,84,20.4,5.6,66.2,65.8
30/05/2025 11:06,20.5,14.9,56.4,953.7,506,953.7,0,19.8,11.5,874,0,0,0,84,85,20.4,5.6,66.2,65.8
30/05/2025 11:07,20.5,14.9,56.4,953.7,506,953.7,0,19.8,11.5,874,0,0,0,84,84,20.4,5.6,66.2,65.8
30/05/2025 11:07,20.5,14.9,56.4,953.7,506,953.7,0,19.8,11.5,874,0,0,0,84,85,20.4,5.6,66.2,65.8
30/05/2025 11:08,20.5,14.9,56.3,953.7,506,953.7,0,19.8,11.5,875,0,0,0,84,85,20.4,5.6,66.2,65.8
30/05/2025 11:08,20.5,14.9,56.3,953.7,506,953.7,0,19.8,11.5,875,0,0,0,83,84,20.4,5.6,66.2,65.8
30/05/2025 11:09,20.5,14.9,56.4,953.5,506,953.6,0,19.8,11.5,876,0,0,0,84,84,20.4,5.6,66.2,65.8
30/05/2025 11:09,20.5,14.9,56.4,953.7,506,953.7,0,19.8,11.5,875,0,0,0,84,84,20.4,5.6,66.2,65.8
30/05/2025 11:10,20.5,14.9,56.3,953.7,506,953.7,0,19.9,11.5,876,0,0,0,84,84,20.5,5.6,66.3,65.8
30/05/2025 11:10,20.5,14.9,56.3,953.7,506,953.7,0,19.9,11.5,876,0,0,0,84,85,20.5,5.6,66.3,65.8
30/05/2025 11:11,20.5,14.9,56.4,953.5,506,953.6,0,19.9,11.5,877,0,0,0,85,85,20.5,5.6,66.3,65.8
30/05/2025 11:11,20.5,14.9,56.4,953.5,507,953.6,0,19.9,11.5,877,0,0,0,84,84,20.5,5.6,66.3,65.8
30/05/2025 11:12,20.5,14.9,56.4,953.7,506,953.7,0,19.9,11.5,876,0,0,0,84,84,20.5,5.6,66.3,65.8
30/05/2025 11:12,20.5,15,56.4,953.7,506,953.7,0,19.9,11.6,877,0,0,0,84,85,20.5,5.5,66.3,65.9
30/05/2025 11:13,20.5,15,56.4,953.7,506,953.6,0,19.9,11.6,878,0,0,0,84,84,20.5,5.5,66.3,65.9
30/05/2025 11:13,20.5,15,56.4,953.7,506,953.6,0,19.9,11.6,878,0,0,0,84,85,20.5,5.5,66.3,65.9
30/05/2025 11:14,20.5,15,56.4,953.7,506,953.7,0,19.9,11.6,877,0,0,0,85,85,20.5,5.5,66.3,65.9
30/05/2025 11:14,20.5,15,56.4,953.7,506,953.7,0,19.9,11.6,877,0,0,0,84,84,20.5,5.5,66.3,65.9
30/05/2025 11:15,20.5,15,56.4,953.5,506,953.6,0,19.9,11.6,878,0,0,0,83,84,20.5,5.5,66.3,65.9
30/05/2025 11:15,20.5,15,56.4,953.7,506,953.7,0,19.9,11.6,878,0,0,0,84,84,20.5,5.5,66.3,65.9
30/05/2025 11:16,20.5,15,56.4,953.7,506,953.7,0,19.9,11.6,878,0,0,0,83,84,20.5,5.5,66.3,65.9
30/05/2025 11:16,20.5,15,56.4,953.7,506,953.7,0,19.9,11.6,878,0,0,0,83,84,20.5,5.5,66.3,65.9
30/05/2025 11:17,20.5,15,56.4,953.7,506,953.7,0,19.9,11.6,878,0,0,0,84,85,20.5,5.5,66.3,65.9
30/05/2025 11:17,20.6,15,56.3,953.7,506,953.6,0,19.9,11.6,880,0,0,0,84,85,20.5,5.6,66.4,65.9
30/05/2025 11:18,20.6,15,56.3,953.7,506,953.7,0,19.9,11.6,878,0,0,0,83,84,20.5,5.6,66.4,65.9
30/05/2025 11:18,20.6,15,56.3,953.7,506,953.8,0,19.9,11.6,878,0,0,0,83,84,20.5,5.6,66.4,65.9
30/05/2025 11:19,20.6,15,56.3,953.7,506,953.7,0,19.9,11.6,878,0,0,0,84,84,20.5,5.6,66.4,65.9
30/05/2025 11:19,20.6,15,56.3,953.7,506,953.8,0,19.9,11.6,878,0,0,0,83,84,20.5,5.6,66.4,65.9
30/05/2025 11:20,20.6,15,56.4,953.7,504,953.8,0,19.9,11.6,878,0,0,0,83,84,20.5,5.6,66.4,66
30/05/2025 11:20,20.6,15,56.4,953.7,504,953.8,0,19.9,11.6,878,0,0,0,84,84,20.5,5.6,66.4,66
30/05/2025 11:21,20.6,15,56.4,953.9,504,953.9,0,19.9,11.6,878,0,0,0,83,84,20.5,5.6,66.4,66
30/05/2025 11:21,20.6,15,56.4,953.7,504,953.8,0,19.9,11.6,878,0,0,0,84,84,20.5,5.6,66.4,66
30/05/2025 11:22,20.6,15,56.4,953.7,504,953.8,0,20.1,11.6,879,0,0,0,84,84,20.6,5.6,66.4,66
30/05/2025 11:22,20.6,15,56.4,953.9,504,953.9,0,20.1,11.6,878,0,0,0,83,84,20.6,5.6,66.4,66
30/05/2025 11:23,20.6,15,56.4,953.9,504,953.9,0,20.1,11.6,878,0,0,0,83,84,20.6,5.6,66.4,66
30/05/2025 11:23,20.6,15,56.4,953.7,506,953.8,0,20.1,11.6,879,0,0,0,84,84,20.6,5.6,66.4,66
30/05/2025 11:24,20.6,15,56.4,953.9,504,953.9,0,20.1,11.6,878,0,0,0,83,84,20.6,5.6,66.4,66
30/05/2025 11:24,20.6,15,56.4,953.7,504,953.8,0,20.1,11.6,879,0,0,0,83,83,20.6,5.6,66.4,66
30/05/2025 11:25,20.6,15.1,56.4,953.9,504,953.9,0,20.1,11.7,878,0,0,0,83,84,20.6,5.5,66.5,66
30/05/2025 11:25,20.6,15.1,56.4,953.9,504,953.9,0,20.1,11.7,878,0,0,0,83,83,20.6,5.5,66.5,66
30/05/2025 11:26,20.6,15.1,56.4,953.7,504,953.8,0,20.1,11.7,880,0,0,0,84,84,20.6,5.5,66.5,66
30/05/2025 11:26,20.6,15.1,56.4,953.9,504,953.9,0,20.1,11.7,878,0,0,0,85,85,20.6,5.5,66.5,66
30/05/2025 11:27,20.7,15.1,56.3,953.7,504,953.8,0,20.1,11.7,880,0,0,0,84,85,20.6,5.6,66.5,66.1
30/05/2025 11:27,20.7,15.1,56.3,954,504,954,0,20.1,11.7,879,0,0,0,84,84,20.6,5.6,66.5,66.1
30/05/2025 11:28,20.7,15.1,56.4,953.9,504,953.9,0,20.1,11.7,880,0,0,0,83,84,20.6,5.6,66.5,66.1
30/05/2025 11:28,20.7,15.1,56.4,953.9,504,953.9,0,20.1,11.7,880,0,0,0,83,84,20.6,5.6,66.5,66.1
30/05/2025 11:29,20.7,15.1,56.3,953.9,504,953.9,0,20.1,11.7,880,0,0,0,84,85,20.6,5.6,66.5,66.1
30/05/2025 11:29,20.7,15.1,56.3,953.9,504,953.9,0,20.1,11.7,880,0,0,0,83,83,20.6,5.6,66.5,66.1
30/05/2025 11:30,20.7,15.1,56.3,953.9,504,953.9,0,20.1,11.7,880,0,0,0,84,85,20.6,5.6,66.5,66.1
30/05/2025 11:30,20.7,15.1,56.4,954,504,954,0,20.1,11.7,880,0,0,0,83,84,20.6,5.6,66.5,66.1
30/05/2025 11:31,20.7,15.1,56.3,953.9,504,953.9,0,20.2,11.7,881,0,0,0,83,84,20.7,5.6,66.6,66.1
30/05/2025 11:31,20.7,15.1,56.4,954,504,954,0,20.2,11.7,880,0,0,0,83,84,20.7,5.6,66.6,66.1
30/05/2025 11:32,20.7,15.1,56.4,953.9,504,953.9,0,20.2,11.7,881,0,0,0,83,84,20.7,5.6,66.6,66.1
30/05/2025 11:32,20.7,15.1,56.4,953.9,504,953.9,0,20.2,11.7,881,0,0,0,84,84,20.7,5.6,66.6,66.1
30/05/2025 11:33,20.7,15.1,56.4,953.9,504,953.9,0,20.2,11.7,881,0,0,0,84,84,20.7,5.6,66.6,66.1
30/05/2025 11:33,20.7,15.1,56.4,953.9,504,953.9,0,20.2,11.7,881,0,0,0,83,83,20.7,5.6,66.6,66.1
30/05/2025 11:34,20.7,15.1,56.3,953.9,504,953.9,0,20.2,11.7,882,0,0,0,84,85,20.7,5.6,66.6,66.2
30/05/2025 11:34,20.7,15.1,56.3,953.9,504,953.9,0,20.2,11.7,882,0,0,0,84,85,20.7,5.6,66.6,66.2
30/05/2025 11:35,20.7,15.1,56.3,953.9,504,953.9,0,20.2,11.7,882,0,0,0,85,86,20.7,5.6,66.6,66.2
30/05/2025 11:35,20.7,15.1,56.4,954,504,954,0,20.2,11.7,881,0,0,0,83,83,20.7,5.6,66.6,66.2
30/05/2025 11:36,20.7,15.1,56.4,953.9,504,953.9,0,20.2,11.7,882,0,0,0,84,84,20.7,5.6,66.6,66.2
30/05/2025 11:36,20.8,15.1,56.3,953.9,504,953.9,0,20.2,11.8,883,0,0,0,83,83,20.7,5.6,66.6,66.2
30/05/2025 11:37,20.8,15.1,56.3,953.9,504,953.9,0,20.2,11.8,883,0,0,0,83,83,20.7,5.6,66.6,66.2
30/05/2025 11:37,20.8,15.1,56.4,954,503,954,0,20.2,11.8,882,0,0,0,84,84,20.7,5.6,66.6,66.2
30/05/2025 11:38,20.8,15.1,56.3,954,504,954,0,20.2,11.8,883,0,0,0,82,83,20.7,5.7,66.7,66.2
30/05/2025 11:38,20.8,15.1,56.3,954,504,954,0,20.2,11.8,883,0,0,0,84,84,20.7,5.7,66.7,66.2
30/05/2025 11:39,20.8,15.1,56.3,954,503,954,0,20.2,11.8,883,0,0,0,84,84,20.7,5.7,66.7,66.2
30/05/2025 11:39,20.8,15.1,56.4,954,503,954,0,20.2,11.8,883,0,0,0,84,84,20.7,5.7,66.7,66.2
30/05/2025 11:40,20.8,15.1,56.3,954,504,954,0,20.2,11.8,884,0,0,0,84,85,20.8,5.7,66.7,66.2
30/05/2025 11:40,20.8,15.1,56.3,954,504,954,0,20.2,11.8,884,0,0,0,83,83,20.8,5.7,66.7,66.2
30/05/2025 11:41,20.8,15.1,56.4,954,503,954,0,20.2,11.8,884,0,0,0,83,84,20.8,5.7,66.7,66.2
30/05/2025 11:41,20.8,15.1,56.4,954,504,954,0,20.2,11.8,884,0,0,0,83,84,20.8,5.7,66.7,66.2
30/05/2025 11:42,20.8,15.1,56.3,954,504,954,0,20.4,11.8,884,0,0,0,84,84,20.8,5.7,66.7,66.3
30/05/2025 11:42,20.8,15.1,56.3,954,504,954,0,20.4,11.8,884,0,0,0,83,84,20.8,5.7,66.7,66.3
30/05/2025 11:43,20.8,15.1,56.3,953.9,504,953.9,0,20.4,11.8,886,0,0,0,83,83,20.8,5.7,66.7,66.3
30/05/2025 11:43,20.8,15.1,56.3,954,503,954,0,20.3,11.8,885,0,0,0,82,83,20.8,5.7,66.7,66.3
30/05/2025 11:44,20.8,15.1,56.3,954,503,954,0,20.4,11.8,885,0,0,0,83,84,20.8,5.7,66.8,66.3
30/05/2025 11:44,20.8,15.1,56.3,954,503,954,0,20.4,11.8,885,0,0,0,83,84,20.8,5.7,66.8,66.3
30/05/2025 11:45,20.9,15.2,56.3,954,503,954,0,20.4,11.8,886,0,0,0,84,84,20.8,5.7,66.8,66.3
30/05/2025 11:45,20.9,15.2,56.3,954,503,954,0,20.4,11.8,886,0,0,0,84,84,20.8,5.7,66.8,66.3
30/05/2025 11:46,20.9,15.2,56.4,954,503,954,0,20.4,11.9,886,0,0,0,85,85,20.8,5.7,66.8,66.3
30/05/2025 11:46,20.9,15.2,56.3,954,503,954.1,0,20.4,11.9,886,0,0,0,84,85,20.8,5.7,66.8,66.4
30/05/2025 11:47,20.9,15.2,56.4,954,504,954,0,20.4,11.9,888,0,0,0,84,85,20.8,5.7,66.8,66.4
30/05/2025 11:47,20.9,15.2,56.4,954,504,954,0,20.4,11.9,888,0,0,0,84,85,20.8,5.7,66.8,66.4
30/05/2025 11:48,20.9,15.2,56.4,954,503,954,0,20.5,11.9,888,0,0,0,83,84,20.9,5.7,66.8,66.4
30/05/2025 11:48,20.9,15.2,56.4,954,503,954.1,0,20.5,11.9,887,0,0,0,83,83,20.9,5.7,66.8,66.4
30/05/2025 11:49,20.9,15.2,56.4,954,503,954,0,20.5,11.9,888,0,0,0,83,84,20.9,5.7,66.8,66.4
30/05/2025 11:49,20.9,15.2,56.4,954,503,954.1,0,20.5,11.9,888,0,0,0,83,84,20.9,5.7,66.9,66.4
30/05/2025 11:50,20.9,15.2,56.4,954,504,954,0,20.5,11.9,888,0,0,0,83,83,20.9,5.7,66.9,66.4
30/05/2025 11:50,20.9,15.3,56.5,954,503,954.1,0,20.5,11.9,888,0,0,0,83,83,20.9,5.6,66.9,66.4
30/05/2025 11:51,20.9,15.3,56.4,954,503,954,0,20.5,12,890,0,0,0,84,84,20.9,5.7,66.9,66.5
30/05/2025 11:51,20.9,15.3,56.5,954.2,501,954.2,0,20.5,12,888,0,0,0,84,85,20.9,5.7,66.9,66.5
30/05/2025 11:52,21,15.3,56.4,954.2,502,954.1,0,20.5,12,889,0,0,0,83,84,20.9,5.7,66.9,66.5
30/05/2025 11:52,21,15.3,56.5,954,503,954.1,0,20.5,12,889,0,0,0,84,84,20.9,5.7,66.9,66.5
30/05/2025 11:53,21,15.3,56.4,954.2,501,954.2,0,20.5,12,889,0,0,0,83,83,20.9,5.7,67,66.5
30/05/2025 11:53,21,15.3,56.4,954.2,502,954.2,0,20.5,12,889,0,0,0,84,84,20.9,5.7,67,66.5
30/05/2025 11:54,21,15.3,56.5,954.2,501,954.2,0,20.5,12,889,0,0,0,84,84,20.9,5.7,67,66.5
30/05/2025 11:54,21,15.3,56.5,954.2,501,954.2,0,20.5,12,889,0,0,0,84,84,20.9,5.7,67,66.5
30/05/2025 11:55,21,15.3,56.4,954.2,501,954.2,0,20.6,12,890,0,0,0,83,84,21,5.7,67,66.5
30/05/2025 11:55,21,15.3,56.4,954.2,501,954.2,0,20.6,12,890,0,0,0,83,84,21,5.7,67,66.5
30/05/2025 11:56,21,15.3,56.5,954.2,501,954.2,0,20.6,12,890,0,0,0,85,85,21,5.7,67,66.5
30/05/2025 11:56,21,15.3,56.4,954.2,502,954.2,0,20.6,12,891,0,0,0,83,84,21,5.7,67,66.6
30/05/2025 11:57,21,15.3,56.4,954.2,500,954.3,0,20.6,12,890,0,0,0,84,85,21,5.7,67,66.6
30/05/2025 11:57,21,15.4,56.4,954.2,502,954.2,0,20.6,12.1,891,0,0,0,84,84,21,5.6,67,66.6
30/05/2025 11:58,21,15.4,56.5,954.2,502,954.2,0,20.6,12.1,891,0,0,0,84,84,21,5.6,67,66.6
30/05/2025 11:58,21.1,15.4,56.4,954.2,501,954.3,0,20.6,12.1,891,0,0,0,83,84,21,5.7,67,66.6
30/05/2025 11:59,21.1,15.4,56.4,954.2,501,954.3,0,20.6,12.1,891,0,0,0,84,84,21,5.7,67,66.6
30/05/2025 11:59,21.1,15.4,56.4,954.2,501,954.3,0,20.6,12.1,891,0,0,0,83,83,21,5.7,67,66.6
30/05/2025 12:00,21.1,15.4,56.4,954.2,501,954.3,0,20.6,12.1,891,0,0,0,84,85,21,5.7,67.1,66.6
30/05/2025 12:00,21.1,15.4,56.4,954.2,500,954.3,0,20.6,12.1,891,0,0,0,84,85,21,5.7,67.1,66.6
30/05/2025 12:01,21.1,15.4,56.4,954.2,501,954.3,0,20.8,12.1,892,0,0,0,84,84,21.1,5.7,67.1,66.7
30/05/2025 12:01,21.1,15.4,56.3,954.2,501,954.3,0,20.8,12.1,892,0,0,0,84,85,21.1,5.7,67.1,66.7
30/05/2025 12:02,21.1,15.4,56.4,954.2,500,954.3,0,20.8,12.1,892,0,0,0,84,84,21.1,5.7,67.1,66.7
30/05/2025 12:02,21.1,15.4,56.4,954.2,500,954.3,0,20.8,12.1,892,0,0,0,84,84,21.1,5.7,67.1,66.7
30/05/2025 12:03,21.1,15.4,56.3,954.2,501,954.2,0,20.8,12.1,894,0,0,0,83,84,21.1,5.7,67.1,66.7
30/05/2025 12:03,21.1,15.4,56.3,954.2,500,954.3,0,20.8,12.1,893,0,0,0,83,84,21.1,5.7,67.1,66.7
30/05/2025 12:04,21.1,15.4,56.4,954.2,501,954.3,0,20.8,12.1,893,0,0,0,83,83,21.1,5.7,67.1,66.7
30/05/2025 12:04,21.1,15.5,56.3,954.2,501,954.3,0,20.8,12.1,894,0,0,0,84,84,21.1,5.6,67.2,66.7
30/05/2025 12:05,21.1,15.5,56.3,954.2,501,954.3,0,20.8,12.1,894,0,0,0,83,84,21.1,5.6,67.2,66.7
30/05/2025 12:05,21.1,15.5,56.4,954.4,500,954.4,0,20.8,12.1,893,0,0,0,84,84,21.1,5.6,67.2,66.7
30/05/2025 12:06,21.1,15.5,56.4,954.2,500,954.3,0,20.8,12.1,894,0,0,0,84,84,21.1,5.6,67.2,66.7
30/05/2025 12:06,21.2,15.5,56.3,954.2,501,954.3,0,20.8,12.1,894,0,0,0,84,85,21.1,5.7,67.2,66.7
30/05/2025 12:07,21.2,15.5,56.4,954.4,500,954.4,0,20.8,12.1,894,0,0,0,84,84,21.1,5.7,67.2,66.7
30/05/2025 12:07,21.2,15.5,56.4,954.2,500,954.3,0,20.8,12.1,894,0,0,0,84,85,21.1,5.7,67.2,66.7
30/05/2025 12:08,21.2,15.5,56.4,954.2,500,954.3,0,20.8,12.1,894,0,0,0,84,85,21.1,5.7,67.2,66.7
30/05/2025 12:08,21.2,15.5,56.3,954.2,500,954.3,0,20.8,12.1,896,0,0,0,83,84,21.1,5.7,67.2,66.8
30/05/2025 12:09,21.2,15.5,56.3,954.2,500,954.3,0,20.8,12.2,896,0,0,0,83,83,21.1,5.7,67.2,66.8
30/05/2025 12:09,21.2,15.5,56.3,954.2,501,954.3,0,20.8,12.2,896,0,0,0,83,84,21.1,5.7,67.2,66.8
30/05/2025 12:10,21.2,15.5,56.3,954.2,501,954.2,0,20.8,12.2,897,0,0,0,83,84,21.1,5.7,67.2,66.8
30/05/2025 12:10,21.2,15.5,56.3,954.2,500,954.3,0,20.9,12.2,897,0,0,0,84,85,21.2,5.7,67.3,66.8
30/05/2025 12:11,21.2,15.5,56.2,954.2,500,954.4,0,20.9,12.2,895,0,0,0,84,84,21.2,5.7,67.2,66.8
30/05/2025 12:11,21.2,15.5,56.3,954.2,501,954.2,0,20.9,12.2,898,0,0,0,84,84,21.2,5.7,67.3,66.8
30/05/2025 12:12,21.2,15.5,56.2,954.2,501,954.3,0,20.9,12.2,897,0,0,0,85,86,21.2,5.7,67.3,66.8
30/05/2025 12:12,21.2,15.5,56.3,954.2,500,954.3,0,20.9,12.2,897,0,0,0,84,84,21.2,5.7,67.3,66.8
30/05/2025 12:13,21.2,15.5,56.3,954.2,501,954.2,0,20.9,12.2,898,0,0,0,84,85,21.2,5.7,67.3,66.8
30/05/2025 12:13,21.2,15.5,56.3,954.2,501,954.3,0,20.9,12.2,897,0,0,0,84,84,21.2,5.7,67.3,66.8
30/05/2025 12:14,21.2,15.6,56.2,954.2,500,954.3,0,20.9,12.2,898,0,0,0,84,85,21.2,5.7,67.3,66.8
30/05/2025 12:14,21.2,15.6,56.3,954.2,500,954.3,0,20.9,12.2,898,0,0,0,84,84,21.2,5.7,67.3,66.8
30/05/2025 12:15,21.2,15.6,56.3,954.2,501,954.3,0,20.9,12.2,898,0,0,0,84,85,21.2,5.7,67.3,66.8
30/05/2025 12:15,21.2,15.6,56.3,954.2,500,954.3,0,20.9,12.2,898,0,0,0,84,84,21.2,5.7,67.3,66.8
30/05/2025 12:16,21.2,15.6,56.3,954.4,500,954.4,0,20.9,12.2,897,0,0,0,84,85,21.2,5.7,67.3,66.8
30/05/2025 12:16,21.3,15.6,56.2,954.2,500,954.3,0,20.9,12.2,899,0,0,0,84,84,21.2,5.7,67.3,66.9
30/05/2025 12:17,21.3,15.6,56.2,954.2,500,954.3,0,20.9,12.2,899,0,0,0,83,84,21.2,5.7,67.3,66.9
30/05/2025 12:17,21.3,15.6,56.2,954.4,500,954.4,0,20.9,12.2,898,0,0,0,83,84,21.2,5.7,67.3,66.9
30/05/2025 12:18,21.3,15.6,56.2,954.2,501,954.2,0,20.9,12.2,901,0,0,0,84,84,21.3,5.7,67.4,66.9
30/05/2025 12:18,21.3,15.6,56.2,954.2,500,954.3,0,20.9,12.2,899,0,0,0,83,84,21.3,5.7,67.4,66.9
30/05/2025 12:19,21.3,15.6,56.2,954.4,500,954.4,0,20.9,12.2,898,0,0,0,83,84,21.3,5.7,67.4,66.9
30/05/2025 12:19,21.3,15.6,56.2,954.2,501,954.3,0,20.9,12.2,899,0,0,0,84,85,21.3,5.7,67.4,66.9
30/05/2025 12:20,21.3,15.6,56.1,954.2,501,954.3,0,21.1,12.2,901,0,0,0,84,85,21.3,5.7,67.4,66.9
30/05/2025 12:20,21.3,15.6,56.1,954.2,501,954.3,0,21.1,12.2,901,0,0,0,83,84,21.3,5.7,67.4,66.9
30/05/2025 12:21,21.3,15.6,56.1,954.2,501,954.3,0,21.1,12.2,901,0,0,0,84,84,21.3,5.7,67.4,66.9
30/05/2025 12:21,21.3,15.6,56.2,954.2,500,954.3,0,21.1,12.2,901,0,0,0,83,83,21.3,5.7,67.4,66.9
30/05/2025 12:22,21.4,15.7,56.1,954.2,501,954.3,0,21.1,12.2,901,0,0,0,83,84,21.3,5.7,67.4,67
30/05/2025 12:22,21.3,15.6,56.2,954.2,500,954.3,0,21.1,12.2,901,0,0,0,84,85,21.3,5.7,67.4,66.9
30/05/2025 12:23,21.4,15.7,56.1,954.2,501,954.2,0,21.1,12.2,903,0,0,0,83,84,21.3,5.7,67.4,67
30/05/2025 12:23,21.4,15.7,56.2,954.4,500,954.4,0,21.1,12.3,901,0,0,0,85,85,21.3,5.7,67.4,67
30/05/2025 12:24,21.4,15.7,56.2,954.2,500,954.4,0,21.1,12.3,901,0,0,0,83,84,21.3,5.7,67.4,67
30/05/2025 12:24,21.4,15.7,56.1,954.2,500,954.3,0,21.1,12.3,901,0,0,0,84,85,21.3,5.7,67.4,67
30/05/2025 12:25,21.4,15.7,56.1,954.2,500,954.4,0,21.1,12.3,901,0,0,0,84,85,21.3,5.7,67.5,67
30/05/2025 12:25,21.4,15.7,56.1,954.4,500,954.4,0,21.1,12.3,901,0,0,0,84,84,21.3,5.7,67.5,67
30/05/2025 12:26,21.4,15.7,56.2,954.4,500,954.4,0,21.1,12.3,901,0,0,0,84,84,21.3,5.7,67.5,67
30/05/2025 12:26,21.4,15.7,56.1,954.5,499,954.5,0,21.1,12.3,901,0,0,0,84,85,21.3,5.7,67.5,67
30/05/2025 12:27,21.4,15.7,56.1,954.4,499,954.4,0,21.1,12.3,902,0,0,0,84,84,21.3,5.7,67.5,67
30/05/2025 12:27,21.4,15.7,56.1,954.4,500,954.4,0,21.1,12.3,902,0,0,0,84,85,21.3,5.7,67.5,67
30/05/2025 12:28,21.4,15.7,56.1,954.4,499,954.4,0,21.1,12.3,902,0,0,0,84,85,21.3,5.7,67.5,67
30/05/2025 12:28,21.4,15.7,56,954.2,501,954.2,0,21.2,12.3,905,0,0,0,84,84,21.4,5.7,67.5,67
30/05/2025 12:29,21.4,15.7,56,954.5,499,954.5,0,21.2,12.3,901,0,0,0,83,84,21.4,5.7,67.5,67
30/05/2025 12:29,21.4,15.7,56.1,954.2,500,954.4,0,21.2,12.3,903,0,0,0,84,85,21.4,5.7,67.5,67
30/05/2025 12:30,21.4,15.7,56.1,954.5,499,954.5,0,21.2,12.3,901,0,0,0,85,85,21.4,5.7,67.5,67
30/05/2025 12:30,21.4,15.7,56.1,954.4,500,954.4,0,21.2,12.3,903,0,0,0,83,84,21.4,5.7,67.5,67
30/05/2025 12:31,21.4,15.7,56.1,954.4,499,954.4,0,21.2,12.3,903,0,0,0,84,85,21.4,5.7,67.5,67.1
30/05/2025 12:31,21.4,15.7,56.1,954.4,499,954.4,0,21.2,12.3,903,0,0,0,84,84,21.4,5.7,67.5,67.1
30/05/2025 12:32,21.4,15.7,56.1,954.5,499,954.6,0,21.2,12.3,901,0,0,0,84,85,21.4,5.7,67.5,67.1
30/05/2025 12:32,21.4,15.7,56.1,954.4,500,954.4,0,21.2,12.3,903,0,0,0,83,83,21.4,5.7,67.5,67.1
30/05/2025 12:33,21.4,15.7,56.1,954.4,499,954.4,0,21.2,12.3,905,0,0,0,83,84,21.4,5.8,67.6,67.1
30/05/2025 12:33,21.4,15.7,56.1,954.5,499,954.6,0,21.2,12.3,902,0,0,0,84,84,21.4,5.8,67.6,67.1
30/05/2025 12:34,21.4,15.7,56.1,954.5,499,954.5,0,21.2,12.3,903,0,0,0,84,85,21.4,5.8,67.6,67.1
30/05/2025 12:34,21.4,15.7,56.1,954.4,499,954.4,0,21.2,12.3,905,0,0,0,84,85,21.4,5.8,67.6,67.1
30/05/2025 12:35,21.4,15.7,56.2,954.5,499,954.5,0,21.2,12.4,903,0,0,0,84,84,21.4,5.8,67.6,67.1
30/05/2025 12:35,21.5,15.7,56.1,954.5,499,954.5,0,21.2,12.4,905,0,0,0,85,86,21.4,5.8,67.6,67.1
30/05/2025 12:36,21.5,15.7,56.1,954.5,499,954.5,0,21.2,12.4,905,0,0,0,84,85,21.4,5.8,67.6,67.1
30/05/2025 12:36,21.5,15.7,56.1,954.5,499,954.5,0,21.2,12.4,905,0,0,0,83,84,21.4,5.8,67.6,67.1
30/05/2025 12:37,21.5,15.7,56.1,954.5,499,954.6,0,21.2,12.4,903,0,0,0,84,84,21.4,5.8,67.6,67.1
30/05/2025 12:37,21.5,15.7,56,954.5,499,954.6,0,21.4,12.3,905,0,0,0,84,85,21.5,5.8,67.6,67.1
30/05/2025 12:38,21.5,15.7,56,954.5,499,954.6,0,21.4,12.4,905,0,0,0,84,85,21.5,5.8,67.6,67.2
30/05/2025 12:38,21.5,15.7,56,954.5,498,954.6,0,21.4,12.4,905,0,0,0,84,84,21.5,5.8,67.6,67.2
30/05/2025 12:39,21.5,15.7,56.1,954.5,499,954.6,0,21.4,12.4,905,0,0,0,84,85,21.5,5.8,67.6,67.2
30/05/2025 12:39,21.5,15.7,56,954.5,499,954.6,0,21.4,12.4,905,0,0,0,84,84,21.5,5.8,67.7,67.2
30/05/2025 12:40,21.5,15.7,56.1,954.5,499,954.5,0,21.4,12.4,906,0,0,0,85,85,21.5,5.8,67.7,67.2
30/05/2025 12:40,21.5,15.7,56,954.5,499,954.5,0,21.4,12.4,906,0,0,0,84,84,21.5,5.8,67.7,67.2
30/05/2025 12:41,21.5,15.7,56,954.5,499,954.5,0,21.4,12.4,906,0,0,0,84,84,21.5,5.8,67.7,67.2
30/05/2025 12:41,21.5,15.7,56,954.5,499,954.5,0,21.4,12.4,906,0,0,0,84,84,21.5,5.8,67.7,67.2
30/05/2025 12:42,21.5,15.7,56,954.5,499,954.5,0,21.4,12.4,907,0,0,0,84,84,21.5,5.8,67.7,67.2
30/05/2025 12:42,21.5,15.7,56,954.5,499,954.6,0,21.4,12.4,906,0,0,0,84,84,21.5,5.8,67.7,67.2
30/05/2025 12:43,21.5,15.7,56,954.5,499,954.5,0,21.4,12.4,907,0,0,0,85,85,21.5,5.8,67.7,67.2
30/05/2025 12:43,21.5,15.7,56,954.5,499,954.5,0,21.4,12.4,907,0,0,0,83,84,21.5,5.8,67.7,67.2
30/05/2025 12:44,21.6,15.8,56,954.5,499,954.5,0,21.4,12.4,908,0,0,0,85,85,21.5,5.8,67.7,67.2
30/05/2025 12:44,21.6,15.8,56,954.5,499,954.6,0,21.4,12.4,907,0,0,0,84,84,21.5,5.8,67.7,67.2
30/05/2025 12:45,21.6,15.8,56,954.5,499,954.6,0,21.4,12.4,907,0,0,0,84,84,21.5,5.8,67.7,67.2
30/05/2025 12:45,21.6,15.8,56,954.5,499,954.5,0,21.4,12.4,908,0,0,0,84,84,21.5,5.8,67.7,67.2
30/05/2025 12:46,21.6,15.8,56,954.5,499,954.5,0,21.4,12.4,908,0,0,0,84,84,21.5,5.8,67.7,67.2
30/05/2025 12:46,21.6,15.8,56,954.5,499,954.6,0,21.4,12.4,907,0,0,0,84,85,21.5,5.8,67.7,67.2
30/05/2025 12:47,21.6,15.8,56,954.5,499,954.5,0,21.4,12.4,908,0,0,0,84,84,21.5,5.8,67.7,67.2
30/05/2025 12:47,21.6,15.8,56,954.5,499,954.5,0,21.4,12.4,908,0,0,0,84,85,21.5,5.8,67.7,67.3
30/05/2025 12:48,21.6,15.8,56,954.5,499,954.6,0,21.4,12.4,907,0,0,0,84,85,21.5,5.8,67.7,67.3
30/05/2025 12:48,21.6,15.8,56.1,954.5,499,954.5,0,21.4,12.4,908,0,0,0,84,85,21.5,5.8,67.7,67.3
30/05/2025 12:49,21.6,15.8,55.9,954.5,499,954.6,0,21.4,12.4,908,0,0,0,85,85,21.6,5.8,67.8,67.3
30/05/2025 12:49,21.6,15.8,56,954.5,498,954.6,0,21.4,12.4,908,0,0,0,84,85,21.6,5.8,67.8,67.3
30/05/2025 12:50,21.6,15.8,56,954.5,499,954.5,0,21.4,12.4,909,0,0,0,85,85,21.6,5.8,67.8,67.3
30/05/2025 12:50,21.6,15.8,56,954.5,499,954.5,0,21.4,12.5,909,0,0,0,85,85,21.6,5.8,67.8,67.3
30/05/2025 12:51,21.6,15.8,56,954.5,499,954.5,0,21.4,12.5,910,0,0,0,84,85,21.6,5.8,67.8,67.3
30/05/2025 12:51,21.6,15.8,56,954.5,499,954.6,0,21.4,12.5,909,0,0,0,85,86,21.6,5.8,67.8,67.3
30/05/2025 12:52,21.6,15.8,56,954.5,499,954.6,0,21.4,12.5,909,0,0,0,84,84,21.6,5.8,67.8,67.3
30/05/2025 12:52,21.6,15.8,56,954.5,499,954.5,0,21.4,12.5,910,0,0,0,83,84,21.6,5.8,67.8,67.3
30/05/2025 12:53,21.6,15.8,56,954.5,499,954.5,0,21.4,12.5,910,0,0,0,83,84,21.6,5.8,67.8,67.3
30/05/2025 12:53,21.6,15.9,56,954.5,499,954.6,0,21.4,12.5,910,0,0,0,84,84,21.6,5.8,67.8,67.3
30/05/2025 12:54,21.6,15.9,56,954.5,499,954.6,0,21.4,12.5,910,0,0,0,83,84,21.6,5.8,67.8,67.3
30/05/2025 12:54,21.6,15.9,56,954.5,499,954.5,0,21.4,12.5,911,0,0,0,85,85,21.6,5.8,67.8,67.3
30/05/2025 12:55,21.6,15.9,56,954.5,499,954.5,0,21.4,12.5,911,0,0,0,83,84,21.6,5.8,67.8,67.3
30/05/2025 12:55,21.7,15.9,56,954.7,498,954.7,0,21.4,12.5,909,0,0,0,84,84,21.6,5.8,67.8,67.4
30/05/2025 12:56,21.7,15.9,56,954.5,499,954.5,0,21.4,12.5,911,0,0,0,83,84,21.6,5.8,67.8,67.4
30/05/2025 12:56,21.7,15.9,56,954.5,499,954.6,0,21.4,12.5,911,0,0,0,84,85,21.6,5.8,67.8,67.4
30/05/2025 12:57,21.7,15.9,56,954.5,499,954.6,0,21.4,12.5,911,0,0,0,85,85,21.6,5.8,67.8,67.4
30/05/2025 12:57,21.7,15.9,56.1,954.5,499,954.6,0,21.4,12.5,911,0,0,0,84,84,21.6,5.8,67.9,67.4
30/05/2025 12:58,21.7,15.9,56.1,954.7,498,954.7,0,21.4,12.6,910,0,0,0,84,85,21.6,5.8,67.9,67.4
30/05/2025 12:58,21.7,15.9,56.1,954.5,498,954.6,0,21.4,12.6,911,0,0,0,84,84,21.6,5.8,67.9,67.4
30/05/2025 12:59,21.7,15.9,56.1,954.7,497,954.7,0,21.4,12.6,910,0,0,0,84,84,21.6,5.8,67.9,67.4
30/05/2025 12:59,21.7,15.9,56,954.7,498,954.7,0,21.4,12.5,910,0,0,0,84,84,21.6,5.8,67.9,67.4
30/05/2025 13:00,21.7,15.9,56,954.7,498,954.6,0,21.4,12.5,911,0,0,0,84,85,21.6,5.8,67.9,67.4
30/05/2025 13:00,21.7,15.9,56,954.5,498,954.6,0,21.4,12.5,911,0,0,0,84,85,21.6,5.8,67.9,67.4
30/05/2025 13:01,21.7,15.9,55.9,954.5,498,954.6,0,21.5,12.5,912,0,0,0,85,86,21.7,5.8,67.9,67.4
30/05/2025 13:01,21.7,15.9,55.9,954.7,498,954.7,0,21.5,12.5,911,0,0,0,84,85,21.7,5.8,67.9,67.4
30/05/2025 13:02,21.7,15.9,55.9,954.5,499,954.6,0,21.5,12.5,912,0,0,0,84,85,21.7,5.8,67.9,67.4
30/05/2025 13:02,21.7,15.9,55.9,954.5,498,954.6,0,21.5,12.5,913,0,0,0,84,85,21.7,5.8,67.9,67.4
30/05/2025 13:03,21.7,15.9,55.9,954.5,498,954.6,0,21.5,12.5,913,0,0,0,85,85,21.7,5.8,67.9,67.4
30/05/2025 13:03,21.7,15.9,55.9,954.5,498,954.6,0,21.5,12.5,913,0,0,0,83,84,21.7,5.8,67.9,67.4
30/05/2025 13:04,21.7,15.9,55.9,954.7,498,954.6,0,21.5,12.6,913,0,0,0,83,83,21.7,5.8,67.9,67.4
30/05/2025 13:04,21.8,16,55.8,954.5,499,954.6,0,21.5,12.6,914,0,0,0,83,83,21.7,5.8,68,67.5
30/05/2025 13:05,21.8,16,55.9,954.7,498,954.7,0,21.5,12.6,913,0,0,0,83,84,21.7,5.8,68,67.5
30/05/2025 13:05,21.8,16,55.9,954.7,498,954.7,0,21.5,12.6,913,0,0,0,83,83,21.7,5.8,68,67.5
30/05/2025 13:06,21.8,16,55.9,954.5,498,954.6,0,21.5,12.6,914,0,0,0,84,84,21.7,5.8,68,67.5
30/05/2025 13:06,21.8,16,55.9,954.7,498,954.7,0,21.5,12.6,913,0,0,0,84,85,21.7,5.8,68,67.5
30/05/2025 13:07,21.8,16,55.9,954.5,498,954.6,0,21.5,12.6,915,0,0,0,84,85,21.7,5.8,68,67.5
30/05/2025 13:07,21.8,16,55.9,954.7,498,954.7,0,21.5,12.6,913,0,0,0,84,84,21.7,5.8,68,67.5
30/05/2025 13:08,21.8,16,56,954.5,498,954.6,0,21.5,12.6,915,0,0,0,83,83,21.7,5.8,68,67.5
30/05/2025 13:08,21.8,16,56,954.5,499,954.6,0,21.5,12.6,915,0,0,0,83,83,21.7,5.8,68,67.5
30/05/2025 13:09,21.8,16,55.9,954.5,498,954.6,0,21.5,12.6,915,0,0,0,82,82,21.7,5.8,68,67.5
30/05/2025 13:09,21.8,16,55.9,954.7,498,954.7,0,21.5,12.6,915,0,0,0,82,83,21.7,5.8,68,67.5
30/05/2025 13:10,21.8,16,55.9,954.5,499,954.6,0,21.5,12.6,915,0,0,0,82,83,21.7,5.8,68,67.5
30/05/2025 13:10,21.8,16,55.9,954.7,498,954.7,0,21.6,12.6,915,0,0,0,82,83,21.8,5.8,68,67.6
30/05/2025 13:11,21.8,16,55.9,954.5,499,954.6,0,21.6,12.6,916,0,0,0,82,83,21.8,5.8,68,67.6
30/05/2025 13:11,21.8,16,55.9,954.5,499,954.6,0,21.6,12.6,916,0,0,0,83,83,21.8,5.8,68,67.6
30/05/2025 13:12,21.8,16,56,954.5,499,954.6,0,21.6,12.6,916,0,0,0,82,82,21.8,5.8,68,67.6
30/05/2025 13:12,21.8,16,55.9,954.5,499,954.6,0,21.6,12.6,917,0,0,0,82,83,21.8,5.8,68.1,67.6
30/05/2025 13:13,21.8,16,55.9,954.5,499,954.6,0,21.6,12.7,917,0,0,0,82,83,21.8,5.8,68.1,67.6
30/05/2025 13:13,21.9,16.1,55.9,954.5,499,954.5,0,21.6,12.7,918,0,0,0,83,83,21.8,5.8,68.1,67.6
30/05/2025 13:14,21.9,16.1,55.9,954.5,499,954.5,0,21.6,12.7,918,0,0,0,82,82,21.8,5.8,68.1,67.6
30/05/2025 13:14,21.9,16.1,55.9,954.5,499,954.5,0,21.6,12.7,918,0,0,0,83,83,21.8,5.8,68.1,67.6
30/05/2025 13:15,21.9,16.1,55.9,954.5,499,954.6,0,21.6,12.7,918,0,0,0,83,83,21.8,5.8,68.1,67.6
30/05/2025 13:15,21.9,16.1,55.9,954.7,498,954.7,0,21.6,12.7,918,0,0,0,82,83,21.8,5.8,68.1,67.7
30/05/2025 13:16,21.9,16.1,55.9,954.7,498,954.7,0,21.6,12.7,918,0,0,0,83,83,21.8,5.8,68.1,67.7
30/05/2025 13:16,21.9,16.1,55.9,954.5,498,954.6,0,21.6,12.7,919,0,0,0,82,83,21.8,5.8,68.1,67.7
30/05/2025 13:17,21.9,16.1,55.9,954.5,499,954.5,0,21.7,12.7,921,0,0,0,82,83,21.9,5.8,68.2,67.7
30/05/2025 13:17,21.9,16.1,55.9,954.5,498,954.6,0,21.7,12.7,920,0,0,0,83,83,21.9,5.8,68.2,67.7
30/05/2025 13:18,21.9,16.1,55.9,954.7,497,954.7,0,21.7,12.7,918,0,0,0,83,83,21.9,5.8,68.2,67.7
30/05/2025 13:18,21.9,16.1,55.9,954.5,498,954.6,0,21.7,12.7,920,0,0,0,83,84,21.9,5.8,68.2,67.7
30/05/2025 13:19,21.9,16.1,55.9,954.5,498,954.6,0,21.7,12.7,920,0,0,0,83,83,21.9,5.8,68.2,67.7
30/05/2025 13:19,21.9,16.1,56,954.7,498,954.7,0,21.7,12.8,919,0,0,0,82,83,21.9,5.8,68.2,67.7
30/05/2025 13:20,21.9,16.2,55.9,954.5,499,954.6,0,21.7,12.8,921,0,0,0,83,83,21.9,5.8,68.2,67.7
30/05/2025 13:20,21.9,16.2,56,954.5,498,954.6,0,21.7,12.8,921,0,0,0,83,83,21.9,5.8,68.2,67.8
30/05/2025 13:21,21.9,16.2,56,954.5,498,954.6,0,21.7,12.8,921,0,0,0,82,82,21.9,5.8,68.2,67.8
30/05/2025 13:21,22,16.2,55.9,954.5,498,954.6,0,21.7,12.8,922,0,0,0,82,82,21.9,5.8,68.3,67.8
30/05/2025 13:22,22,16.2,55.9,954.7,498,954.7,0,21.7,12.8,921,0,0,0,82,83,21.9,5.8,68.3,67.8
30/05/2025 13:22,22,16.2,55.9,954.5,499,954.6,0,21.7,12.8,922,0,0,0,82,83,21.9,5.8,68.3,67.8
30/05/2025 13:23,22,16.2,55.9,954.5,499,954.6,0,21.8,12.8,923,0,0,0,82,83,22,5.8,68.3,67.8
30/05/2025 13:23,22,16.2,55.9,954.5,499,954.6,0,21.8,12.8,923,0,0,0,82,82,22,5.8,68.3,67.8
30/05/2025 13:24,22,16.2,55.9,954.5,499,954.5,0,21.8,12.8,925,0,0,0,83,84,22,5.8,68.3,67.8
30/05/2025 13:24,22,16.2,56,954.5,498,954.6,0,21.8,12.8,924,0,0,0,83,83,22,5.8,68.3,67.8
30/05/2025 13:25,22,16.2,56,954.7,498,954.6,0,21.8,12.8,924,0,0,0,82,83,22,5.8,68.3,67.8
30/05/2025 13:25,22,16.2,56,954.5,499,954.6,0,21.8,12.8,924,0,0,0,82,83,22,5.8,68.3,67.8
30/05/2025 13:26,22,16.2,55.9,954.5,498,954.6,0,21.8,12.8,925,0,0,0,82,83,22,5.8,68.4,67.9
30/05/2025 13:26,22,16.2,55.9,954.5,498,954.6,0,21.8,12.8,925,0,0,0,83,83,22,5.8,68.4,67.9
30/05/2025 13:27,22,16.2,56,954.5,499,954.6,0,21.8,12.8,925,0,0,0,83,83,22,5.8,68.4,67.9
30/05/2025 13:27,22.1,16.2,55.9,954.5,499,954.6,0,21.8,12.8,926,0,0,0,82,83,22,5.9,68.4,67.9
30/05/2025 13:28,22.1,16.2,55.9,954.5,499,954.5,0,21.8,12.8,927,0,0,0,82,83,22,5.9,68.4,67.9
30/05/2025 13:28,22.1,16.2,55.9,954.7,498,954.7,0,21.8,12.8,925,0,0,0,82,83,22,5.9,68.4,67.9
30/05/2025 13:29,22.1,16.2,55.8,954.5,499,954.5,0,21.8,12.8,928,0,0,0,83,83,22,5.9,68.4,67.9
30/05/2025 13:29,22.1,16.2,55.9,954.5,499,954.5,0,21.8,12.9,928,0,0,0,82,82,22,5.9,68.4,67.9
30/05/2025 13:30,22.1,16.2,55.9,954.5,499,954.6,0,21.8,12.9,927,0,0,0,82,82,22,5.9,68.4,67.9
30/05/2025 13:30,22.1,16.2,55.9,954.5,499,954.5,0,21.9,12.9,928,0,0,0,82,82,22.1,5.9,68.5,68
30/05/2025 13:31,22.1,16.2,55.9,954.5,499,954.5,0,21.9,12.9,928,0,0,0,83,83,22.1,5.9,68.5,68
30/05/2025 13:31,22.1,16.2,55.9,954.5,499,954.6,0,21.9,12.9,927,0,0,0,83,84,22.1,5.9,68.5,68
30/05/2025 13:32,22.1,16.2,55.9,954.5,499,954.5,0,21.9,12.9,928,0,0,0,82,83,22.1,5.9,68.5,68
30/05/2025 13:32,22.1,16.2,55.9,954.5,499,954.5,0,21.9,12.9,928,0,0,0,83,84,22.1,5.9,68.5,68
30/05/2025 13:33,22.1,16.2,55.8,954.5,499,954.5,0,21.9,12.9,929,0,0,0,82,82,22.1,5.9,68.5,68
30/05/2025 13:33,22.1,16.2,55.9,954.5,499,954.5,0,21.9,12.9,929,0,0,0,83,83,22.1,5.9,68.5,68
30/05/2025 13:34,22.2,16.3,55.8,954.5,499,954.5,0,21.9,12.9,931,0,0,0,82,82,22.1,5.9,68.5,68
30/05/2025 13:34,22.2,16.3,55.8,954.5,499,954.5,0,21.9,12.9,931,0,0,0,82,82,22.1,5.9,68.5,68
30/05/2025 13:35,22.2,16.3,55.9,954.5,499,954.5,0,21.9,12.9,931,0,0,0,82,83,22.1,5.9,68.5,68
30/05/2025 13:35,22.2,16.3,55.9,954.4,499,954.4,0,21.9,12.9,931,0,0,0,83,83,22.1,5.9,68.5,68
30/05/2025 13:36,22.2,16.3,55.8,954.5,499,954.5,0,21.9,12.9,931,0,0,0,83,83,22.1,5.9,68.5,68
30/05/2025 13:36,22.2,16.3,55.9,954.5,499,954.5,0,21.9,13,931,0,0,0,82,82,22.1,5.9,68.5,68
30/05/2025 13:37,22.2,16.3,55.9,954.5,499,954.5,0,21.9,12.9,931,0,0,0,82,83,22.1,5.9,68.5,68
30/05/2025 13:37,22.2,16.3,55.8,954.5,499,954.5,0,22,12.9,931,0,0,0,82,83,22.2,5.9,68.6,68.1
30/05/2025 13:38,22.2,16.3,55.8,954.5,499,954.5,0,22,13,931,0,0,0,82,83,22.2,5.9,68.6,68.1
30/05/2025 13:38,22.2,16.3,55.9,954.4,499,954.4,0,22,13,933,0,0,0,82,83,22.2,5.9,68.6,68.1
30/05/2025 13:39,22.2,16.3,55.9,954.5,499,954.5,0,22,13,931,0,0,0,83,83,22.2,5.9,68.6,68.1
30/05/2025 13:39,22.2,16.3,55.8,954.4,499,954.4,0,22,13,934,0,0,0,82,82,22.2,5.9,68.6,68.1
30/05/2025 13:40,22.2,16.3,55.8,954.5,499,954.5,0,22,13,933,0,0,0,82,83,22.2,5.9,68.6,68.1
30/05/2025 13:40,22.2,16.3,55.8,954.7,498,954.6,0,22,13,931,0,0,0,83,83,22.2,5.9,68.6,68.1
30/05/2025 13:41,22.2,16.4,55.8,954.5,499,954.5,0,22,13,934,0,0,0,82,83,22.2,5.8,68.6,68.1
30/05/2025 13:41,22.2,16.3,55.8,954.5,499,954.5,0,22,13,933,0,0,0,82,82,22.2,5.9,68.6,68.1
30/05/2025 13:42,22.2,16.4,55.8,954.4,499,954.4,0,22,13,935,0,0,0,82,83,22.2,5.8,68.6,68.1
30/05/2025 13:42,22.2,16.4,55.8,954.5,499,954.5,0,22,13,934,0,0,0,82,83,22.2,5.8,68.6,68.1
30/05/2025 13:43,22.2,16.4,55.8,954.5,499,954.5,0,22,13,934,0,0,0,82,82,22.2,5.8,68.6,68.1
30/05/2025 13:43,22.3,16.4,55.8,954.5,499,954.5,0,22,13,935,0,0,0,82,82,22.2,5.9,68.7,68.2
30/05/2025 13:44,22.3,16.4,55.8,954.5,499,954.5,0,22,13,935,0,0,0,82,83,22.2,5.9,68.7,68.2
30/05/2025 13:44,22.3,16.4,55.8,954.5,499,954.5,0,22,13,935,0,0,0,82,82,22.2,5.9,68.7,68.2
30/05/2025 13:45,22.3,16.4,55.7,954.5,499,954.5,0,22,13,935,0,0,0,82,82,22.3,5.9,68.7,68.2
30/05/2025 13:45,22.3,16.4,55.8,954.5,499,954.5,0,22,13,935,0,0,0,82,83,22.3,5.9,68.7,68.2
30/05/2025 13:46,22.3,16.4,55.8,954.5,499,954.5,0,22,13,935,0,0,0,82,82,22.3,5.9,68.7,68.2
30/05/2025 13:46,22.3,16.4,55.8,954.5,499,954.6,0,22,13.1,935,0,0,0,82,82,22.3,5.9,68.7,68.2
30/05/2025 13:47,22.3,16.4,55.8,954.5,499,954.5,0,22.1,13.1,936,0,0,0,82,83,22.3,5.9,68.7,68.2
30/05/2025 13:47,22.3,16.4,55.7,954.5,499,954.5,0,22.1,13.1,936,0,0,0,82,83,22.3,5.9,68.7,68.2
30/05/2025 13:48,22.3,16.4,55.8,954.5,499,954.6,0,22.1,13.1,935,0,0,0,83,83,22.3,5.9,68.7,68.2
30/05/2025 13:48,22.3,16.4,55.7,954.5,499,954.5,0,22.1,13.1,937,0,0,0,81,82,22.3,5.9,68.8,68.2
30/05/2025 13:49,22.3,16.4,55.8,954.4,499,954.4,0,22.1,13.1,938,0,0,0,82,83,22.3,5.9,68.8,68.2
30/05/2025 13:49,22.3,16.4,55.8,954.4,499,954.4,0,22.1,13.1,938,0,0,0,82,82,22.3,5.9,68.8,68.2
30/05/2025 13:50,22.3,16.4,55.8,954.4,499,954.4,0,22.1,13.1,938,0,0,0,81,82,22.3,5.9,68.8,68.2
30/05/2025 13:50,22.4,16.4,55.8,954.4,499,954.4,0,22.1,13.1,938,0,0,0,81,82,22.3,6,68.8,68.3
30/05/2025 13:51,22.4,16.4,55.8,954.4,499,954.4,0,22.1,13.1,938,0,0,0,82,83,22.3,6,68.8,68.3
30/05/2025 13:51,22.4,16.4,55.8,954.5,499,954.5,0,22.1,13.1,938,0,0,0,82,83,22.3,6,68.8,68.3
30/05/2025 13:52,22.4,16.4,55.7,954.4,499,954.4,0,22.1,13.1,940,0,0,0,83,83,22.3,6,68.8,68.3
30/05/2025 13:52,22.4,16.4,55.8,954.2,500,954.3,0,22.1,13.1,941,0,0,0,81,82,22.3,6,68.8,68.3
30/05/2025 13:53,22.4,16.4,55.8,954.4,500,954.4,0,22.1,13.1,940,0,0,0,81,82,22.3,6,68.8,68.3
30/05/2025 13:53,22.4,16.4,55.8,954.4,500,954.4,0,22.1,13.1,940,0,0,0,83,83,22.3,6,68.8,68.3
30/05/2025 13:54,22.4,16.4,55.7,954.4,500,954.4,0,22.2,13.1,941,0,0,0,81,81,22.4,6,68.8,68.3
30/05/2025 13:54,22.4,16.5,55.8,954.2,500,954.3,0,22.2,13.1,942,0,0,0,82,83,22.4,5.9,68.8,68.3
30/05/2025 13:55,22.4,16.5,55.7,954.2,500,954.3,0,22.2,13.1,942,0,0,0,81,82,22.4,5.9,68.9,68.4
30/05/2025 13:55,22.4,16.5,55.7,954.2,501,954.3,0,22.2,13.1,942,0,0,0,82,83,22.4,5.9,68.9,68.4
30/05/2025 13:56,22.4,16.5,55.7,954.2,501,954.2,0,22.2,13.2,944,0,0,0,83,83,22.4,5.9,68.9,68.4
30/05/2025 13:56,22.4,16.5,55.8,954.2,500,954.3,0,22.2,13.2,942,0,0,0,82,82,22.4,5.9,68.9,68.4
30/05/2025 13:57,22.4,16.5,55.7,954.2,500,954.3,0,22.2,13.2,944,0,0,0,82,83,22.4,6,68.9,68.4
30/05/2025 13:57,22.4,16.5,55.7,954.2,501,954.2,0,22.2,13.2,945,0,0,0,82,82,22.4,6,68.9,68.4
30/05/2025 13:58,22.4,16.5,55.7,954.4,500,954.4,0,22.2,13.2,942,0,0,0,83,83,22.4,6,68.9,68.4
30/05/2025 13:58,22.5,16.5,55.7,954.2,500,954.3,0,22.2,13.2,945,0,0,0,82,83,22.4,6,68.9,68.4
30/05/2025 13:59,22.5,16.5,55.7,954.2,501,954.3,0,22.2,13.2,945,0,0,0,82,83,22.4,6,68.9,68.4
30/05/2025 13:59,22.5,16.5,55.7,954.2,500,954.3,0,22.2,13.2,945,0,0,0,83,84,22.4,6,68.9,68.4
30/05/2025 14:00,22.5,16.5,55.7,954.2,500,954.3,0,22.2,13.2,945,0,0,0,82,83,22.4,6,68.9,68.4
30/05/2025 14:00,22.5,16.5,55.8,954.2,501,954.3,0,22.2,13.2,945,0,0,0,82,82,22.4,6,68.9,68.4
30/05/2025 14:01,22.5,16.5,55.7,954.4,500,954.4,0,22.3,13.2,945,0,0,0,82,82,22.5,6,69,68.5
30/05/2025 14:01,22.5,16.5,55.7,954.2,500,954.3,0,22.3,13.2,945,0,0,0,83,83,22.5,6,69,68.5
30/05/2025 14:02,22.5,16.5,55.7,954.2,500,954.3,0,22.3,13.2,946,0,0,0,82,83,22.5,6,69,68.5
30/05/2025 14:02,22.5,16.5,55.8,954.2,501,954.2,0,22.3,13.2,947,0,0,0,83,83,22.5,6,69,68.5
30/05/2025 14:03,22.5,16.5,55.8,954.2,501,954.3,0,22.3,13.2,946,0,0,0,83,83,22.5,6,69,68.5
30/05/2025 14:03,22.5,16.5,55.8,954.2,500,954.3,0,22.3,13.2,946,0,0,0,83,84,22.5,6,69,68.5
30/05/2025 14:04,22.5,16.5,55.7,954.2,501,954.2,0,22.3,13.2,948,0,0,0,83,83,22.5,6,69,68.5
30/05/2025 14:04,22.5,16.6,55.7,954.2,500,954.3,0,22.3,13.2,947,0,0,0,81,82,22.5,5.9,69,68.5
30/05/2025 14:05,22.5,16.6,55.7,954.2,501,954.2,0,22.3,13.3,948,0,0,0,82,83,22.5,5.9,69,68.5
30/05/2025 14:05,22.5,16.6,55.7,954.2,501,954.2,0,22.3,13.3,948,0,0,0,83,83,22.5,5.9,69,68.5
30/05/2025 14:06,22.6,16.6,55.7,954.2,501,954.3,0,22.3,13.3,948,0,0,0,82,83,22.5,6,69,68.5
30/05/2025 14:06,22.6,16.6,55.7,954.2,501,954.2,0,22.3,13.3,949,0,0,0,82,83,22.5,6,69,68.5
30/05/2025 14:07,22.6,16.6,55.7,954.2,501,954.2,0,22.3,13.3,949,0,0,0,83,83,22.5,6,69,68.5
30/05/2025 14:07,22.6,16.6,55.7,954.2,501,954.2,0,22.3,13.3,949,0,0,0,82,82,22.5,6,69.1,68.6
30/05/2025 14:08,22.6,16.6,55.7,954.2,502,954.2,0,22.3,13.3,949,0,0,0,83,83,22.5,6,69.1,68.6
30/05/2025 14:08,22.6,16.6,55.7,954.2,501,954.2,0,22.3,13.3,949,0,0,0,82,82,22.5,6,69.1,68.6
30/05/2025 14:09,22.6,16.6,55.7,954.2,502,954.2,0,22.4,13.3,950,0,0,0,83,84,22.6,6,69.1,68.6
30/05/2025 14:09,22.6,16.6,55.7,954.2,502,954.1,0,22.4,13.3,952,0,0,0,83,83,22.6,6,69.1,68.6
30/05/2025 14:10,22.6,16.6,55.8,954.2,502,954.2,0,22.4,13.3,950,0,0,0,82,83,22.6,6,69.1,68.6
30/05/2025 14:10,22.6,16.6,55.8,954,502,954.1,0,22.4,13.3,952,0,0,0,83,83,22.6,6,69.1,68.6
30/05/2025 14:11,22.6,16.6,55.7,954,503,954.1,0,22.4,13.3,952,0,0,0,83,83,22.6,6,69.1,68.6
30/05/2025 14:11,22.6,16.6,55.7,954,503,954.1,0,22.4,13.3,952,0,0,0,83,83,22.6,6,69.1,68.6
30/05/2025 14:12,22.6,16.6,55.7,954,503,954.1,0,22.4,13.3,952,0,0,0,83,83,22.6,6,69.1,68.6
30/05/2025 14:12,22.6,16.7,55.8,954.2,501,954.2,0,22.4,13.3,952,0,0,0,82,82,22.6,5.9,69.2,68.6
30/05/2025 14:13,22.6,16.7,55.7,954.2,502,954.2,0,22.4,13.3,952,0,0,0,83,83,22.6,5.9,69.2,68.7
30/05/2025 14:13,22.6,16.7,55.7,954,502,954.1,0,22.4,13.3,953,0,0,0,83,83,22.6,5.9,69.2,68.7
30/05/2025 14:14,22.6,16.7,55.8,954.2,502,954.1,0,22.4,13.3,953,0,0,0,82,83,22.6,5.9,69.2,68.7
30/05/2025 14:14,22.6,16.7,55.8,954,502,954.1,0,22.4,13.3,953,0,0,0,82,83,22.6,5.9,69.2,68.7
30/05/2025 14:15,22.7,16.7,55.6,954,502,954.1,0,22.4,13.3,954,0,0,0,83,83,22.6,6,69.2,68.7
30/05/2025 14:15,22.7,16.7,55.6,954,502,954.1,0,22.4,13.3,954,0,0,0,82,83,22.6,6,69.2,68.7
30/05/2025 14:16,22.7,16.7,55.6,954,503,954.1,0,22.4,13.3,954,0,0,0,82,83,22.6,6,69.2,68.7
30/05/2025 14:16,22.7,16.7,55.6,954,503,954.1,0,22.4,13.3,954,0,0,0,84,85,22.6,6,69.2,68.7
30/05/2025 14:17,22.7,16.7,55.5,954,503,954.1,0,22.5,13.3,956,0,0,0,84,84,22.7,6,69.2,68.7
30/05/2025 14:17,22.7,16.7,55.5,954,503,954.1,0,22.5,13.3,956,0,0,0,84,85,22.7,6,69.2,68.7
30/05/2025 14:18,22.7,16.7,55.5,954,503,954.1,0,22.5,13.3,956,0,0,0,84,84,22.7,6,69.2,68.7
30/05/2025 14:18,22.7,16.7,55.5,954,502,954.1,0,22.5,13.3,956,0,0,0,84,84,22.7,6,69.2,68.7
30/05/2025 14:19,22.7,16.7,55.5,954,503,954,0,22.5,13.3,956,0,0,0,83,84,22.7,6,69.2,68.7
30/05/2025 14:19,22.7,16.7,55.4,954,503,954.1,0,22.5,13.3,955,0,0,0,84,84,22.7,6,69.2,68.7
30/05/2025 14:20,22.7,16.7,55.5,954,503,954,0,22.5,13.3,956,0,0,0,83,84,22.7,6,69.2,68.7
30/05/2025 14:20,22.7,16.7,55.5,954,503,954,0,22.5,13.3,957,0,0,0,83,83,22.7,6,69.2,68.7
30/05/2025 14:21,22.7,16.7,55.5,953.9,504,953.9,0,22.5,13.4,958,0,0,0,84,85,22.7,6,69.2,68.7
30/05/2025 14:21,22.7,16.7,55.5,954,504,954,0,22.5,13.4,957,0,0,0,84,85,22.7,6,69.2,68.7
30/05/2025 14:22,22.7,16.7,55.5,954,504,954,0,22.5,13.4,957,0,0,0,84,85,22.7,6,69.2,68.7
30/05/2025 14:22,22.7,16.7,55.5,954,504,954,0,22.5,13.3,957,0,0,0,84,84,22.7,6,69.2,68.7
30/05/2025 14:23,22.7,16.7,55.5,953.9,504,953.9,0,22.5,13.4,958,0,0,0,83,83,22.7,6,69.2,68.7
30/05/2025 14:23,22.7,16.7,55.5,953.9,504,953.9,0,22.5,13.4,958,0,0,0,85,85,22.7,6,69.2,68.7
30/05/2025 14:24,22.7,16.7,55.5,953.9,504,953.9,0,22.5,13.3,957,0,0,0,84,84,22.7,6,69.2,68.7
30/05/2025 14:24,22.7,16.7,55.5,953.9,504,953.9,0,22.5,13.4,958,0,0,0,84,84,22.7,6,69.3,68.8
30/05/2025 14:25,22.7,16.7,55.4,953.7,504,953.8,0,22.5,13.3,958,0,0,0,84,84,22.7,6,69.3,68.7
30/05/2025 14:25,22.7,16.7,55.5,953.9,504,953.9,0,22.5,13.3,957,0,0,0,84,84,22.7,6,69.2,68.7
30/05/2025 14:26,22.7,16.7,55.4,953.9,504,953.9,0,22.5,13.3,958,0,0,0,84,84,22.7,6,69.3,68.7
30/05/2025 14:26,22.7,16.7,55.4,953.9,504,953.9,0,22.5,13.3,957,0,0,0,83,84,22.7,6,69.2,68.7
30/05/2025 14:27,22.7,16.7,55.4,953.9,504,953.9,0,22.5,13.3,958,0,0,0,84,84,22.7,6,69.3,68.7
30/05/2025 14:27,22.7,16.7,55.4,953.7,506,953.8,0,22.5,13.3,958,0,0,0,84,84,22.7,6,69.2,68.7
30/05/2025 14:28,22.7,16.7,55.4,953.7,504,953.8,0,22.5,13.3,958,0,0,0,84,84,22.7,6,69.3,68.7
30/05/2025 14:28,22.7,16.7,55.4,953.9,504,953.9,0,22.5,13.3,957,0,0,0,84,84,22.7,6,69.2,68.7
30/05/2025 14:29,22.7,16.7,55.4,953.7,506,953.8,0,22.5,13.3,958,0,0,0,84,84,22.7,6,69.3,68.7
30/05/2025 14:29,22.7,16.7,55.3,953.7,506,953.8,0,22.5,13.3,958,0,0,0,83,84,22.7,6,69.3,68.7
30/05/2025 14:30,22.7,16.7,55.3,953.7,506,953.7,0,22.5,13.3,960,0,0,0,83,84,22.7,6,69.3,68.7
30/05/2025 14:30,22.7,16.7,55.4,953.7,506,953.7,0,22.5,13.3,960,0,0,0,84,84,22.7,6,69.2,68.7
30/05/2025 14:31,22.7,16.7,55.3,953.7,506,953.7,0,22.5,13.3,960,0,0,0,84,85,22.7,6,69.3,68.7
30/05/2025 14:31,22.7,16.7,55.4,953.7,506,953.7,0,22.5,13.3,960,0,0,0,84,85,22.7,6,69.2,68.7
30/05/2025 14:32,22.7,16.7,55.3,953.7,506,953.8,0,22.5,13.3,958,0,0,0,84,85,22.7,6,69.3,68.7
30/05/2025 14:32,22.7,16.7,55.3,953.7,506,953.7,0,22.5,13.3,960,0,0,0,85,85,22.7,6,69.3,68.7
30/05/2025 14:33,22.7,16.7,55.3,953.7,506,953.7,0,22.5,13.3,960,0,0,0,83,84,22.7,6,69.3,68.7
30/05/2025 14:33,22.7,16.7,55.3,953.5,506,953.6,0,22.5,13.3,961,0,0,0,84,84,22.7,6,69.3,68.7
30/05/2025 14:34,22.7,16.7,55.3,953.7,506,953.7,0,22.5,13.3,960,0,0,0,84,85,22.7,6,69.3,68.7
30/05/2025 14:34,22.7,16.7,55.3,953.7,506,953.7,0,22.5,13.3,960,0,0,0,84,84,22.7,6,69.3,68.7
30/05/2025 14:35,22.7,16.7,55.3,953.7,506,953.7,0,22.5,13.3,960,0,0,0,84,84,22.7,6,69.3,68.7
30/05/2025 14:35,22.7,16.7,55.4,953.5,507,953.6,0,22.5,13.3,961,0,0,0,83,84,22.7,6,69.3,68.7
30/05/2025 14:36,22.7,16.7,55.4,953.7,506,953.7,0,22.5,13.3,960,0,0,0,84,85,22.7,6,69.3,68.7
30/05/2025 14:36,22.7,16.7,55.4,953.7,506,953.7,0,22.5,13.3,960,0,0,0,85,85,22.7,6,69.3,68.7
30/05/2025 14:37,22.7,16.7,55.4,953.7,506,953.7,0,22.5,13.3,960,0,0,0,84,85,22.7,6,69.3,68.7
30/05/2025 14:37,22.8,16.7,55.3,953.7,506,953.7,0,22.5,13.3,961,0,0,0,83,84,22.7,6.1,69.3,68.8
30/05/2025 14:38,22.8,16.7,55.3,953.5,506,953.6,0,22.5,13.3,962,0,0,0,84,85,22.7,6.1,69.3,68.8
30/05/2025 14:38,22.8,16.7,55.3,953.7,506,953.7,0,22.5,13.3,961,0,0,0,84,84,22.7,6.1,69.3,68.8
30/05/2025 14:39,22.8,16.7,55.3,953.5,506,953.6,0,22.5,13.3,962,0,0,0,84,84,22.7,6.1,69.3,68.8
30/05/2025 14:39,22.8,16.8,55.3,953.7,506,953.7,0,22.5,13.3,961,0,0,0,84,85,22.7,6,69.3,68.8
30/05/2025 14:40,22.8,16.8,55.3,953.5,507,953.6,0,22.5,13.3,962,0,0,0,84,85,22.7,6,69.3,68.8
30/05/2025 14:40,22.8,16.8,55.3,953.5,506,953.6,0,22.5,13.3,962,0,0,0,84,84,22.7,6,69.3,68.8
30/05/2025 14:41,22.8,16.8,55.3,953.5,506,953.6,0,22.5,13.3,962,0,0,0,83,84,22.7,6,69.3,68.8
30/05/2025 14:41,22.8,16.8,55.3,953.5,506,953.6,0,22.5,13.3,962,0,0,0,84,84,22.7,6,69.3,68.8
30/05/2025 14:42,22.8,16.8,55.4,953.7,506,953.7,0,22.5,13.4,961,0,0,0,84,84,22.7,6,69.3,68.8
30/05/2025 14:42,22.8,16.8,55.3,953.7,506,953.7,0,22.5,13.4,962,0,0,0,83,84,22.7,6,69.3,68.8
30/05/2025 14:43,22.8,16.8,55.3,953.5,507,953.6,0,22.5,13.4,962,0,0,0,84,84,22.7,6,69.3,68.8
30/05/2025 14:43,22.8,16.8,55.3,953.5,506,953.6,0,22.5,13.4,962,0,0,0,83,83,22.7,6,69.3,68.8
30/05/2025 14:44,22.8,16.8,55.3,953.5,506,953.6,0,22.5,13.4,962,0,0,0,84,85,22.7,6,69.3,68.8
30/05/2025 14:44,22.8,16.8,55.4,953.5,507,953.6,0,22.5,13.4,962,0,0,0,84,85,22.7,6,69.3,68.8
30/05/2025 14:45,22.8,16.8,55.3,953.5,507,953.5,0,22.6,13.4,964,0,0,0,84,84,22.8,6,69.3,68.8
30/05/2025 14:45,22.8,16.8,55.3,953.5,507,953.6,0,22.6,13.4,963,0,0,0,84,85,22.8,6,69.3,68.8
30/05/2025 14:46,22.8,16.8,55.3,953.5,507,953.5,0,22.6,13.4,964,0,0,0,84,85,22.8,6,69.3,68.8
30/05/2025 14:46,22.8,16.8,55.3,953.5,507,953.5,0,22.6,13.4,964,0,0,0,84,84,22.8,6,69.3,68.8
30/05/2025 14:47,22.8,16.8,55.3,953.5,507,953.6,0,22.6,13.4,963,0,0,0,83,84,22.8,6,69.3,68.8
30/05/2025 14:47,22.8,16.8,55.3,953.5,508,953.5,0,22.6,13.4,966,0,0,0,83,84,22.8,6,69.4,68.8
30/05/2025 14:48,22.8,16.8,55.3,953.7,506,953.7,0,22.6,13.4,963,0,0,0,85,86,22.8,6,69.4,68.8
30/05/2025 14:48,22.8,16.8,55.3,953.5,507,953.6,0,22.6,13.4,964,0,0,0,84,85,22.8,6,69.4,68.8
30/05/2025 14:49,22.8,16.8,55.4,953.5,507,953.5,0,22.6,13.4,966,0,0,0,84,84,22.8,6,69.4,68.9
30/05/2025 14:49,22.8,16.8,55.4,953.5,507,953.5,0,22.6,13.4,966,0,0,0,84,85,22.8,6,69.4,68.9
30/05/2025 14:50,22.8,16.8,55.4,953.5,507,953.5,0,22.6,13.4,966,0,0,0,84,84,22.8,6,69.4,68.9
30/05/2025 14:50,22.9,16.8,55.3,953.5,507,953.5,0,22.6,13.4,966,0,0,0,84,84,22.8,6,69.4,68.9
30/05/2025 14:51,22.9,16.8,55.3,953.5,508,953.5,0,22.6,13.4,966,0,0,0,84,84,22.8,6,69.4,68.9
30/05/2025 14:51,22.9,16.8,55.3,953.5,507,953.5,0,22.6,13.4,966,0,0,0,84,85,22.8,6,69.4,68.9
30/05/2025 14:52,22.9,16.8,55.4,953.5,508,953.5,0,22.6,13.4,966,0,0,0,84,85,22.8,6,69.4,68.9
30/05/2025 14:52,22.9,16.8,55.3,953.5,507,953.5,0,22.6,13.4,967,0,0,0,84,84,22.8,6.1,69.4,68.9
30/05/2025 14:53,22.9,16.8,55.3,953.5,507,953.5,0,22.6,13.4,967,0,0,0,84,85,22.8,6.1,69.4,68.9
30/05/2025 14:53,22.9,16.8,55.4,953.4,508,953.4,0,22.6,13.5,968,0,0,0,84,85,22.8,6.1,69.4,68.9
30/05/2025 14:54,22.9,16.8,55.4,953.4,508,953.4,0,22.6,13.5,968,0,0,0,84,84,22.8,6.1,69.4,68.9
30/05/2025 14:54,22.9,16.8,55.4,953.4,509,953.4,0,22.6,13.5,968,0,0,0,83,84,22.8,6.1,69.4,68.9
30/05/2025 14:55,22.9,16.8,55.3,953.4,508,953.4,0,22.6,13.5,969,0,0,0,83,84,22.8,6.1,69.5,68.9
30/05/2025 14:55,22.9,16.8,55.3,953.5,508,953.5,0,22.6,13.5,968,0,0,0,83,84,22.8,6.1,69.5,68.9
30/05/2025 14:56,22.9,16.8,55.4,953.4,508,953.4,0,22.6,13.5,969,0,0,0,83,84,22.8,6.1,69.5,68.9
30/05/2025 14:56,22.9,16.8,55.4,953.4,508,953.4,0,22.6,13.5,969,0,0,0,84,84,22.8,6.1,69.5,68.9
30/05/2025 14:57,22.9,16.8,55.4,953.2,509,953.3,0,22.6,13.5,970,0,0,0,85,85,22.8,6.1,69.5,68.9
30/05/2025 14:57,22.9,16.8,55.4,953.5,508,953.5,0,22.6,13.5,968,0,0,0,85,85,22.8,6.1,69.5,68.9
30/05/2025 14:58,22.9,16.8,55.4,953.4,509,953.4,0,22.6,13.5,969,0,0,0,85,85,22.8,6.1,69.5,68.9
30/05/2025 14:58,22.9,16.8,55.3,953.4,509,953.4,0,22.7,13.5,970,0,0,0,85,85,22.9,6.1,69.5,69
30/05/2025 14:59,22.9,16.8,55.3,953.4,509,953.4,0,22.7,13.5,970,0,0,0,84,85,22.9,6.1,69.5,69
30/05/2025 14:59,22.9,16.8,55.3,953.4,508,953.4,0,22.7,13.5,970,0,0,0,84,84,22.9,6.1,69.5,69
30/05/2025 15:00,22.9,16.8,55.3,953.2,509,953.4,0,22.7,13.5,970,0,0,0,84,84,22.9,6.1,69.5,69
30/05/2025 15:00,22.9,16.8,55.3,953.2,510,953.3,0,22.7,13.5,971,0,0,0,84,84,22.9,6.1,69.5,69
30/05/2025 15:01,22.9,16.8,55.3,953.2,509,953.3,0,22.7,13.5,971,0,0,0,83,84,22.9,6.1,69.5,69
30/05/2025 15:01,22.9,16.8,55.3,953.2,509,953.3,0,22.7,13.5,971,0,0,0,84,84,22.9,6.1,69.5,69
30/05/2025 15:02,22.9,16.8,55.2,953.4,508,953.4,0,22.7,13.5,970,0,0,0,84,84,22.9,6.1,69.5,69
30/05/2025 15:02,22.9,16.8,55.2,953.2,509,953.3,0,22.7,13.5,971,0,0,0,84,84,22.9,6.1,69.5,69
30/05/2025 15:03,22.9,16.8,55.2,953.4,509,953.4,0,22.7,13.5,970,0,0,0,84,84,22.9,6.1,69.5,69
30/05/2025 15:03,22.9,16.8,55.3,953.4,509,953.4,0,22.6,13.5,969,0,0,0,85,85,22.8,6.1,69.5,68.9
30/05/2025 15:04,22.9,16.8,55.2,953.4,508,953.4,0,22.7,13.4,970,0,0,0,84,84,22.9,6.1,69.5,69
30/05/2025 15:04,22.9,16.8,55.2,953.5,508,953.5,0,22.7,13.4,969,0,0,0,84,85,22.9,6.1,69.5,69
30/05/2025 15:05,22.9,16.8,55.3,953.2,509,953.3,0,22.6,13.4,970,0,0,0,84,85,22.8,6.1,69.5,68.9
30/05/2025 15:05,22.9,16.8,55.3,953.5,508,953.5,0,22.6,13.4,968,0,0,0,83,84,22.8,6.1,69.5,68.9
30/05/2025 15:06,22.9,16.8,55.3,953.4,509,953.4,0,22.6,13.4,969,0,0,0,84,84,22.8,6.1,69.5,68.9
30/05/2025 15:06,22.9,16.8,55.3,953.4,509,953.4,0,22.6,13.4,969,0,0,0,83,84,22.8,6.1,69.5,68.9
30/05/2025 15:07,22.9,16.8,55.1,953.4,509,953.4,0,22.7,13.4,970,0,0,0,84,84,22.9,6.1,69.5,69
30/05/2025 15:07,22.9,16.8,55.2,953.5,508,953.5,0,22.6,13.4,968,0,0,0,83,84,22.8,6.1,69.5,68.9
30/05/2025 15:08,22.9,16.8,55.2,953.5,508,953.5,0,22.6,13.4,968,0,0,0,84,84,22.8,6.1,69.5,68.9
30/05/2025 15:08,22.9,16.8,55.2,953.4,509,953.4,0,22.6,13.4,969,0,0,0,84,84,22.8,6.1,69.5,68.9
30/05/2025 15:09,22.9,16.8,55.2,953.4,509,953.4,0,22.6,13.4,969,0,0,0,84,84,22.8,6.1,69.5,68.9
30/05/2025 15:09,22.9,16.8,55.3,953.2,509,953.3,0,22.6,13.4,970,0,0,0,83,84,22.8,6.1,69.5,68.9
30/05/2025 15:10,22.9,16.8,55.2,953.4,508,953.4,0,22.6,13.4,969,0,0,0,84,84,22.8,6.1,69.5,68.9
30/05/2025 15:10,22.9,16.8,55.1,953.2,509,953.3,0,22.7,13.4,971,0,0,0,83,84,22.9,6.1,69.5,69
30/05/2025 15:11,22.9,16.8,55.1,953.2,510,953.3,0,22.7,13.4,971,0,0,0,85,85,22.9,6.1,69.5,69
30/05/2025 15:11,22.9,16.8,55.1,953.2,509,953.4,0,22.7,13.4,970,0,0,0,83,84,22.9,6.1,69.5,69
30/05/2025 15:12,22.9,16.8,55.1,953.2,510,953.3,0,22.7,13.4,971,0,0,0,84,84,22.9,6.1,69.5,69
30/05/2025 15:12,22.9,16.8,55.1,953.2,509,953.3,0,22.7,13.4,971,0,0,0,83,84,22.9,6.1,69.5,69
30/05/2025 15:13,22.9,16.8,55.1,953.2,509,953.3,0,22.7,13.4,971,0,0,0,84,84,22.9,6.1,69.5,69
30/05/2025 15:13,22.9,16.8,55.2,953.2,510,953.2,0,22.7,13.4,972,0,0,0,85,85,22.9,6.1,69.5,69
30/05/2025 15:14,22.9,16.8,55.2,953.2,509,953.3,0,22.7,13.4,971,0,0,0,84,84,22.9,6.1,69.5,69
30/05/2025 15:14,22.9,16.8,55.1,953.2,510,953.2,0,22.7,13.4,972,0,0,0,83,84,22.9,6.1,69.5,69
30/05/2025 15:15,22.9,16.8,55.2,953.2,509,953.3,0,22.7,13.4,971,0,0,0,83,84,22.9,6.1,69.5,69
30/05/2025 15:15,22.9,16.8,55.2,953.2,510,953.2,0,22.7,13.4,972,0,0,0,83,84,22.9,6.1,69.5,69
30/05/2025 15:16,22.9,16.8,55.2,953.2,510,953.3,0,22.7,13.5,971,0,0,0,84,85,22.9,6.1,69.5,69
30/05/2025 15:16,22.9,16.8,55.2,953.2,510,953.2,0,22.7,13.5,972,0,0,0,84,85,22.9,6.1,69.5,69
30/05/2025 15:17,22.9,16.8,55.1,953.2,510,953.3,0,22.7,13.5,972,0,0,0,84,84,22.9,6.1,69.5,69
30/05/2025 15:17,22.9,16.8,55.1,953.2,511,953.2,0,22.7,13.5,973,0,0,0,83,84,22.9,6.1,69.5,69
30/05/2025 15:18,22.9,16.8,55.1,953,511,953.1,0,22.7,13.5,974,0,0,0,82,83,22.9,6.1,69.5,69
30/05/2025 15:18,22.9,16.8,55.2,953.2,509,953.3,0,22.7,13.5,972,0,0,0,83,84,22.9,6.1,69.5,69
30/05/2025 15:19,22.9,16.8,55.2,953.2,510,953.2,0,22.7,13.5,973,0,0,0,83,84,22.9,6.1,69.5,69
30/05/2025 15:19,22.9,16.8,55.3,953.2,511,953.2,0,22.7,13.5,973,0,0,0,83,84,22.9,6.1,69.5,69
30/05/2025 15:20,22.9,16.8,55.3,953.2,511,953.2,0,22.7,13.5,973,0,0,0,84,85,22.9,6.1,69.5,69
30/05/2025 15:20,23,16.9,55.2,953.2,511,953.2,0,22.7,13.5,974,0,0,0,84,84,22.9,6.1,69.5,69
30/05/2025 15:21,23,16.9,55.2,953.2,511,953.2,0,22.7,13.5,974,0,0,0,84,85,22.9,6.1,69.5,69
30/05/2025 15:21,23,16.9,55.2,953.2,511,953.2,0,22.7,13.5,974,0,0,0,84,84,22.9,6.1,69.5,69
30/05/2025 15:22,23,16.9,55.3,953,511,953.1,0,22.7,13.5,975,0,0,0,84,84,22.9,6.1,69.6,69
30/05/2025 15:22,23,16.9,55.3,953.2,510,953.2,0,22.7,13.5,974,0,0,0,84,84,22.9,6.1,69.6,69
30/05/2025 15:23,23,16.9,55.2,953.2,511,953.2,0,22.7,13.5,975,0,0,0,83,84,22.9,6.1,69.6,69
30/05/2025 15:23,23,16.9,55.2,953,512,953.1,0,22.7,13.5,976,0,0,0,84,84,22.9,6.1,69.6,69
30/05/2025 15:24,23,16.9,55.2,953.2,511,953.2,0,22.7,13.5,975,0,0,0,84,84,22.9,6.1,69.6,69
30/05/2025 15:24,23,16.9,55.3,953.2,511,953.2,0,22.7,13.5,975,0,0,0,82,83,22.9,6.1,69.6,69
30/05/2025 15:25,23,16.9,55.2,953.2,511,953.2,0,22.8,13.6,976,0,0,0,83,84,23,6.1,69.6,69.1
30/05/2025 15:25,23,16.9,55.2,953,511,953.1,0,22.8,13.6,976,0,0,0,83,83,23,6.1,69.6,69.1
30/05/2025 15:26,23,16.9,55.2,953,512,953.1,0,22.8,13.6,976,0,0,0,83,84,23,6.1,69.6,69.1
30/05/2025 15:26,23,16.9,55.2,953,511,953.1,0,22.8,13.6,976,0,0,0,85,86,23,6.1,69.6,69.1
30/05/2025 15:27,23,16.9,55.2,953,511,953.1,0,22.8,13.6,976,0,0,0,83,84,23,6.1,69.6,69.1
30/05/2025 15:27,23,16.9,55.2,953,512,953,0,22.8,13.6,977,0,0,0,84,84,23,6.1,69.6,69.1
30/05/2025 15:28,23,16.9,55.2,953,512,953.1,0,22.8,13.6,976,0,0,0,83,84,23,6.1,69.6,69.1
30/05/2025 15:28,23,16.9,55.3,953,512,953,0,22.8,13.6,977,0,0,0,84,85,23,6.1,69.6,69.1
30/05/2025 15:29,23,16.9,55.2,953,512,953.1,0,22.8,13.6,977,0,0,0,84,84,23,6.1,69.6,69.1
30/05/2025 15:29,23,16.9,55.3,953,512,953,0,22.8,13.6,978,0,0,0,83,84,23,6.1,69.6,69.1
30/05/2025 15:30,23,16.9,55.3,953,511,953.1,0,22.8,13.6,977,0,0,0,84,84,23,6.1,69.6,69.1
30/05/2025 15:30,23,16.9,55.3,953,512,953,0,22.8,13.6,978,0,0,0,84,85,23,6.1,69.6,69.1
30/05/2025 15:31,23,16.9,55.2,953,512,953,0,22.8,13.6,979,0,0,0,84,84,23,6.1,69.7,69.1
30/05/2025 15:31,23,16.9,55.2,953,512,953,0,22.8,13.6,979,0,0,0,83,83,23,6.1,69.7,69.1
30/05/2025 15:32,23,16.9,55.3,953,512,953,0,22.8,13.6,979,0,0,0,83,83,23,6.1,69.7,69.1
30/05/2025 15:32,23,16.9,55.3,953,512,953,0,22.8,13.6,979,0,0,0,84,84,23,6.1,69.7,69.1
30/05/2025 15:33,23,16.9,55.3,953,512,953,0,22.8,13.6,979,0,0,0,84,84,23,6.1,69.7,69.1
30/05/2025 15:33,23,16.9,55.3,953,512,953,0,22.8,13.6,979,0,0,0,84,84,23,6.1,69.7,69.1
30/05/2025 15:34,23,16.9,55.3,953,512,953,0,22.8,13.6,979,0,0,0,84,85,23,6.1,69.7,69.1
30/05/2025 15:34,23,16.9,55.3,953,513,953,0,22.8,13.6,979,0,0,0,83,83,23,6.1,69.7,69.1
30/05/2025 15:35,23,16.9,55.3,953,512,953.1,0,22.8,13.6,978,0,0,0,84,84,23,6.1,69.7,69.1
30/05/2025 15:35,23,16.9,55.3,953,513,953,0,22.8,13.6,979,0,0,0,84,84,23,6.1,69.7,69.1
30/05/2025 15:36,23,16.9,55.3,953,512,953,0,22.8,13.6,979,0,0,0,84,84,23,6.1,69.7,69.1
30/05/2025 15:36,23,16.9,55.3,953,513,953,0,22.8,13.6,979,0,0,0,84,85,23,6.1,69.7,69.1
30/05/2025 15:37,23,16.9,55.3,952.7,514,952.8,0,22.8,13.6,981,0,0,0,84,84,23,6.1,69.7,69.1
30/05/2025 15:37,23,16.9,55.3,953,512,953,0,22.8,13.6,979,0,0,0,83,84,23,6.1,69.7,69.1
30/05/2025 15:38,23,16.9,55.3,952.9,514,952.9,0,22.8,13.6,980,0,0,0,83,84,23,6.1,69.7,69.1
30/05/2025 15:38,23,16.9,55.2,952.9,514,952.9,0,22.8,13.6,980,0,0,0,83,83,23,6.1,69.7,69.1
30/05/2025 15:39,23,16.9,55.2,953,513,953,0,22.8,13.6,979,0,0,0,84,84,23,6.1,69.7,69.1
30/05/2025 15:39,23,16.9,55.2,952.9,513,952.9,0,22.8,13.6,980,0,0,0,84,84,23,6.1,69.7,69.1
30/05/2025 15:40,23,16.9,55.2,953,512,953,0,22.8,13.6,979,0,0,0,83,84,23,6.1,69.7,69.1
30/05/2025 15:40,23,16.9,55.2,952.7,514,952.9,0,22.8,13.6,980,0,0,0,83,84,23,6.1,69.7,69.1
30/05/2025 15:41,23,16.9,55.2,952.9,513,952.9,0,22.8,13.6,980,0,0,0,83,84,23,6.1,69.7,69.1
30/05/2025 15:41,23,16.9,55.2,952.7,514,952.8,0,22.8,13.6,981,0,0,0,83,84,23,6.1,69.7,69.1
30/05/2025 15:42,23,16.9,55.3,952.7,514,952.8,0,22.8,13.6,980,0,0,0,83,84,23,6.1,69.6,69.1
30/05/2025 15:42,23,16.9,55.3,952.7,514,952.8,0,22.8,13.6,980,0,0,0,83,84,23,6.1,69.6,69.1
30/05/2025 15:43,23,16.9,55.2,952.7,514,952.8,0,22.8,13.6,980,0,0,0,84,85,23,6.1,69.6,69.1
30/05/2025 15:43,23,16.9,55.2,952.7,514,952.8,0,22.8,13.6,980,0,0,0,84,84,23,6.1,69.6,69.1
30/05/2025 15:44,23,16.9,55.2,952.9,514,952.9,0,22.8,13.6,979,0,0,0,84,84,23,6.1,69.6,69.1
30/05/2025 15:44,23,16.9,55.2,952.7,514,952.8,0,22.8,13.5,980,0,0,0,84,84,23,6.1,69.6,69.1
30/05/2025 15:45,23,16.9,55.1,952.9,514,952.9,0,22.8,13.6,980,0,0,0,84,84,23,6.1,69.7,69.1
30/05/2025 15:45,23,16.9,55.2,952.7,514,952.8,0,22.8,13.5,980,0,0,0,84,85,23,6.1,69.6,69.1
30/05/2025 15:46,23,16.9,55.2,952.9,514,952.9,0,22.8,13.6,979,0,0,0,85,85,23,6.1,69.6,69.1
30/05/2025 15:46,23,16.9,55.2,952.7,514,952.7,0,22.8,13.5,981,0,0,0,84,85,23,6.1,69.6,69.1
30/05/2025 15:47,23,16.9,55.2,952.7,514,952.7,0,22.8,13.6,981,0,0,0,84,84,23,6.1,69.6,69.1
30/05/2025 15:47,23,16.9,55.2,952.7,514,952.8,0,22.8,13.5,980,0,0,0,85,85,23,6.1,69.6,69.1
30/05/2025 15:48,23,16.9,55.2,952.7,514,952.9,0,22.8,13.5,979,0,0,0,83,84,23,6.1,69.6,69.1
30/05/2025 15:48,23,16.9,55.1,952.7,514,952.7,0,22.8,13.5,982,0,0,0,83,84,23,6.1,69.7,69.1
30/05/2025 15:49,23,16.9,55.1,952.7,514,952.7,0,22.8,13.5,982,0,0,0,83,83,23,6.1,69.7,69.1
30/05/2025 15:49,23,16.9,55.2,952.7,514,952.8,0,22.8,13.5,980,0,0,0,90,91,23,6.1,69.6,69.1
30/05/2025 15:50,23,16.9,55.1,952.7,514,952.8,0,22.8,13.5,981,0,0,0,91,91,23,6.1,69.7,69.1
30/05/2025 15:50,23,16.9,55.2,952.7,514,952.8,0,22.8,13.5,980,0,0,0,91,91,23,6.1,69.6,69.1
30/05/2025 15:51,23,16.9,55.1,952.7,514,952.8,0,22.8,13.5,981,0,0,0,90,90,23,6.1,69.7,69.1
30/05/2025 15:51,23,16.9,55.1,952.7,514,952.8,0,22.8,13.5,981,0,0,0,91,91,23,6.1,69.7,69.1
30/05/2025 15:52,23,16.9,55.1,952.7,514,952.8,0,22.8,13.5,981,0,0,0,91,91,23,6.1,69.7,69.1
30/05/2025 15:52,23,16.9,55.1,952.7,514,952.8,0,22.8,13.6,981,0,0,0,90,91,23,6.1,69.7,69.1
30/05/2025 15:53,23,16.9,55.1,952.7,514,952.7,0,22.8,13.6,982,0,0,0,90,90,23,6.1,69.7,69.1
30/05/2025 15:53,23,16.9,55.1,952.7,515,952.7,0,22.8,13.6,982,0,0,0,90,91,23,6.1,69.7,69.1
30/05/2025 15:54,23,16.9,55.1,952.7,514,952.8,0,22.8,13.6,981,0,0,0,91,91,23,6.1,69.7,69.1
30/05/2025 15:54,23,16.9,55.1,952.7,514,952.8,0,22.8,13.6,981,0,0,0,90,91,23,6.1,69.7,69.1
30/05/2025 15:55,23.1,16.9,55.1,952.7,515,952.7,0,22.8,13.6,984,0,0,0,91,91,23,6.2,69.7,69.2
30/05/2025 15:55,23.1,16.9,55.1,952.5,515,952.6,0,22.8,13.6,984,0,0,0,90,90,23,6.2,69.7,69.2
30/05/2025 15:56,23.1,16.9,55.2,952.7,514,952.7,0,22.8,13.6,984,0,0,0,91,91,23,6.2,69.7,69.2
30/05/2025 15:56,23.1,16.9,55.2,952.5,516,952.6,0,22.8,13.6,984,0,0,0,91,91,23,6.2,69.7,69.2
30/05/2025 15:57,23.1,16.9,55.2,952.5,516,952.5,0,22.8,13.6,985,0,0,0,90,91,23,6.2,69.7,69.2
30/05/2025 15:57,23.1,16.9,55.2,952.5,516,952.6,0,22.8,13.6,984,0,0,0,91,91,23,6.2,69.7,69.2
30/05/2025 15:58,23.1,16.9,55.1,952.5,515,952.6,0,22.8,13.6,985,0,0,0,91,91,23,6.2,69.7,69.2
30/05/2025 15:58,23.1,16.9,55.2,952.5,516,952.5,0,22.8,13.6,985,0,0,0,91,91,23,6.2,69.7,69.2
30/05/2025 15:59,23.1,16.9,55.2,952.7,515,952.7,0,22.8,13.6,984,0,0,0,91,91,23,6.2,69.7,69.2
30/05/2025 15:59,23.1,16.9,55.2,952.5,515,952.6,0,22.8,13.6,985,0,0,0,91,92,23,6.2,69.7,69.2
30/05/2025 16:00,23.1,16.9,55.2,952.5,515,952.6,0,22.8,13.6,985,0,0,0,91,92,23,6.2,69.7,69.2
30/05/2025 16:00,23.1,17,55.4,952.5,516,952.5,0,22.8,13.7,987,0,0,0,91,92,23,6.1,69.7,69.2
30/05/2025 16:01,23.1,17,55.4,952.5,517,952.5,0,22.8,13.7,987,0,0,0,91,91,23,6.1,69.7,69.2
30/05/2025 16:01,23.1,17,55.4,952.5,516,952.5,0,22.8,13.7,987,0,0,0,91,91,23,6.1,69.7,69.2
30/05/2025 16:02,23.1,17,55.4,952.5,516,952.5,0,22.8,13.7,987,0,0,0,90,91,23,6.1,69.7,69.2
30/05/2025 16:02,23.1,17,55.3,952.5,517,952.5,0,22.9,13.7,987,0,0,0,90,91,23.1,6.1,69.8,69.2
30/05/2025 16:03,23.1,17,55.3,952.5,517,952.5,0,22.9,13.7,987,0,0,0,91,92,23.1,6.1,69.8,69.2
30/05/2025 16:03,23.1,17,55.3,952.5,517,952.5,0,22.9,13.7,987,0,0,0,91,91,23.1,6.1,69.8,69.2
30/05/2025 16:04,23.1,17,55.4,952.5,516,952.5,0,22.9,13.7,987,0,0,0,90,91,23.1,6.1,69.8,69.2
30/05/2025 16:04,23.1,17,55.3,952.5,517,952.5,0,22.9,13.7,987,0,0,0,91,92,23.1,6.1,69.8,69.2
30/05/2025 16:05,23.1,17,55.3,952.5,516,952.5,0,22.9,13.7,987,0,0,0,90,91,23.1,6.1,69.8,69.2
30/05/2025 16:05,23.1,17,55.3,952.4,517,952.4,0,22.9,13.7,989,0,0,0,90,91,23.1,6.1,69.8,69.2
30/05/2025 16:06,23.1,17,55.3,952.5,517,952.5,0,22.9,13.7,987,0,0,0,91,92,23.1,6.1,69.8,69.2
30/05/2025 16:06,23.1,17,55.3,952.4,517,952.4,0,22.9,13.7,989,0,0,0,91,91,23.1,6.1,69.8,69.2
30/05/2025 16:07,23.1,17,55.3,952.4,517,952.4,0,22.9,13.7,989,0,0,0,91,91,23.1,6.1,69.8,69.3
30/05/2025 16:07,23.1,17,55.4,952.5,517,952.5,0,22.9,13.7,987,0,0,0,91,91,23.1,6.1,69.8,69.3
30/05/2025 16:08,23.1,17,55.3,952.4,517,952.4,0,22.9,13.7,990,0,0,0,91,92,23.1,6.2,69.8,69.3
30/05/2025 16:08,23.1,17,55.4,952.4,518,952.4,0,22.9,13.7,989,0,0,0,91,91,23.1,6.1,69.8,69.3
30/05/2025 16:09,23.1,17,55.3,952.2,519,952.3,0,22.9,13.7,991,0,0,0,91,92,23.1,6.2,69.8,69.3
30/05/2025 16:09,23.1,17,55.3,952.2,519,952.3,0,22.9,13.7,991,0,0,0,90,90,23.1,6.2,69.8,69.3
30/05/2025 16:10,23.1,17,55.3,952.2,518,952.3,0,22.9,13.7,991,0,0,0,91,92,23.1,6.2,69.8,69.3
30/05/2025 16:10,23.1,17,55.3,952.2,518,952.3,0,22.9,13.7,991,0,0,0,91,91,23.1,6.2,69.8,69.3
30/05/2025 16:11,23.1,17,55.3,952.4,517,952.4,0,22.9,13.7,990,0,0,0,91,91,23.1,6.2,69.8,69.3
30/05/2025 16:11,23.1,17,55.2,952.2,519,952.3,0,22.9,13.7,991,0,0,0,91,92,23.1,6.2,69.8,69.3
30/05/2025 16:12,23.1,17,55.3,952.2,518,952.3,0,22.9,13.7,991,0,0,0,91,91,23.1,6.2,69.8,69.3
30/05/2025 16:12,23.1,17,55.3,952.2,519,952.3,0,22.9,13.7,990,0,0,0,91,91,23.1,6.1,69.8,69.3
30/05/2025 16:13,23.1,17,55.3,952.2,519,952.2,0,22.9,13.7,992,0,0,0,92,92,23.1,6.2,69.8,69.3
30/05/2025 16:13,23.1,17,55.2,952.2,519,952.3,0,22.9,13.7,991,0,0,0,91,92,23.1,6.2,69.8,69.3
30/05/2025 16:14,23.1,17,55.3,952.2,519,952.3,0,22.9,13.7,990,0,0,0,91,91,23.1,6.1,69.8,69.2
30/05/2025 16:14,23.1,17,55.3,952.2,519,952.3,0,22.9,13.7,990,0,0,0,91,91,23.1,6.1,69.8,69.2
30/05/2025 16:15,23.1,17,55.3,952.2,519,952.3,0,22.9,13.7,990,0,0,0,91,91,23.1,6.1,69.8,69.2
30/05/2025 16:15,23.1,17,55.3,952.2,519,952.2,0,22.9,13.7,991,0,0,0,91,92,23.1,6.1,69.8,69.2
30/05/2025 16:16,23.1,17,55.3,952.2,519,952.2,0,22.9,13.7,991,0,0,0,91,92,23.1,6.1,69.8,69.2
30/05/2025 16:16,23.1,17,55.2,952.2,518,952.3,0,22.9,13.7,990,0,0,0,91,92,23.1,6.1,69.8,69.2
30/05/2025 16:17,23.1,17,55.2,952.2,519,952.3,0,22.9,13.7,990,0,0,0,90,91,23.1,6.1,69.8,69.2
30/05/2025 16:17,23.1,17,55.2,952.2,519,952.2,0,22.9,13.7,991,0,0,0,90,91,23.1,6.1,69.8,69.2
30/05/2025 16:18,23.1,17,55.2,952.2,519,952.3,0,22.9,13.7,990,0,0,0,90,91,23.1,6.1,69.8,69.2
30/05/2025 16:18,23.1,17,55.2,952.2,519,952.2,0,22.9,13.7,991,0,0,0,91,91,23.1,6.1,69.8,69.2
30/05/2025 16:19,23.1,17,55.2,952.2,519,952.3,0,22.9,13.7,990,0,0,0,91,91,23.1,6.1,69.8,69.2
30/05/2025 16:19,23.1,17,55.2,952.2,519,952.2,0,22.9,13.7,991,0,0,0,90,90,23.1,6.1,69.8,69.2
30/05/2025 16:20,23.1,17,55.2,952.2,519,952.2,0,22.9,13.7,991,0,0,0,90,91,23.1,6.1,69.8,69.2
30/05/2025 16:20,23.1,17,55.2,952.2,519,952.2,0,22.9,13.7,991,0,0,0,91,92,23.1,6.1,69.8,69.2
30/05/2025 16:21,23.1,17,55.2,952,519,952.1,0,22.9,13.6,992,0,0,0,90,91,23.1,6.1,69.8,69.2
30/05/2025 16:21,23.1,17,55.2,952.2,519,952.1,0,22.9,13.6,992,0,0,0,91,92,23.1,6.1,69.8,69.2
30/05/2025 16:22,23.1,17,55.2,952,519,952.1,0,22.9,13.7,992,0,0,0,91,91,23.1,6.1,69.8,69.2
30/05/2025 16:22,23.1,17,55.2,952,519,952.1,0,22.9,13.7,992,0,0,0,91,92,23.1,6.1,69.8,69.2
30/05/2025 16:23,23.1,17,55.1,952,519,952.1,0,22.9,13.7,993,0,0,0,91,91,23.1,6.2,69.8,69.3
30/05/2025 16:23,23.1,17,55.2,952,519,952.1,0,22.9,13.6,992,0,0,0,91,91,23.1,6.1,69.8,69.2
30/05/2025 16:24,23.1,17,55.1,952,520,952.1,0,22.9,13.7,993,0,0,0,91,91,23.1,6.2,69.8,69.3
30/05/2025 16:24,23.1,17,55.1,952.2,519,952.2,0,22.9,13.7,992,0,0,0,91,92,23.1,6.2,69.8,69.3
30/05/2025 16:25,23.1,17,55.1,952,520,952,0,22.9,13.7,994,0,0,0,91,92,23.1,6.2,69.8,69.3
30/05/2025 16:25,23.1,17,55.1,952,519,952.1,0,22.9,13.7,993,0,0,0,92,92,23.1,6.2,69.8,69.3
30/05/2025 16:26,23.1,17,55.2,952,519,952.1,0,22.9,13.7,993,0,0,0,90,91,23.1,6.2,69.8,69.3
30/05/2025 16:26,23.1,17,55.2,952,520,952,0,22.9,13.7,994,0,0,0,91,91,23.1,6.2,69.8,69.3
30/05/2025 16:27,23.1,17,55.2,952,520,952.1,0,22.9,13.7,993,0,0,0,91,91,23.1,6.2,69.8,69.3
30/05/2025 16:27,23.1,17,55.2,952,521,952,0,22.9,13.7,994,0,0,0,91,92,23.1,6.2,69.8,69.3
30/05/2025 16:28,23.1,17,55.2,952,520,952.1,0,22.9,13.7,993,0,0,0,90,91,23.1,6.2,69.8,69.3
30/05/2025 16:28,23.2,17,55.2,952,520,952.1,0,22.9,13.7,994,0,0,0,91,91,23.1,6.2,69.8,69.3
30/05/2025 16:29,23.2,17,55.2,952,520,952.1,0,22.9,13.7,994,0,0,0,90,91,23.1,6.2,69.8,69.3
30/05/2025 16:29,23.2,17,55.2,952,521,952,0,22.9,13.7,994,0,0,0,91,91,23.1,6.2,69.8,69.3
30/05/2025 16:30,23.2,17,55.2,952,521,952,0,22.9,13.7,994,0,0,0,91,92,23.1,6.2,69.8,69.3
30/05/2025 16:30,23.2,17,55.2,952,520,952,0,22.9,13.7,994,0,0,0,90,91,23.1,6.2,69.8,69.3
30/05/2025 16:31,23.2,17,55.2,952,520,952,0,22.9,13.7,994,0,0,0,92,93,23.1,6.2,69.8,69.3
30/05/2025 16:31,23.2,17,55.2,952,521,952,0,22.9,13.7,994,0,0,0,93,93,23.1,6.2,69.8,69.3
30/05/2025 16:32,23.2,17,55.2,952,520,952,0,22.9,13.7,996,0,0,0,91,91,23.2,6.2,69.9,69.3
30/05/2025 16:32,23.2,17,55.2,952,521,952,0,22.9,13.7,996,0,0,0,91,92,23.2,6.2,69.9,69.3
30/05/2025 16:33,23.2,17,55.2,951.9,521,951.9,0,22.9,13.7,997,0,0,0,90,90,23.2,6.2,69.9,69.3
30/05/2025 16:33,23.2,17,55.2,952,521,952,0,22.9,13.7,996,0,0,0,90,91,23.2,6.2,69.9,69.3
30/05/2025 16:34,23.2,17,55.2,952,520,952,0,22.9,13.7,996,0,0,0,91,92,23.2,6.2,69.9,69.3
30/05/2025 16:34,23.2,17,55.3,951.9,521,951.9,0,22.9,13.7,997,0,0,0,91,91,23.2,6.2,69.9,69.3
30/05/2025 16:35,23.2,17,55.2,951.9,521,951.9,0,22.9,13.7,997,0,0,0,91,91,23.2,6.2,69.9,69.4
30/05/2025 16:35,23.2,17,55.2,951.9,521,951.9,0,22.9,13.7,997,0,0,0,91,91,23.2,6.2,69.9,69.4
30/05/2025 16:36,23.2,17,55.2,951.9,521,951.9,0,22.9,13.7,997,0,0,0,90,91,23.2,6.2,69.9,69.4
30/05/2025 16:36,23.2,17,55.2,951.9,521,951.9,0,22.9,13.7,997,0,0,0,91,92,23.2,6.2,69.9,69.4
30/05/2025 16:37,23.2,17.1,55.2,951.7,522,951.8,0,22.9,13.8,999,0,0,0,91,92,23.2,6.1,69.9,69.4
30/05/2025 16:37,23.2,17.1,55.2,952,521,952,0,22.9,13.8,997,0,0,0,90,90,23.2,6.1,69.9,69.4
30/05/2025 16:38,23.2,17,55.2,951.9,521,951.9,0,22.9,13.7,997,0,0,0,91,91,23.2,6.2,69.9,69.4
30/05/2025 16:38,23.2,17.1,55.3,951.7,522,951.8,0,22.9,13.8,999,0,0,0,92,92,23.2,6.1,69.9,69.4
30/05/2025 16:39,23.2,17.1,55.3,951.9,522,951.9,0,22.9,13.8,997,0,0,0,91,91,23.2,6.1,69.9,69.4
30/05/2025 16:39,23.2,17.1,55.2,951.9,522,951.9,0,22.9,13.8,997,0,0,0,92,92,23.2,6.1,69.9,69.4
30/05/2025 16:40,23.2,17.1,55.2,951.9,522,951.9,0,22.9,13.8,997,0,0,0,91,91,23.2,6.1,69.9,69.4
30/05/2025 16:40,23.2,17,55.3,951.9,522,951.9,0,22.9,13.7,997,0,0,0,91,91,23.2,6.2,69.9,69.3
30/05/2025 16:41,23.2,17,55.2,951.9,522,951.9,0,22.9,13.7,997,0,0,0,91,91,23.2,6.2,69.9,69.4
30/05/2025 16:41,23.2,17,55.2,951.7,523,951.8,0,22.9,13.7,999,0,0,0,90,91,23.2,6.2,69.9,69.4
30/05/2025 16:42,23.2,17,55.2,951.9,522,951.9,0,22.9,13.7,997,0,0,0,91,91,23.2,6.2,69.9,69.3
30/05/2025 16:42,23.2,17,55.2,952,521,952,0,22.9,13.7,996,0,0,0,91,91,23.2,6.2,69.9,69.3
30/05/2025 16:43,23.2,17,55.2,951.9,522,951.9,0,22.9,13.7,997,0,0,0,91,92,23.2,6.2,69.9,69.3
30/05/2025 16:43,23.2,17,55.2,951.7,522,951.8,0,22.9,13.7,997,0,0,0,91,92,23.2,6.2,69.9,69.3
30/05/2025 16:44,23.2,17,55.2,952,521,952,0,22.9,13.7,996,0,0,0,91,91,23.2,6.2,69.9,69.3
30/05/2025 16:44,23.2,17,55.1,951.9,522,951.9,0,22.9,13.7,997,0,0,0,91,91,23.2,6.2,69.9,69.3
30/05/2025 16:45,23.2,17,55.1,951.9,521,951.9,0,22.9,13.7,997,0,0,0,91,91,23.2,6.2,69.9,69.3
30/05/2025 16:45,23.2,17,55.2,951.7,522,951.8,0,22.9,13.7,997,0,0,0,92,92,23.1,6.2,69.8,69.3
30/05/2025 16:46,23.2,17,55.2,951.9,522,951.9,0,22.9,13.7,996,0,0,0,91,91,23.1,6.2,69.8,69.3
30/05/2025 16:46,23.2,17,55.2,951.7,523,951.8,0,22.9,13.7,997,0,0,0,91,91,23.1,6.2,69.8,69.3
30/05/2025 16:47,23.2,17,55.1,951.7,523,951.8,0,22.9,13.7,997,0,0,0,90,91,23.1,6.2,69.8,69.3
30/05/2025 16:47,23.2,17,55.1,951.7,523,951.8,0,22.9,13.7,997,0,0,0,91,92,23.1,6.2,69.8,69.3
30/05/2025 16:48,23.2,17,55.1,951.9,522,951.9,0,22.9,13.7,996,0,0,0,91,91,23.1,6.2,69.8,69.3
30/05/2025 16:48,23.2,17,55.1,951.7,523,951.8,0,22.9,13.7,997,0,0,0,91,91,23.1,6.2,69.8,69.3
30/05/2025 16:49,23.2,17,55.1,951.7,522,951.8,0,22.9,13.7,997,0,0,0,91,91,23.1,6.2,69.8,69.3
30/05/2025 16:49,23.1,17,55.1,951.7,523,951.8,0,22.9,13.7,996,0,0,0,91,92,23.1,6.2,69.8,69.3
30/05/2025 16:50,23.2,17,55.1,951.7,522,951.8,0,22.9,13.7,997,0,0,0,91,92,23.1,6.2,69.8,69.3
30/05/2025 16:50,23.2,17,55.1,951.7,523,951.8,0,22.9,13.7,997,0,0,0,91,91,23.1,6.2,69.8,69.3
30/05/2025 16:51,23.2,17,55.1,951.7,523,951.7,0,22.9,13.7,997,0,0,0,90,91,23.1,6.2,69.8,69.3
30/05/2025 16:51,23.2,17,55.1,951.7,523,951.8,0,22.9,13.7,997,0,0,0,92,92,23.1,6.2,69.8,69.3
30/05/2025 16:52,23.2,17,55,951.7,523,951.7,0,22.9,13.6,997,0,0,0,91,92,23.1,6.2,69.8,69.3
30/05/2025 16:52,23.1,17,55.1,951.7,523,951.7,0,22.9,13.7,997,0,0,0,90,91,23.1,6.2,69.8,69.3
30/05/2025 16:53,23.1,17,55.1,951.7,523,951.7,0,22.9,13.7,997,0,0,0,91,91,23.1,6.2,69.8,69.3
30/05/2025 16:53,23.2,17,55.1,951.7,523,951.8,0,22.9,13.7,997,0,0,0,92,92,23.1,6.2,69.8,69.3
30/05/2025 16:54,23.2,17,55,951.7,523,951.8,0,22.9,13.6,997,0,0,0,91,92,23.1,6.2,69.8,69.3
30/05/2025 16:54,23.2,17,55.1,951.7,523,951.8,0,22.9,13.7,997,0,0,0,92,93,23.1,6.2,69.8,69.3
30/05/2025 16:55,23.2,17,55.1,951.7,523,951.7,0,22.9,13.7,997,0,0,0,91,92,23.1,6.2,69.8,69.3
30/05/2025 16:55,23.1,17,55.2,951.7,523,951.8,0,22.9,13.7,996,0,0,0,90,91,23.1,6.2,69.8,69.3
30/05/2025 16:56,23.2,17,55.1,951.7,524,951.7,0,22.9,13.7,997,0,0,0,92,92,23.1,6.2,69.8,69.3
30/05/2025 16:56,23.2,17,55.1,951.7,524,951.7,0,22.9,13.7,997,0,0,0,91,92,23.1,6.2,69.8,69.3
30/05/2025 16:57,23.2,17,55.1,951.7,523,951.8,0,22.9,13.7,997,0,0,0,91,91,23.1,6.2,69.8,69.3
30/05/2025 16:57,23.2,17,55.1,951.7,523,951.8,0,22.9,13.7,997,0,0,0,90,91,23.1,6.2,69.8,69.3
30/05/2025 16:58,23.2,17,55.1,951.7,524,951.7,0,22.9,13.7,997,0,0,0,91,92,23.1,6.2,69.8,69.3
30/05/2025 16:58,23.2,17,55.1,951.7,524,951.7,0,22.9,13.7,997,0,0,0,91,91,23.1,6.2,69.8,69.3
30/05/2025 16:59,23.2,17,55.1,951.5,524,951.6,0,22.9,13.7,999,0,0,0,91,92,23.1,6.2,69.8,69.3
30/05/2025 16:59,23.2,17,55.1,951.7,524,951.7,0,22.9,13.7,997,0,0,0,91,92,23.1,6.2,69.8,69.3
30/05/2025 17:00,23.2,17,55.1,951.7,523,951.7,0,22.9,13.7,997,0,0,0,92,92,23.1,6.2,69.8,69.3
30/05/2025 17:00,23.2,17,55.1,951.7,524,951.7,0,22.9,13.7,997,0,0,0,90,91,23.1,6.2,69.8,69.3
30/05/2025 17:01,23.2,17,55.1,951.7,524,951.7,0,22.9,13.7,997,0,0,0,91,92,23.1,6.2,69.8,69.3
30/05/2025 17:01,23.2,17,55.2,951.7,524,951.7,0,22.9,13.7,997,0,0,0,90,91,23.1,6.2,69.8,69.3
30/05/2025 17:02,23.2,17,55.2,951.7,524,951.7,0,22.9,13.7,997,0,0,0,91,91,23.1,6.2,69.8,69.3
30/05/2025 17:02,23.2,17,55.2,951.7,524,951.7,0,22.9,13.7,997,0,0,0,90,90,23.1,6.2,69.8,69.3
30/05/2025 17:03,23.2,17,55.1,951.7,524,951.7,0,22.9,13.7,999,0,0,0,91,91,23.2,6.2,69.9,69.3
30/05/2025 17:03,23.2,17,55.2,951.5,524,951.6,0,22.9,13.7,999,0,0,0,92,92,23.1,6.2,69.8,69.3
30/05/2025 17:04,23.2,17,55.2,951.7,523,951.7,0,22.9,13.7,997,0,0,0,90,91,23.1,6.2,69.8,69.3
30/05/2025 17:04,23.2,17,55.2,951.7,523,951.7,0,22.9,13.7,997,0,0,0,91,91,23.1,6.2,69.8,69.3
30/05/2025 17:05,23.2,17,55.1,951.5,524,951.6,0,22.9,13.7,1000,0,0,0,91,91,23.2,6.2,69.9,69.3
30/05/2025 17:05,23.2,17,55.2,951.7,524,951.7,0,22.9,13.7,997,0,0,0,91,91,23.1,6.2,69.8,69.3
30/05/2025 17:06,23.2,17,55.2,951.7,524,951.7,0,22.9,13.7,997,0,0,0,91,92,23.1,6.2,69.8,69.3
30/05/2025 17:06,23.2,17,55.1,951.5,524,951.6,0,22.9,13.7,999,0,0,0,91,92,23.1,6.2,69.8,69.3
30/05/2025 17:07,23.2,17,55.1,951.5,525,951.6,0,22.9,13.7,999,0,0,0,91,91,23.1,6.2,69.8,69.3
30/05/2025 17:07,23.2,17,55.1,951.7,524,951.7,0,22.9,13.7,997,0,0,0,91,91,23.1,6.2,69.8,69.3
30/05/2025 17:08,23.2,17,55.1,951.7,524,951.7,0,22.9,13.7,997,0,0,0,90,90,23.1,6.2,69.8,69.3
30/05/2025 17:08,23.2,17,55.1,951.5,525,951.6,0,22.9,13.7,999,0,0,0,92,92,23.1,6.2,69.8,69.3
30/05/2025 17:09,23.2,17,55.1,951.5,525,951.6,0,22.9,13.7,999,0,0,0,91,92,23.1,6.2,69.8,69.3
30/05/2025 17:09,23.2,17,55.1,951.5,524,951.6,0,22.9,13.7,999,0,0,0,90,91,23.1,6.2,69.8,69.3
30/05/2025 17:10,23.2,17,55.1,951.5,525,951.6,0,22.9,13.7,999,0,0,0,91,92,23.1,6.2,69.8,69.3
30/05/2025 17:10,23.1,17,55.1,951.5,525,951.6,0,22.9,13.7,998,0,0,0,91,91,23.1,6.2,69.8,69.3
30/05/2025 17:11,23.1,17,55.1,951.5,525,951.6,0,22.9,13.7,998,0,0,0,91,91,23.1,6.2,69.8,69.3
30/05/2025 17:11,23.1,17,55.1,951.5,524,951.6,0,22.9,13.6,998,0,0,0,91,92,23.1,6.2,69.8,69.3
30/05/2025 17:12,23.1,17,55,951.5,524,951.6,0,22.9,13.6,998,0,0,0,90,91,23.1,6.2,69.8,69.3
30/05/2025 17:12,23.1,17,55.1,951.5,525,951.6,0,22.9,13.6,998,0,0,0,91,91,23.1,6.2,69.8,69.3
30/05/2025 17:13,23.1,17,55,951.5,525,951.6,0,22.9,13.6,998,0,0,0,91,92,23.1,6.2,69.8,69.3
30/05/2025 17:13,23.1,17,55,951.5,524,951.6,0,22.9,13.6,998,0,0,0,91,91,23.1,6.2,69.8,69.3
30/05/2025 17:14,23.1,17,55,951.5,525,951.6,0,22.9,13.6,998,0,0,0,91,91,23.1,6.2,69.8,69.3
30/05/2025 17:14,23.1,17,55,951.5,525,951.6,0,22.9,13.6,998,0,0,0,91,92,23.1,6.2,69.8,69.3
30/05/2025 17:15,23.1,17,55,951.5,525,951.5,0,22.9,13.6,1000,0,0,0,91,92,23.1,6.2,69.8,69.3
30/05/2025 17:15,23.1,17,55,951.5,525,951.6,0,22.9,13.6,998,0,0,0,90,91,23.1,6.2,69.8,69.3
30/05/2025 17:16,23.1,17,55,951.5,524,951.6,0,22.9,13.6,998,0,0,0,91,91,23.1,6.2,69.8,69.3
30/05/2025 17:16,23.1,17,55,951.5,525,951.6,0,22.9,13.6,998,0,0,0,91,92,23.1,6.2,69.8,69.3
30/05/2025 17:17,23.1,16.9,55.1,951.5,524,951.6,0,22.9,13.6,997,0,0,0,91,92,23.1,6.2,69.8,69.2
30/05/2025 17:17,23.1,17,55,951.5,525,951.6,0,22.8,13.6,998,0,0,0,91,91,23.1,6.2,69.8,69.3
30/05/2025 17:18,23.1,16.9,55.1,951.5,525,951.6,0,22.9,13.6,997,0,0,0,91,92,23.1,6.2,69.8,69.2
30/05/2025 17:18,23.1,17,55,951.5,526,951.5,0,22.8,13.6,1000,0,0,0,91,91,23.1,6.2,69.8,69.3
30/05/2025 17:19,23.1,17,55,951.5,525,951.5,0,22.8,13.6,1000,0,0,0,91,92,23.1,6.2,69.8,69.3
30/05/2025 17:19,23.1,17,55,951.5,525,951.6,0,22.8,13.6,998,0,0,0,92,92,23.1,6.2,69.8,69.3
30/05/2025 17:20,23.1,17,55,951.5,524,951.6,0,22.8,13.6,998,0,0,0,91,91,23.1,6.2,69.8,69.3
30/05/2025 17:20,23.1,17,55,951.5,526,951.5,0,22.8,13.6,1000,0,0,0,91,91,23.1,6.2,69.8,69.3
30/05/2025 17:21,23.1,17,55,951.4,526,951.4,0,22.8,13.6,1000,0,0,0,91,91,23.1,6.2,69.8,69.3
30/05/2025 17:21,23.1,17,55,951.5,525,951.5,0,22.9,13.6,1000,0,0,0,91,91,23.1,6.2,69.8,69.3
30/05/2025 17:22,23.1,17,55.1,951.5,525,951.5,0,22.9,13.6,1000,0,0,0,91,92,23.1,6.2,69.8,69.3
30/05/2025 17:22,23.1,17,55,951.5,526,951.5,0,22.9,13.6,1000,0,0,0,91,91,23.1,6.2,69.8,69.3
30/05/2025 17:23,23.1,17,55.1,951.5,525,951.6,0,22.9,13.6,998,0,0,0,91,91,23.1,6.2,69.8,69.3
30/05/2025 17:23,23.1,17,55.1,951.5,526,951.5,0,22.9,13.7,1000,0,0,0,92,92,23.1,6.2,69.8,69.3
30/05/2025 17:24,23.1,17,55.1,951.5,526,951.5,0,22.9,13.7,1000,0,0,0,91,91,23.1,6.2,69.8,69.3
30/05/2025 17:24,23.1,17,55.1,951.5,526,951.5,0,22.9,13.7,1000,0,0,0,91,92,23.1,6.2,69.8,69.3
30/05/2025 17:25,23.2,17,55.1,951.4,526,951.4,0,22.9,13.7,1001,0,0,0,90,91,23.1,6.2,69.8,69.3
30/05/2025 17:25,23.2,17,55.1,951.5,526,951.5,0,22.9,13.7,1000,0,0,0,91,91,23.1,6.2,69.8,69.3
30/05/2025 17:26,23.2,17,55.1,951.4,526,951.4,0,22.9,13.7,1001,0,0,0,92,92,23.1,6.2,69.8,69.3
30/05/2025 17:26,23.2,17,55.1,951.5,526,951.5,0,22.9,13.7,1000,0,0,0,91,92,23.1,6.2,69.8,69.3
30/05/2025 17:27,23.2,17,55.1,951.5,525,951.5,0,22.9,13.7,1000,0,0,0,91,92,23.1,6.2,69.8,69.3
30/05/2025 17:27,23.2,17,55.1,951.5,526,951.5,0,22.9,13.7,1000,0,0,0,91,91,23.1,6.2,69.8,69.3
30/05/2025 17:28,23.2,17,55.1,951.5,526,951.5,0,22.9,13.7,1000,0,0,0,91,91,23.1,6.2,69.8,69.3
30/05/2025 17:28,23.2,17,55.2,951.5,525,951.5,0,22.9,13.7,1000,0,0,0,92,92,23.1,6.2,69.8,69.3
30/05/2025 17:29,23.2,17,55.2,951.4,526,951.4,0,22.9,13.7,1001,0,0,0,90,91,23.1,6.2,69.8,69.3
30/05/2025 17:29,23.2,17,55.2,951.5,526,951.5,0,22.9,13.7,1000,0,0,0,91,91,23.1,6.2,69.8,69.3
30/05/2025 17:30,23.2,17,55.2,951.4,526,951.4,0,22.9,13.7,1001,0,0,0,91,92,23.1,6.2,69.8,69.3
30/05/2025 17:30,23.2,17,55.1,951.5,526,951.5,0,22.9,13.7,1000,0,0,0,90,91,23.1,6.2,69.8,69.3
30/05/2025 17:31,23.2,17,55.2,951.4,526,951.4,0,22.9,13.7,1001,0,0,0,90,91,23.1,6.2,69.8,69.3
30/05/2025 17:31,23.2,17,55.2,951.4,526,951.4,0,22.9,13.7,1001,0,0,0,91,91,23.1,6.2,69.8,69.3
30/05/2025 17:32,23.2,17,55.1,951.4,526,951.4,0,22.9,13.7,1001,0,0,0,91,92,23.1,6.2,69.8,69.3
30/05/2025 17:32,23.2,17,55.1,951.2,526,951.4,0,22.9,13.7,1001,0,0,0,91,92,23.1,6.2,69.8,69.3
30/05/2025 17:33,23.2,17,55.1,951.4,526,951.4,0,22.9,13.7,1001,0,0,0,91,91,23.1,6.2,69.8,69.3
30/05/2025 17:33,23.2,17,55.1,951.4,526,951.4,0,22.9,13.7,1001,0,0,0,90,91,23.1,6.2,69.8,69.3
30/05/2025 17:34,23.2,17,55.1,951.4,526,951.4,0,22.9,13.7,1001,0,0,0,91,91,23.1,6.2,69.8,69.3
30/05/2025 17:34,23.2,17,55.1,951.4,526,951.4,0,22.9,13.7,1001,0,0,0,90,91,23.1,6.2,69.8,69.3
30/05/2025 17:35,23.2,17,55.1,951.4,526,951.4,0,22.9,13.7,1001,0,0,0,91,92,23.1,6.2,69.8,69.3
30/05/2025 17:35,23.2,17,55.1,951.2,526,951.4,0,22.9,13.7,1001,0,0,0,91,91,23.1,6.2,69.8,69.3
30/05/2025 17:36,23.1,17,55.1,951.4,526,951.4,0,22.9,13.7,1000,0,0,0,92,92,23.1,6.2,69.8,69.3
30/05/2025 17:36,23.1,17,55.1,951.4,526,951.4,0,22.9,13.7,1000,0,0,0,91,91,23.1,6.2,69.8,69.3
30/05/2025 17:37,23.1,17,55,951.4,526,951.4,0,22.9,13.6,1000,0,0,0,91,92,23.1,6.2,69.8,69.3
30/05/2025 17:37,23.1,17,55.1,951.4,526,951.4,0,22.9,13.6,1000,0,0,0,91,91,23.1,6.2,69.8,69.3
30/05/2025 17:38,23.1,17,55.1,951.2,526,951.3,0,22.9,13.6,1001,0,0,0,91,92,23.1,6.2,69.8,69.3
30/05/2025 17:38,23.1,17,55,951.4,526,951.4,0,22.9,13.6,1000,0,0,0,91,92,23.1,6.2,69.8,69.3
30/05/2025 17:39,23.1,17,55,951.4,526,951.4,0,22.9,13.6,1000,0,0,0,91,91,23.1,6.2,69.8,69.3
30/05/2025 17:39,23.1,17,55,951.2,528,951.3,0,22.9,13.6,1001,0,0,0,91,91,23.1,6.2,69.8,69.3
30/05/2025 17:40,23.1,17,55,951.4,526,951.4,0,22.8,13.6,1000,0,0,0,91,92,23.1,6.2,69.8,69.3
30/05/2025 17:40,23.1,17,55,951.2,526,951.3,0,22.9,13.6,1001,0,0,0,91,92,23.1,6.2,69.8,69.3
30/05/2025 17:41,23.1,17,55,951.2,526,951.3,0,22.9,13.6,1001,0,0,0,91,91,23.1,6.2,69.8,69.3
30/05/2025 17:41,23.1,17,55,951.4,526,951.4,0,22.8,13.6,1000,0,0,0,91,92,23.1,6.2,69.8,69.3
30/05/2025 17:42,23.1,17,55,951.4,526,951.4,0,22.8,13.6,1000,0,0,0,91,92,23.1,6.2,69.8,69.3
30/05/2025 17:42,23.1,17,55,951.2,528,951.3,0,22.9,13.6,1001,0,0,0,91,92,23.1,6.2,69.8,69.3
30/05/2025 17:43,23.1,16.9,55.1,951.2,526,951.3,0,22.9,13.6,1000,0,0,0,91,92,23.1,6.2,69.8,69.2
30/05/2025 17:43,23.1,17,55,951.4,526,951.4,0,22.8,13.6,1000,0,0,0,91,91,23.1,6.2,69.8,69.3
30/05/2025 17:44,23.1,17,55,951.4,526,951.4,0,22.8,13.6,1000,0,0,0,91,92,23.1,6.2,69.8,69.3
30/05/2025 17:44,23.1,17,55,951.4,526,951.4,0,22.8,13.6,1000,0,0,0,91,91,23.1,6.2,69.8,69.3
30/05/2025 17:45,23.1,17,55,951.2,526,951.3,0,22.8,13.6,1001,0,0,0,91,92,23.1,6.2,69.8,69.3
30/05/2025 17:45,23.1,17,55,951.4,526,951.4,0,22.9,13.6,1000,0,0,0,91,91,23.1,6.2,69.8,69.3
30/05/2025 17:46,23.1,17,55,951.2,528,951.3,0,22.8,13.6,1001,0,0,0,91,92,23.1,6.2,69.8,69.3
30/05/2025 17:46,23.1,17,55,951.2,528,951.3,0,22.9,13.6,1001,0,0,0,90,91,23.1,6.2,69.8,69.3
30/05/2025 17:47,23.1,17,55,951.4,526,951.4,0,22.9,13.6,1000,0,0,0,91,91,23.1,6.2,69.8,69.3
30/05/2025 17:47,23.1,17,55,951.2,528,951.3,0,22.9,13.6,1001,0,0,0,91,92,23.1,6.2,69.8,69.3
30/05/2025 17:48,23.1,17,55,951.4,526,951.4,0,22.9,13.6,1000,0,0,0,91,92,23.1,6.2,69.8,69.3
30/05/2025 17:48,23.1,17,55.1,951.2,526,951.3,0,22.9,13.7,1001,0,0,0,91,91,23.1,6.2,69.8,69.3
30/05/2025 17:49,23.1,17,55.1,951.2,528,951.3,0,22.9,13.7,1001,0,0,0,91,92,23.1,6.2,69.8,69.3
30/05/2025 17:49,23.2,17,55.1,951.2,526,951.3,0,22.9,13.7,1002,0,0,0,91,91,23.1,6.2,69.8,69.3
30/05/2025 17:50,23.2,17,55.1,951.2,528,951.3,0,22.9,13.7,1002,0,0,0,91,92,23.1,6.2,69.8,69.3
30/05/2025 17:50,23.2,17,55.1,951.2,526,951.3,0,22.9,13.7,1002,0,0,0,91,92,23.1,6.2,69.8,69.3
30/05/2025 17:51,23.2,17,55.1,951.4,526,951.4,0,22.9,13.7,1001,0,0,0,92,92,23.1,6.2,69.8,69.3
30/05/2025 17:51,23.2,17,55.1,951.2,528,951.3,0,22.9,13.7,1002,0,0,0,90,90,23.1,6.2,69.8,69.3
30/05/2025 17:52,23.2,17,55.1,951.2,528,951.3,0,22.9,13.7,1002,0,0,0,91,92,23.1,6.2,69.8,69.3
30/05/2025 17:52,23.2,17,55.1,951.4,526,951.4,0,22.9,13.7,1002,0,0,0,91,92,23.2,6.2,69.9,69.3
30/05/2025 17:53,23.2,17,55.2,951.2,526,951.3,0,22.9,13.7,1002,0,0,0,91,91,23.1,6.2,69.8,69.3
30/05/2025 17:53,23.2,17,55.1,951.2,526,951.3,0,22.9,13.7,1003,0,0,0,91,92,23.2,6.2,69.9,69.3
30/05/2025 17:54,23.2,17,55.1,951.2,528,951.3,0,22.9,13.7,1003,0,0,0,91,91,23.2,6.2,69.9,69.3
30/05/2025 17:54,23.2,17,55.1,951.2,526,951.3,0,22.9,13.7,1003,0,0,0,90,91,23.2,6.2,69.9,69.3
30/05/2025 17:55,23.2,17,55.1,951.2,526,951.3,0,22.9,13.7,1003,0,0,0,91,92,23.2,6.2,69.9,69.3
30/05/2025 17:55,23.2,17,55.1,951.2,526,951.3,0,22.9,13.7,1003,0,0,0,91,92,23.2,6.2,69.9,69.3
30/05/2025 17:56,23.2,17,55.1,951.2,526,951.3,0,22.9,13.7,1003,0,0,0,90,91,23.2,6.2,69.9,69.3
30/05/2025 17:56,23.2,17,55.1,951.2,526,951.3,0,22.9,13.7,1003,0,0,0,91,91,23.2,6.2,69.9,69.3
30/05/2025 17:57,23.2,17,55.1,951.4,526,951.4,0,22.9,13.7,1002,0,0,0,92,92,23.2,6.2,69.9,69.3
30/05/2025 17:57,23.2,17,55.1,951.4,526,951.4,0,22.9,13.7,1002,0,0,0,91,91,23.2,6.2,69.9,69.3
30/05/2025 17:58,23.2,17,55.1,951.2,528,951.3,0,22.9,13.7,1003,0,0,0,91,91,23.2,6.2,69.9,69.3
30/05/2025 17:58,23.2,17,55.1,951.4,526,951.4,0,22.9,13.7,1002,0,0,0,91,92,23.2,6.2,69.9,69.3
30/05/2025 17:59,23.2,17,55.1,951.2,528,951.3,0,22.9,13.7,1003,0,0,0,91,91,23.2,6.2,69.9,69.3
30/05/2025 17:59,23.2,17,55.1,951.2,526,951.3,0,22.9,13.7,1003,0,0,0,91,92,23.2,6.2,69.9,69.3
30/05/2025 18:00,23.2,17,55.1,951.2,526,951.3,0,22.9,13.7,1003,0,0,0,90,91,23.2,6.2,69.9,69.3
30/05/2025 18:00,23.2,17,55.1,951.2,528,951.3,0,22.9,13.7,1003,0,0,0,90,91,23.2,6.2,69.9,69.3
30/05/2025 18:01,23.2,17,55.1,951.2,528,951.2,0,22.9,13.7,1004,0,0,0,91,91,23.2,6.2,69.9,69.3
30/05/2025 18:01,23.2,17,55.1,951.4,526,951.4,0,22.9,13.7,1001,0,0,0,91,92,23.1,6.2,69.8,69.3
30/05/2025 18:02,23.2,17,55.1,951.2,526,951.3,0,22.9,13.7,1002,0,0,0,91,91,23.1,6.2,69.8,69.3
30/05/2025 18:02,23.2,17,55.1,951.2,528,951.3,0,22.9,13.7,1002,0,0,0,91,91,23.1,6.2,69.8,69.3
30/05/2025 18:03,23.2,17,55.1,951.2,528,951.3,0,22.9,13.7,1002,0,0,0,91,91,23.1,6.2,69.8,69.3
30/05/2025 18:03,23.2,17,55,951.2,526,951.3,0,22.9,13.6,1002,0,0,0,92,92,23.1,6.2,69.8,69.3
30/05/2025 18:04,23.2,17,55,951.2,528,951.3,0,22.9,13.6,1002,0,0,0,91,92,23.1,6.2,69.8,69.3
30/05/2025 18:04,23.2,17,55,951.2,528,951.3,0,22.9,13.6,1002,0,0,0,91,92,23.1,6.2,69.8,69.3
30/05/2025 18:05,23.2,17,55,951.2,528,951.3,0,22.9,13.6,1002,0,0,0,90,91,23.1,6.2,69.8,69.3
30/05/2025 18:05,23.2,17,55,951.2,528,951.2,0,22.9,13.6,1003,0,0,0,91,91,23.1,6.2,69.8,69.3
30/05/2025 18:06,23.2,17,55,951.2,528,951.3,0,22.9,13.6,1002,0,0,0,91,91,23.1,6.2,69.8,69.3
30/05/2025 18:06,23.2,17,55,951.2,528,951.2,0,22.9,13.6,1003,0,0,0,91,91,23.1,6.2,69.8,69.3
30/05/2025 18:07,23.2,17,55,951.2,528,951.3,0,22.9,13.6,1002,0,0,0,91,92,23.1,6.2,69.8,69.3
30/05/2025 18:07,23.2,17,55,951.2,528,951.2,0,22.9,13.6,1003,0,0,0,90,91,23.1,6.2,69.8,69.3
30/05/2025 18:08,23.1,17,55,951.2,528,951.2,0,22.9,13.6,1003,0,0,0,91,92,23.1,6.2,69.8,69.3
30/05/2025 18:08,23.1,17,55,951.2,528,951.2,0,22.9,13.6,1003,0,0,0,91,91,23.1,6.2,69.8,69.3
30/05/2025 18:09,23.1,17,55,951.2,528,951.3,0,22.9,13.6,1001,0,0,0,91,92,23.1,6.2,69.8,69.3
30/05/2025 18:09,23.1,17,55,951.2,528,951.3,0,22.9,13.6,1001,0,0,0,90,91,23.1,6.2,69.8,69.3
30/05/2025 18:10,23.1,17,55,951.2,528,951.2,0,22.9,13.6,1003,0,0,0,91,91,23.1,6.2,69.8,69.3
30/05/2025 18:10,23.2,17,55,951.2,526,951.4,0,22.8,13.6,1001,0,0,0,92,92,23.1,6.2,69.8,69.3
30/05/2025 18:11,23.1,17,55,951.2,528,951.2,0,22.9,13.6,1003,0,0,0,91,91,23.1,6.2,69.8,69.3
30/05/2025 18:11,23.1,17,55,951.2,528,951.2,0,22.9,13.6,1003,0,0,0,91,91,23.1,6.2,69.8,69.3
30/05/2025 18:12,23.1,17,55,951.2,526,951.3,0,22.9,13.6,1001,0,0,0,91,92,23.1,6.2,69.8,69.3
30/05/2025 18:12,23.1,17,55,951.2,528,951.2,0,22.8,13.6,1003,0,0,0,92,92,23.1,6.2,69.8,69.2
30/05/2025 18:13,23.1,17,55,951.2,528,951.2,0,22.9,13.6,1003,0,0,0,91,91,23.1,6.2,69.8,69.3
30/05/2025 18:13,23.1,17,55,951.2,528,951.2,0,22.9,13.6,1003,0,0,0,91,91,23.1,6.2,69.8,69.3
30/05/2025 18:14,23.2,17,55,951.2,528,951.1,0,22.8,13.6,1004,0,0,0,92,92,23.1,6.2,69.8,69.3
30/05/2025 18:14,23.2,17,55,951.2,528,951.2,0,22.9,13.6,1003,0,0,0,91,91,23.1,6.2,69.8,69.3
30/05/2025 18:15,23.2,17,55,951.2,528,951.2,0,22.9,13.6,1003,0,0,0,91,91,23.1,6.2,69.8,69.3
30/05/2025 18:15,23.2,17,55,951.2,528,951.2,0,22.9,13.6,1003,0,0,0,90,91,23.1,6.2,69.8,69.3
30/05/2025 18:16,23.2,17,55,951.2,528,951.2,0,22.9,13.6,1003,0,0,0,91,92,23.1,6.2,69.8,69.3
30/05/2025 18:16,23.2,17,55,951,528,951.1,0,22.9,13.6,1004,0,0,0,91,92,23.1,6.2,69.8,69.3
30/05/2025 18:17,23.2,17,55,951.2,528,951.3,0,22.9,13.6,1002,0,0,0,90,90,23.1,6.2,69.8,69.3
30/05/2025 18:17,23.2,17,55.1,951.2,528,951.3,0,22.9,13.7,1002,0,0,0,91,92,23.1,6.2,69.8,69.3
30/05/2025 18:18,23.2,17,55.1,951.2,526,951.3,0,22.9,13.7,1002,0,0,0,91,91,23.1,6.2,69.8,69.3
30/05/2025 18:18,23.2,17,55.1,951.2,528,951.2,0,22.9,13.7,1003,0,0,0,91,91,23.1,6.2,69.8,69.3
30/05/2025 18:19,23.2,17,55,951.2,528,951.2,0,22.9,13.7,1004,0,0,0,91,91,23.2,6.2,69.9,69.3
30/05/2025 18:19,23.2,17,55,951.2,528,951.3,0,22.9,13.7,1003,0,0,0,90,91,23.2,6.2,69.9,69.3
30/05/2025 18:20,23.2,17,55,951.2,528,951.3,0,22.9,13.7,1003,0,0,0,91,92,23.2,6.2,69.9,69.3
30/05/2025 18:20,23.2,17,55,951.2,528,951.2,0,22.9,13.7,1004,0,0,0,91,91,23.2,6.2,69.9,69.3
30/05/2025 18:21,23.2,17,55.1,951.2,528,951.2,0,22.9,13.7,1004,0,0,0,90,91,23.2,6.2,69.9,69.3
30/05/2025 18:21,23.2,17,55.1,951.2,528,951.2,0,22.9,13.7,1004,0,0,0,90,91,23.2,6.2,69.9,69.3
30/05/2025 18:22,23.2,17,55.1,951.2,528,951.2,0,22.9,13.7,1004,0,0,0,91,91,23.2,6.2,69.9,69.3
30/05/2025 18:22,23.2,17,55,951.2,528,951.2,0,22.9,13.7,1005,0,0,0,90,91,23.2,6.2,69.9,69.3
30/05/2025 18:23,23.2,17,55,951.2,528,951.2,0,22.9,13.7,1005,0,0,0,90,91,23.2,6.2,69.9,69.3
30/05/2025 18:23,23.2,17,55.1,951.2,528,951.2,0,22.9,13.7,1005,0,0,0,92,92,23.2,6.2,69.9,69.3
30/05/2025 18:24,23.2,17,55.1,951.2,528,951.2,0,22.9,13.7,1005,0,0,0,91,92,23.2,6.2,69.9,69.3
30/05/2025 18:24,23.2,17,55.1,951,528,951.1,0,22.9,13.7,1006,0,0,0,91,92,23.2,6.2,69.9,69.3
30/05/2025 18:25,23.2,17,55.1,951,530,951.1,0,22.9,13.7,1006,0,0,0,91,91,23.2,6.2,69.9,69.3
30/05/2025 18:25,23.2,17,55.1,951,528,951.1,0,22.9,13.7,1006,0,0,0,91,92,23.2,6.2,69.9,69.3
30/05/2025 18:26,23.2,17,55.1,951,528,951.1,0,22.9,13.7,1006,0,0,0,91,91,23.2,6.2,69.9,69.3
30/05/2025 18:26,23.2,17,55.1,951,528,951.1,0,22.9,13.7,1006,0,0,0,90,91,23.2,6.2,69.9,69.3
30/05/2025 18:27,23.2,17,55.1,951,530,951.1,0,22.9,13.7,1006,0,0,0,91,91,23.2,6.2,69.9,69.3
30/05/2025 18:27,23.2,17,55,951.2,528,951.2,0,22.9,13.7,1005,0,0,0,90,91,23.2,6.2,69.9,69.3
30/05/2025 18:28,23.2,17,55,951.2,528,951.1,0,22.9,13.7,1006,0,0,0,90,91,23.2,6.2,69.9,69.3
30/05/2025 18:28,23.2,17,55,951,528,951.1,0,22.9,13.7,1006,0,0,0,90,91,23.2,6.2,69.9,69.3
30/05/2025 18:29,23.2,17,55.1,951.2,528,951.2,0,22.9,13.7,1005,0,0,0,91,91,23.2,6.2,69.9,69.3
30/05/2025 18:29,23.2,17,55,951,528,951.1,0,22.9,13.7,1006,0,0,0,91,92,23.2,6.2,69.9,69.3
30/05/2025 18:30,23.2,17,55,951.2,528,951.2,0,22.9,13.7,1005,0,0,0,90,91,23.2,6.2,69.9,69.3
30/05/2025 18:30,23.2,17,55,951.2,528,951.2,0,22.9,13.7,1005,0,0,0,91,92,23.2,6.2,69.9,69.3
30/05/2025 18:31,23.2,17,55.1,951.2,528,951.2,0,22.9,13.7,1004,0,0,0,91,91,23.2,6.2,69.9,69.3
30/05/2025 18:31,23.2,17,55,951.2,528,951.2,0,22.8,13.7,1005,0,0,0,91,91,23.2,6.2,69.9,69.3
30/05/2025 18:32,23.2,17,55,951,530,951.1,0,22.9,13.7,1005,0,0,0,90,91,23.2,6.2,69.9,69.3
30/05/2025 18:32,23.2,17,55,951,530,951.1,0,22.9,13.7,1005,0,0,0,91,91,23.2,6.2,69.9,69.3
30/05/2025 18:33,23.2,17,55,951,528,951.1,0,22.9,13.7,1005,0,0,0,91,92,23.2,6.2,69.9,69.3
30/05/2025 18:33,23.2,17,55,951,528,951.1,0,22.9,13.7,1005,0,0,0,90,91,23.2,6.2,69.9,69.3
30/05/2025 18:34,23.2,17,55,951,528,951.1,0,22.9,13.7,1005,0,0,0,90,91,23.2,6.2,69.8,69.3
30/05/2025 18:34,23.2,17,55,951,528,951.1,0,22.9,13.7,1005,0,0,0,90,91,23.2,6.2,69.8,69.3
30/05/2025 18:35,23.2,17,55,951.2,528,951.1,0,22.9,13.7,1005,0,0,0,91,91,23.2,6.2,69.8,69.3
30/05/2025 18:35,23.2,17,55,951,528,951.1,0,22.8,13.7,1005,0,0,0,90,91,23.2,6.2,69.8,69.3
30/05/2025 18:36,23.2,17,55,951.2,528,951.1,0,22.8,13.7,1005,0,0,0,90,91,23.2,6.2,69.8,69.3
30/05/2025 18:36,23.2,17,55,951,530,951.1,0,22.8,13.7,1005,0,0,0,90,91,23.2,6.2,69.8,69.3
30/05/2025 18:37,23.2,17,55,951.2,528,951.2,0,22.8,13.7,1004,0,0,0,91,91,23.2,6.2,69.8,69.3
30/05/2025 18:37,23.2,17,55,951,528,951.1,0,22.8,13.7,1005,0,0,0,90,90,23.2,6.2,69.8,69.3
30/05/2025 18:38,23.2,17,55,951,528,951.1,0,22.8,13.7,1005,0,0,0,91,91,23.2,6.2,69.8,69.3
30/05/2025 18:38,23.2,17,55,951.2,528,951.2,0,22.8,13.7,1004,0,0,0,90,91,23.2,6.2,69.8,69.3
30/05/2025 18:39,23.2,17,55,951,530,951.1,0,22.8,13.7,1005,0,0,0,91,92,23.2,6.2,69.8,69.3
30/05/2025 18:39,23.2,17,55,951,528,951.1,0,22.8,13.7,1005,0,0,0,91,92,23.2,6.2,69.8,69.3
30/05/2025 18:40,23.2,17,55,951,530,951,0,22.8,13.7,1006,0,0,0,90,91,23.2,6.2,69.8,69.3
30/05/2025 18:40,23.2,17,55,951,530,951,0,22.8,13.7,1006,0,0,0,91,92,23.2,6.2,69.8,69.3
30/05/2025 18:41,23.2,17,54.9,951,530,951.1,0,22.8,13.7,1006,0,0,0,91,91,23.2,6.2,69.9,69.3
30/05/2025 18:41,23.2,17,54.9,951,530,951,0,22.8,13.7,1007,0,0,0,91,92,23.2,6.2,69.9,69.3
30/05/2025 18:42,23.2,17,55,951,528,951.1,0,22.9,13.7,1005,0,0,0,91,91,23.2,6.2,69.8,69.3
30/05/2025 18:42,23.2,17,54.9,951,528,951.1,0,22.8,13.7,1006,0,0,0,91,91,23.2,6.2,69.9,69.3
30/05/2025 18:43,23.2,17,54.9,951,530,951.1,0,22.8,13.7,1006,0,0,0,91,91,23.2,6.2,69.9,69.3
30/05/2025 18:43,23.2,17,55,951,530,951.1,0,22.8,13.7,1006,0,0,0,91,91,23.2,6.2,69.9,69.3
30/05/2025 18:44,23.2,17,55,951,530,951.1,0,22.9,13.7,1006,0,0,0,91,92,23.2,6.2,69.9,69.3
30/05/2025 18:44,23.2,17,55,951,528,951.1,0,22.9,13.7,1006,0,0,0,92,92,23.2,6.2,69.9,69.3
30/05/2025 18:45,23.2,17,55,951,528,951.1,0,22.9,13.7,1006,0,0,0,91,91,23.2,6.2,69.9,69.3
30/05/2025 18:45,23.2,17,55,951.2,528,951.2,0,22.8,13.7,1006,0,0,0,91,92,23.2,6.2,69.9,69.4
30/05/2025 18:46,23.2,17,55,951,530,951.1,0,22.9,13.7,1006,0,0,0,91,92,23.2,6.2,69.9,69.3
30/05/2025 18:46,23.2,17,55,951,528,951.1,0,22.9,13.7,1007,0,0,0,91,91,23.2,6.2,69.9,69.4
30/05/2025 18:47,23.2,17,55,951,530,951,0,22.9,13.7,1007,0,0,0,91,91,23.2,6.2,69.9,69.4
30/05/2025 18:47,23.2,17,55.1,951.2,528,951.1,0,22.9,13.7,1007,0,0,0,91,91,23.2,6.2,69.9,69.4
30/05/2025 18:48,23.2,17,55.1,951,530,951.1,0,22.9,13.7,1007,0,0,0,91,91,23.2,6.2,69.9,69.4
30/05/2025 18:48,23.3,17.1,55,951,530,951.1,0,22.9,13.7,1007,0,0,0,91,92,23.2,6.2,69.9,69.4
30/05/2025 18:49,23.3,17.1,55,951,530,951.1,0,22.9,13.7,1007,0,0,0,91,91,23.2,6.2,69.9,69.4
30/05/2025 18:49,23.3,17.1,55,951,528,951.1,0,22.9,13.7,1007,0,0,0,91,91,23.2,6.2,69.9,69.4
30/05/2025 18:50,23.3,17.1,55.1,951,530,951.1,0,22.9,13.8,1007,0,0,0,91,91,23.2,6.2,70,69.4
30/05/2025 18:50,23.3,17.1,55.1,951,530,951.1,0,22.9,13.8,1007,0,0,0,91,91,23.2,6.2,70,69.4
30/05/2025 18:51,23.3,17.1,55.1,951,530,951.1,0,22.9,13.8,1007,0,0,0,91,92,23.2,6.2,70,69.4
30/05/2025 18:51,23.3,17.1,55.1,951,530,951,0,22.9,13.8,1009,0,0,0,92,93,23.2,6.2,70,69.4
30/05/2025 18:52,23.3,17.1,55.1,951,530,951.1,0,22.9,13.8,1007,0,0,0,91,92,23.2,6.2,70,69.4
30/05/2025 18:52,23.3,17.1,55,951,530,951.1,0,22.9,13.8,1009,0,0,0,91,92,23.2,6.2,70,69.4
30/05/2025 18:53,23.3,17.1,55,951,530,951.1,0,22.9,13.8,1009,0,0,0,91,92,23.2,6.2,70,69.4
30/05/2025 18:53,23.3,17.1,55.1,951,530,951,0,22.9,13.8,1010,0,0,0,91,92,23.2,6.2,70,69.4
30/05/2025 18:54,23.3,17.1,55.1,951,530,951,0,22.9,13.8,1010,0,0,0,91,91,23.2,6.2,70,69.4
30/05/2025 18:54,23.3,17.1,55.1,951,530,951,0,22.9,13.8,1010,0,0,0,91,92,23.2,6.2,70,69.4
30/05/2025 18:55,23.3,17.1,55.1,951,528,951.1,0,22.9,13.8,1009,0,0,0,91,91,23.2,6.2,70,69.4
30/05/2025 18:55,23.3,17.1,55.1,951,530,951,0,22.9,13.8,1010,0,0,0,91,91,23.2,6.2,70,69.4
30/05/2025 18:56,23.3,17.1,55.1,951,530,951,0,22.9,13.8,1010,0,0,0,91,92,23.2,6.2,70,69.4
30/05/2025 18:56,23.3,17.1,55.1,951,530,951,0,22.9,13.8,1010,0,0,0,92,92,23.2,6.2,70,69.4
30/05/2025 18:57,23.3,17.1,55,951,530,951,0,22.9,13.8,1010,0,0,0,90,91,23.2,6.2,70,69.4
30/05/2025 18:57,23.3,17.1,55,951,530,951,0,22.9,13.8,1010,0,0,0,91,92,23.2,6.2,70,69.4
30/05/2025 18:58,23.3,17.1,55,951,530,951,0,22.8,13.7,1010,0,0,0,92,93,23.2,6.2,70,69.4
30/05/2025 18:58,23.3,17.1,55,951,530,951,0,22.8,13.7,1010,0,0,0,91,92,23.2,6.2,70,69.4
30/05/2025 18:59,23.3,17.1,55.1,951,530,951,0,22.9,13.7,1009,0,0,0,91,92,23.2,6.2,69.9,69.4
30/05/2025 18:59,23.3,17.1,55,951,530,951,0,22.8,13.7,1010,0,0,0,90,90,23.2,6.2,70,69.4
30/05/2025 19:00,23.3,17.1,55,951,530,951,0,22.9,13.7,1009,0,0,0,91,91,23.2,6.2,69.9,69.4
30/05/2025 19:00,23.3,17.1,55,951,530,951,0,22.9,13.7,1009,0,0,0,91,92,23.2,6.2,69.9,69.4
30/05/2025 19:01,23.3,17.1,55,951,530,951,0,22.9,13.7,1009,0,0,0,90,91,23.2,6.2,69.9,69.4
30/05/2025 19:01,23.3,17.1,55,951,530,951.1,0,22.9,13.7,1007,0,0,0,91,92,23.2,6.2,69.9,69.4
30/05/2025 19:02,23.3,17.1,55,951,530,951,0,22.9,13.7,1009,0,0,0,91,92,23.2,6.2,69.9,69.4
30/05/2025 19:02,23.3,17.1,55,951,530,951.1,0,22.8,13.7,1007,0,0,0,90,91,23.2,6.2,69.9,69.4
30/05/2025 19:03,23.3,17.1,55,951,530,951,0,22.8,13.7,1009,0,0,0,91,91,23.2,6.2,69.9,69.4
30/05/2025 19:03,23.3,17.1,55,951,530,951,0,22.8,13.7,1009,0,0,0,91,91,23.2,6.2,69.9,69.4
30/05/2025 19:04,23.3,17.1,54.9,951,530,951,0,22.8,13.7,1009,0,0,0,90,91,23.2,6.2,69.9,69.4
30/05/2025 19:04,23.3,17.1,54.9,951,530,951,0,22.8,13.7,1009,0,0,0,90,90,23.2,6.2,69.9,69.4
30/05/2025 19:05,23.3,17.1,54.9,951,530,951,0,22.8,13.7,1009,0,0,0,90,91,23.2,6.2,69.9,69.4
30/05/2025 19:05,23.3,17.1,54.9,951,530,951,0,22.8,13.7,1009,0,0,0,90,91,23.2,6.2,69.9,69.4
30/05/2025 19:06,23.2,17,55,951,530,951.1,0,22.8,13.7,1007,0,0,0,91,92,23.2,6.2,69.9,69.4
30/05/2025 19:06,23.3,17.1,54.9,951,530,951.1,0,22.8,13.7,1007,0,0,0,91,91,23.2,6.2,69.9,69.4
30/05/2025 19:07,23.3,17.1,54.9,951,530,951,0,22.8,13.7,1009,0,0,0,90,91,23.2,6.2,69.9,69.4
30/05/2025 19:07,23.3,17.1,54.9,951,530,951,0,22.8,13.7,1009,0,0,0,92,92,23.2,6.2,69.9,69.4
30/05/2025 19:08,23.3,17.1,54.9,951,530,951,0,22.8,13.7,1009,0,0,0,90,91,23.2,6.2,69.9,69.4
30/05/2025 19:08,23.3,17.1,54.9,951,530,951,0,22.8,13.7,1009,0,0,0,91,91,23.2,6.2,69.9,69.4
30/05/2025 19:09,23.3,17.1,54.9,951,530,951,0,22.8,13.7,1009,0,0,0,90,91,23.2,6.2,69.9,69.4
30/05/2025 19:09,23.3,17.1,54.9,951,530,951,0,22.8,13.7,1009,0,0,0,91,92,23.2,6.2,69.9,69.4
30/05/2025 19:10,23.3,17.1,54.9,951,530,951,0,22.8,13.7,1009,0,0,0,91,91,23.2,6.2,69.9,69.4
30/05/2025 19:10,23.3,17.1,54.9,951,530,951,0,22.8,13.7,1009,0,0,0,91,91,23.2,6.2,69.9,69.4
30/05/2025 19:11,23.3,17.1,54.9,951,530,951,0,22.8,13.7,1009,0,0,0,91,91,23.2,6.2,69.9,69.4
30/05/2025 19:11,23.3,17.1,54.9,951,530,951.1,0,22.8,13.7,1007,0,0,0,91,91,23.2,6.2,69.9,69.4
30/05/2025 19:12,23.3,17.1,55,951,530,951,0,22.8,13.7,1009,0,0,0,91,91,23.2,6.2,69.9,69.4
30/05/2025 19:12,23.3,17.1,54.9,951,530,951.1,0,22.8,13.7,1009,0,0,0,90,90,23.2,6.2,70,69.4
30/05/2025 19:13,23.3,17.1,54.9,951,530,951,0,22.8,13.7,1010,0,0,0,91,92,23.2,6.2,70,69.4
30/05/2025 19:13,23.3,17.1,54.9,951,530,951,0,22.8,13.7,1010,0,0,0,92,92,23.2,6.2,70,69.4
30/05/2025 19:14,23.3,17.1,54.9,951,530,951,0,22.8,13.7,1010,0,0,0,90,91,23.2,6.2,70,69.4
30/05/2025 19:14,23.3,17.1,54.9,951,530,951,0,22.8,13.7,1010,0,0,0,91,91,23.2,6.2,70,69.4
30/05/2025 19:15,23.3,17.1,55,951,530,951,0,22.8,13.7,1010,0,0,0,91,92,23.2,6.2,70,69.4
30/05/2025 19:15,23.3,17.1,55,951,530,951.1,0,22.8,13.7,1009,0,0,0,91,92,23.2,6.2,70,69.4
30/05/2025 19:16,23.3,17.1,55,951,530,951,0,22.8,13.7,1010,0,0,0,90,91,23.2,6.2,70,69.4
30/05/2025 19:16,23.3,17.1,55,951,530,951,0,22.9,13.8,1010,0,0,0,91,92,23.3,6.2,70,69.5
30/05/2025 19:17,23.3,17.1,55,950.9,530,950.9,0,22.9,13.8,1011,0,0,0,90,91,23.3,6.2,70,69.5
30/05/2025 19:17,23.3,17.1,55,951,530,951,0,22.9,13.8,1010,0,0,0,91,91,23.3,6.2,70,69.5
30/05/2025 19:18,23.3,17.1,55,951,530,951,0,22.9,13.8,1010,0,0,0,91,91,23.3,6.2,70,69.5
30/05/2025 19:18,23.3,17.1,55,951,530,951,0,23,13.8,1010,0,0,0,91,91,23.3,6.2,70,69.5
30/05/2025 19:19,23.3,17.1,55,950.9,530,950.9,0,23,13.8,1011,0,0,0,91,91,23.3,6.2,70,69.5
30/05/2025 19:19,23.3,17.1,55,950.9,530,950.9,0,23,13.8,1011,0,0,0,91,91,23.3,6.2,70,69.5
30/05/2025 19:20,23.3,17.1,54.9,950.9,530,950.9,0,22.9,13.8,1012,0,0,0,91,91,23.3,6.2,70,69.5
30/05/2025 19:20,23.3,17.1,54.9,951,530,951,0,22.9,13.8,1011,0,0,0,91,91,23.3,6.2,70,69.5
30/05/2025 19:21,23.3,17.1,55,951,530,951,0,23,13.8,1010,0,0,0,91,92,23.3,6.2,70,69.5
30/05/2025 19:21,23.3,17.1,55,951,530,951,0,23,13.8,1010,0,0,0,91,91,23.3,6.2,70,69.5
30/05/2025 19:22,23.3,17.1,55,951,530,951,0,23,13.8,1010,0,0,0,91,91,23.3,6.2,70,69.5
30/05/2025 19:22,23.3,17.1,55,950.9,530,950.9,0,23,13.8,1011,0,0,0,92,92,23.3,6.2,70,69.5
30/05/2025 19:23,23.3,17.1,55,951,530,951,0,23,13.8,1010,0,0,0,91,91,23.3,6.2,70,69.5
30/05/2025 19:23,23.3,17.1,55,950.9,530,950.9,0,23,13.8,1011,0,0,0,91,92,23.3,6.2,70,69.5
30/05/2025 19:24,23.3,17.1,55,950.9,530,950.9,0,22.9,13.8,1011,0,0,0,91,92,23.3,6.2,70,69.5
30/05/2025 19:24,23.3,17.1,55,951,530,951.1,0,22.9,13.8,1009,0,0,0,90,90,23.3,6.2,70,69.5
30/05/2025 19:25,23.3,17.1,55,950.9,531,950.9,0,22.9,13.8,1011,0,0,0,90,91,23.3,6.2,70,69.5
30/05/2025 19:25,23.3,17.1,55,951,530,951,0,22.9,13.8,1010,0,0,0,91,92,23.3,6.2,70,69.5
30/05/2025 19:26,23.3,17.1,55,950.9,530,950.9,0,22.9,13.8,1011,0,0,0,92,92,23.3,6.2,70,69.5
30/05/2025 19:26,23.3,17.1,54.9,951,530,951,0,22.9,13.7,1010,0,0,0,91,91,23.3,6.2,70,69.5
30/05/2025 19:27,23.3,17.1,55,951,530,951,0,22.8,13.7,1010,0,0,0,91,92,23.2,6.2,70,69.4
30/05/2025 19:27,23.3,17.1,54.9,951,530,951,0,22.9,13.7,1010,0,0,0,91,92,23.3,6.2,70,69.4
30/05/2025 19:28,23.3,17.1,54.9,951,530,951,0,22.8,13.7,1010,0,0,0,91,92,23.2,6.2,70,69.4
30/05/2025 19:28,23.3,17.1,54.9,951,530,951,0,22.8,13.7,1010,0,0,0,92,92,23.2,6.2,70,69.4
30/05/2025 19:29,23.3,17.1,54.9,951,530,951,0,22.8,13.7,1010,0,0,0,92,92,23.2,6.2,70,69.4
30/05/2025 19:29,23.3,17.1,54.9,951,530,951,0,22.8,13.7,1010,0,0,0,90,91,23.2,6.2,70,69.4
30/05/2025 19:30,23.3,17.1,54.9,951,530,951,0,22.8,13.7,1010,0,0,0,91,92,23.2,6.2,70,69.4
30/05/2025 19:30,23.3,17.1,54.9,951,530,951,0,22.8,13.7,1010,0,0,0,92,92,23.2,6.2,70,69.4
30/05/2025 19:31,23.3,17.1,54.9,951,530,951.1,0,22.8,13.7,1009,0,0,0,91,92,23.2,6.2,70,69.4
30/05/2025 19:31,23.3,17.1,54.8,951,530,951,0,22.8,13.7,1010,0,0,0,92,92,23.2,6.2,70,69.4
30/05/2025 19:32,23.3,17.1,54.8,951,530,951,0,22.8,13.7,1010,0,0,0,91,92,23.2,6.2,70,69.4
30/05/2025 19:32,23.3,17.1,54.8,951,530,951.1,0,22.8,13.7,1009,0,0,0,91,92,23.2,6.2,70,69.4
30/05/2025 19:33,23.3,17.1,54.8,951,530,951,0,22.8,13.7,1010,0,0,0,91,92,23.2,6.2,70,69.4
30/05/2025 19:33,23.3,17.1,54.8,951,530,951,0,22.8,13.7,1010,0,0,0,92,92,23.2,6.2,70,69.4
30/05/2025 19:34,23.3,17.1,54.8,951,528,951.1,0,22.8,13.7,1009,0,0,0,91,91,23.2,6.2,70,69.4
30/05/2025 19:34,23.3,17.1,54.8,951,530,951,0,22.8,13.7,1010,0,0,0,92,93,23.2,6.2,70,69.4
30/05/2025 19:35,23.3,17.1,54.8,951,530,951,0,22.8,13.7,1010,0,0,0,91,92,23.2,6.2,70,69.4
30/05/2025 19:35,23.3,17.1,54.8,951,530,951,0,22.8,13.7,1010,0,0,0,91,91,23.2,6.2,70,69.4
30/05/2025 19:36,23.3,17.1,54.8,951,530,951.1,0,22.8,13.7,1009,0,0,0,91,92,23.2,6.2,70,69.4
30/05/2025 19:36,23.3,17.1,54.8,951,530,951.1,0,22.8,13.7,1009,0,0,0,91,92,23.2,6.2,70,69.4
30/05/2025 19:37,23.3,17.1,54.8,951,530,951.1,0,22.8,13.7,1009,0,0,0,91,91,23.2,6.2,70,69.4
30/05/2025 19:37,23.3,17.1,54.8,951,528,951.1,0,22.8,13.7,1009,0,0,0,91,92,23.2,6.2,70,69.4
30/05/2025 19:38,23.3,17.1,54.8,951.2,528,951.2,0,22.8,13.7,1007,0,0,0,91,92,23.2,6.2,70,69.4
30/05/2025 19:38,23.3,17.1,54.8,951,530,951,0,22.8,13.7,1010,0,0,0,90,91,23.2,6.2,70,69.4
30/05/2025 19:39,23.3,17.1,54.9,951,530,951.1,0,22.8,13.7,1009,0,0,0,92,92,23.2,6.2,70,69.4
30/05/2025 19:39,23.3,17.1,54.9,951,530,951.1,0,22.8,13.7,1009,0,0,0,92,92,23.2,6.2,70,69.4
30/05/2025 19:40,23.3,17.1,54.9,951,530,951,0,22.8,13.7,1010,0,0,0,90,91,23.2,6.2,70,69.4
30/05/2025 19:40,23.3,17.1,54.9,951,530,951.1,0,22.8,13.7,1009,0,0,0,92,92,23.2,6.2,70,69.4
30/05/2025 19:41,23.3,17.1,54.9,951,530,951,0,22.8,13.7,1010,0,0,0,91,92,23.2,6.2,70,69.4
30/05/2025 19:41,23.3,17.1,54.9,951,528,951.1,0,22.8,13.7,1009,0,0,0,92,92,23.2,6.2,70,69.4
30/05/2025 19:42,23.3,17.1,54.9,951,530,951.1,0,22.9,13.7,1009,0,0,0,93,93,23.3,6.2,70,69.4
30/05/2025 19:42,23.3,17.1,54.9,951,528,951.1,0,22.9,13.7,1009,0,0,0,91,92,23.3,6.2,70,69.4
30/05/2025 19:43,23.3,17.1,54.9,951.2,528,951.2,0,22.9,13.7,1008,0,0,0,92,92,23.3,6.2,70,69.4
30/05/2025 19:43,23.3,17.1,54.9,951,528,951.1,0,22.9,13.7,1009,0,0,0,91,92,23.3,6.2,70,69.5
30/05/2025 19:44,23.3,17.1,54.9,951,528,951.1,0,22.9,13.7,1009,0,0,0,92,92,23.3,6.2,70,69.5
30/05/2025 19:44,23.3,17.1,55,951,530,951.1,0,22.9,13.8,1009,0,0,0,92,92,23.3,6.2,70,69.5
30/05/2025 19:45,23.3,17.1,54.9,951,530,951.1,0,22.9,13.8,1010,0,0,0,92,92,23.3,6.2,70,69.5
30/05/2025 19:45,23.3,17.1,54.9,951,530,951.1,0,22.9,13.8,1010,0,0,0,91,91,23.3,6.2,70,69.5
30/05/2025 19:46,23.3,17.1,54.9,951,530,951.1,0,22.9,13.8,1010,0,0,0,91,91,23.3,6.2,70,69.5
30/05/2025 19:46,23.3,17.1,54.9,951.2,528,951.1,0,22.9,13.8,1010,0,0,0,91,91,23.3,6.2,70,69.5
30/05/2025 19:47,23.4,17.2,54.9,951.2,528,951.2,0,22.9,13.8,1010,0,0,0,91,92,23.3,6.1,70,69.5
30/05/2025 19:47,23.3,17.1,55,951,530,951.1,0,22.9,13.8,1010,0,0,0,91,92,23.3,6.2,70,69.5
30/05/2025 19:48,23.4,17.2,54.9,951.2,528,951.2,0,22.9,13.8,1010,0,0,0,92,92,23.3,6.1,70,69.5
30/05/2025 19:48,23.4,17.2,55,951,530,951.1,0,22.9,13.8,1011,0,0,0,92,93,23.3,6.1,70,69.5
30/05/2025 19:49,23.4,17.2,55,951.2,528,951.2,0,22.9,13.8,1010,0,0,0,92,92,23.3,6.1,70,69.5
30/05/2025 19:49,23.4,17.2,55,951.2,528,951.1,0,23,13.8,1011,0,0,0,92,92,23.3,6.1,70.1,69.5
30/05/2025 19:50,23.4,17.2,55,951,528,951.1,0,23,13.8,1011,0,0,0,91,92,23.3,6.1,70.1,69.5
30/05/2025 19:50,23.4,17.2,55,951.2,528,951.2,0,23,13.8,1010,0,0,0,91,91,23.3,6.1,70.1,69.5
30/05/2025 19:51,23.4,17.2,55,951,528,951.1,0,23,13.8,1011,0,0,0,91,91,23.3,6.1,70.1,69.5
30/05/2025 19:51,23.4,17.2,55,951,528,951.1,0,22.9,13.8,1011,0,0,0,91,91,23.3,6.1,70,69.5
30/05/2025 19:52,23.4,17.2,55,951.2,528,951.2,0,23,13.8,1010,0,0,0,91,91,23.3,6.1,70.1,69.5
30/05/2025 19:52,23.4,17.2,55,951.2,528,951.2,0,23,13.8,1010,0,0,0,91,92,23.3,6.1,70.1,69.5
30/05/2025 19:53,23.4,17.2,54.9,951.2,528,951.2,0,22.9,13.8,1010,0,0,0,92,92,23.3,6.2,70.1,69.5
30/05/2025 19:53,23.4,17.2,55,951,528,951.1,0,22.9,13.8,1011,0,0,0,91,92,23.3,6.1,70.1,69.5
30/05/2025 19:54,23.4,17.2,55,951.2,528,951.2,0,22.9,13.8,1010,0,0,0,91,92,23.3,6.1,70.1,69.5
30/05/2025 19:54,23.4,17.2,55,951.2,528,951.2,0,22.9,13.8,1010,0,0,0,91,92,23.3,6.1,70,69.5
30/05/2025 19:55,23.4,17.2,54.9,951.2,528,951.2,0,22.9,13.8,1010,0,0,0,91,92,23.3,6.1,70,69.5
30/05/2025 19:55,23.4,17.2,54.9,951.2,528,951.2,0,22.9,13.8,1010,0,0,0,91,91,23.3,6.1,70,69.5
30/05/2025 19:56,23.4,17.2,54.9,951.2,528,951.2,0,22.9,13.8,1010,0,0,0,92,92,23.3,6.1,70,69.5
30/05/2025 19:56,23.3,17.1,54.9,951.2,528,951.1,0,22.9,13.8,1010,0,0,0,91,92,23.3,6.2,70,69.5
30/05/2025 19:57,23.3,17.1,54.9,951.2,528,951.2,0,22.9,13.8,1009,0,0,0,90,91,23.3,6.2,70,69.5
30/05/2025 19:57,23.3,17.1,54.9,951.2,528,951.2,0,22.9,13.8,1009,0,0,0,91,92,23.3,6.2,70,69.5
30/05/2025 19:58,23.3,17.1,54.9,951.2,528,951.2,0,22.9,13.8,1009,0,0,0,92,92,23.3,6.2,70,69.5
30/05/2025 19:58,23.3,17.1,54.9,951.2,528,951.2,0,22.9,13.7,1009,0,0,0,91,92,23.3,6.2,70,69.5
30/05/2025 19:59,23.3,17.1,54.9,951.2,528,951.2,0,22.9,13.7,1009,0,0,0,91,92,23.3,6.2,70,69.5
30/05/2025 19:59,23.3,17.1,54.8,951.2,528,951.3,0,22.9,13.7,1008,0,0,0,91,92,23.3,6.2,70,69.5
30/05/2025 20:00,23.3,17.1,54.8,951.2,528,951.2,0,22.9,13.7,1009,0,0,0,91,91,23.3,6.2,70,69.5
30/05/2025 20:00,23.3,17.1,54.9,951.2,528,951.3,0,22.9,13.7,1007,0,0,0,91,91,23.3,6.2,70,69.4
30/05/2025 20:01,23.3,17.1,54.8,951,528,951.1,0,22.9,13.7,1010,0,0,0,91,92,23.3,6.2,70,69.5
30/05/2025 20:01,23.3,17.1,54.8,951.2,528,951.2,0,22.9,13.7,1008,0,0,0,92,92,23.3,6.2,70,69.4
30/05/2025 20:02,23.3,17.1,54.8,951.2,528,951.3,0,22.9,13.7,1007,0,0,0,92,93,23.3,6.2,70,69.4
30/05/2025 20:02,23.3,17.1,54.8,951.2,528,951.3,0,22.9,13.7,1007,0,0,0,92,92,23.3,6.2,70,69.4
30/05/2025 20:03,23.3,17.1,54.8,951.2,528,951.2,0,22.9,13.7,1008,0,0,0,91,92,23.3,6.2,70,69.4
30/05/2025 20:03,23.3,17.1,54.8,951.2,526,951.3,0,22.9,13.7,1007,0,0,0,92,92,23.3,6.2,70,69.4
30/05/2025 20:04,23.3,17.1,54.8,951.2,526,951.3,0,22.9,13.7,1007,0,0,0,92,92,23.3,6.2,70,69.4
30/05/2025 20:04,23.3,17.1,54.8,951.2,528,951.2,0,22.9,13.7,1008,0,0,0,91,91,23.3,6.2,70,69.4
30/05/2025 20:05,23.3,17.1,54.8,951.2,528,951.2,0,22.9,13.7,1008,0,0,0,91,92,23.3,6.2,70,69.4
30/05/2025 20:05,23.3,17.1,54.8,951.2,528,951.2,0,22.9,13.7,1008,0,0,0,92,92,23.3,6.2,70,69.4
30/05/2025 20:06,23.3,17.1,54.8,951.2,528,951.2,0,22.9,13.7,1008,0,0,0,91,91,23.3,6.2,70,69.4
30/05/2025 20:06,23.3,17.1,54.8,951.2,528,951.2,0,22.9,13.7,1008,0,0,0,91,92,23.3,6.2,70,69.4
30/05/2025 20:07,23.3,17.1,54.8,951.2,528,951.2,0,22.9,13.7,1008,0,0,0,91,92,23.3,6.2,70,69.4
30/05/2025 20:07,23.3,17.1,54.8,951.2,528,951.3,0,22.9,13.7,1007,0,0,0,92,92,23.3,6.2,70,69.4
30/05/2025 20:08,23.3,17.1,54.8,951.2,528,951.2,0,22.9,13.7,1008,0,0,0,91,91,23.3,6.2,70,69.4
30/05/2025 20:08,23.3,17.1,54.8,951.2,528,951.3,0,22.9,13.7,1007,0,0,0,92,92,23.3,6.2,70,69.4
30/05/2025 20:09,23.3,17.1,54.8,951.2,528,951.2,0,22.9,13.7,1008,0,0,0,91,92,23.3,6.2,70,69.4
30/05/2025 20:09,23.3,17.1,54.8,951.2,528,951.2,0,22.9,13.7,1008,0,0,0,92,92,23.3,6.2,70,69.4
30/05/2025 20:10,23.3,17.1,54.8,951.2,528,951.3,0,22.9,13.7,1007,0,0,0,91,92,23.3,6.2,70,69.4
30/05/2025 20:10,23.3,17.1,54.8,951.2,528,951.3,0,22.9,13.7,1007,0,0,0,91,92,23.3,6.2,70,69.4
30/05/2025 20:11,23.3,17.1,54.8,951.2,528,951.3,0,22.9,13.7,1007,0,0,0,92,93,23.3,6.2,70,69.4
30/05/2025 20:11,23.3,17.1,54.8,951.2,528,951.2,0,22.9,13.7,1008,0,0,0,92,92,23.3,6.2,70,69.4
30/05/2025 20:12,23.3,17.1,54.9,951.2,528,951.2,0,22.9,13.7,1008,0,0,0,91,92,23.3,6.2,70,69.4
30/05/2025 20:12,23.3,17.1,54.7,951.2,528,951.3,0,22.9,13.7,1008,0,0,0,91,92,23.3,6.2,70,69.5
30/05/2025 20:13,23.3,17.1,54.8,951.2,528,951.3,0,22.9,13.7,1008,0,0,0,91,91,23.3,6.2,70,69.5
30/05/2025 20:13,23.3,17.1,54.8,951.2,528,951.2,0,22.9,13.7,1009,0,0,0,91,92,23.3,6.2,70,69.5
30/05/2025 20:14,23.3,17.1,54.8,951.2,528,951.2,0,22.9,13.7,1009,0,0,0,91,91,23.3,6.2,70,69.5
30/05/2025 20:14,23.3,17.1,54.8,951.2,526,951.3,0,22.9,13.7,1008,0,0,0,92,92,23.3,6.2,70,69.5
30/05/2025 20:15,23.3,17.1,54.8,951.2,528,951.2,0,22.9,13.7,1009,0,0,0,92,92,23.3,6.2,70,69.5
30/05/2025 20:15,23.3,17.1,54.9,951.2,528,951.3,0,22.9,13.8,1008,0,0,0,92,92,23.3,6.2,70,69.5
30/05/2025 20:16,23.4,17.2,54.8,951.2,528,951.2,0,22.9,13.8,1010,0,0,0,92,92,23.3,6.1,70,69.5
30/05/2025 20:16,23.3,17.1,54.9,951.2,528,951.3,0,22.9,13.8,1008,0,0,0,92,92,23.3,6.2,70,69.5
30/05/2025 20:17,23.4,17.2,54.8,951.2,526,951.3,0,22.9,13.8,1009,0,0,0,92,92,23.3,6.1,70,69.5
30/05/2025 20:17,23.4,17.2,54.9,951.2,528,951.2,0,22.9,13.8,1010,0,0,0,91,92,23.3,6.1,70,69.5
30/05/2025 20:18,23.4,17.2,54.9,951.2,526,951.3,0,22.9,13.8,1009,0,0,0,92,92,23.3,6.1,70,69.5
30/05/2025 20:18,23.4,17.2,54.9,951.2,528,951.3,0,22.9,13.8,1009,0,0,0,92,92,23.3,6.1,70,69.5
30/05/2025 20:19,23.4,17.2,54.9,951.2,526,951.3,0,22.9,13.8,1009,0,0,0,91,91,23.3,6.1,70,69.5
30/05/2025 20:19,23.4,17.2,54.9,951.2,526,951.3,0,22.9,13.8,1009,0,0,0,91,92,23.3,6.2,70.1,69.5
30/05/2025 20:20,23.4,17.2,54.9,951.4,526,951.4,0,22.9,13.8,1008,0,0,0,91,92,23.3,6.2,70.1,69.5
30/05/2025 20:20,23.4,17.2,54.9,951.2,526,951.3,0,22.9,13.8,1009,0,0,0,91,92,23.3,6.2,70.1,69.5
30/05/2025 20:21,23.4,16.4,50.3,951.2,528,951.3,0,22.8,12.4,1004,0,0,0,232,232,23.3,7,69.7,69.1
30/05/2025 20:21,23.6,16.1,47.3,951.2,528,951.3,0,22.8,11.7,1007,0,0,0,229,230,23.5,7.5,69.6,69
30/05/2025 20:22,23.6,15.9,45.9,951.2,528,951.3,0,22.8,11.3,1007,0,0,0,231,231,23.6,7.7,69.6,68.9
30/05/2025 20:22,23.6,15.8,45.1,951.2,528,951.3,0,22.8,11.1,1008,0,0,0,230,231,23.6,7.8,69.6,68.8
30/05/2025 20:23,23.7,15.8,45,951.2,526,951.3,0,22.8,11.1,1010,0,0,0,230,231,23.6,7.9,69.6,68.9
30/05/2025 20:23,23.7,15.8,44.6,951.2,526,951.3,0,22.8,10.9,1010,0,0,0,231,231,23.7,7.9,69.6,68.8
30/05/2025 20:24,23.8,15.8,44.6,951.2,526,951.3,0,22.9,11,1014,0,0,0,230,231,23.8,8,69.7,69
30/05/2025 20:24,23.9,15.8,44.2,951.2,526,951.3,0,23,11,1018,0,0,0,231,231,23.9,8.1,69.8,69.1
30/05/2025 20:25,24,15.8,43.7,951.2,526,951.3,0,23,10.9,1021,0,0,0,230,231,24,8.2,69.9,69.2
